Record Type,Internal Name,Display Name,Category,Base Class,Spawn Status,NPC Slots,Runtime Slot Overrides,Life Max,Damage,Defense,NPC.boss,Friendly,Town NPC,Rule Method,Rule Weight,Progression,Biome,Depth,Time,Random Gate,Water,Conditions,Source File,Source Line
NPC Spawn Rule,AbandonedStump,Abandoned Stump,Enemies,ModNPC,Natural spawn rules,1,—,500,40,30,No,No,No,SpawnChance,1.3f,Pre-Hardmode + Hardmode + SuperHardmode,General / Custom,Any / condition-defined depth,Day,—,Unspecified,"(Main.dayTime && NPC.CountNPCS(ModContent.NPCType<AbandonedStump>()) < 2 && TileID.Sets.Conversion.Grass[spawnInfo.SpawnTileType] && ((Main.tile[spawnInfo.SpawnTileX, spawnInfo.SpawnTileY - 5].WallType == WallID.None || Main.tile[spawnInfo.SpawnTileX, spawnInfo.SpawnTileY - 8].WallType == WallID.None || Main.tile[spawnInfo.SpawnTileX, spawnInfo.SpawnTileY - 12].WallType == WallID.None) || Main.tile[spawnInfo.SpawnTileX, spawnInfo.SpawnTileY - 2].WallType == WallID.MudUnsafe) && !(spawnInfo.Player.ZoneCorrupt || spawnInfo.Player.ZoneCrimson || spawnInfo.Player.ZoneDesert || spawnInfo.Player.ZoneHallow || spawnInfo.Player.ZoneJungle || spawnInfo.Player.ZoneMeteor) && Main.tile[spawnInfo.SpawnTileX + 1, spawnInfo.SpawnTileY].TileType == TileID.Grass && !Main.tile[spawnInfo.SpawnTileX + 1, spawnInfo.SpawnTileY].IsHalfBlock && !Main.tile[spawnInfo.SpawnTileX + 1, spawnInfo.SpawnTileY].RightSlope && Main.tile[spawnInfo.SpawnTileX + 1, spawnInfo.SpawnTileY - 1].TileType != TileID.Grass && Main.tile[spawnInfo.SpawnTileX + 1, spawnInfo.SpawnTileY - 1].TileType != TileID.Dirt && !Main.tile[spawnInfo.SpawnTileX + 1, spawnInfo.SpawnTileY - 1].IsHalfBlock && !Main.tile[spawnInfo.SpawnTileX + 1, spawnInfo.SpawnTileY - 1].LeftSlope && !Main.tile[spawnInfo.SpawnTileX, spawnInfo.SpawnTileY].IsHalfBlock && !Main.tile[spawnInfo.SpawnTileX, spawnInfo.SpawnTileY].RightSlope && !Main.tile[spawnInfo.SpawnTileX, spawnInfo.SpawnTileY].LeftSlope)",NPCs/Enemies/AbandonedStump.cs,80
NPC Spawn Rule,AbandonedStump,Abandoned Stump,Enemies,ModNPC,Natural spawn rules,1,—,500,40,30,No,No,No,SpawnChance,0,Pre-Hardmode + Hardmode + SuperHardmode,General / Custom,Any / condition-defined depth,Day and night / unspecified,—,Unspecified,"(!(Main.dayTime && NPC.CountNPCS(ModContent.NPCType<AbandonedStump>()) < 2 && TileID.Sets.Conversion.Grass[spawnInfo.SpawnTileType] && ((Main.tile[spawnInfo.SpawnTileX, spawnInfo.SpawnTileY - 5].WallType == WallID.None || Main.tile[spawnInfo.SpawnTileX, spawnInfo.SpawnTileY - 8].WallType == WallID.None || Main.tile[spawnInfo.SpawnTileX, spawnInfo.SpawnTileY - 12].WallType == WallID.None) || Main.tile[spawnInfo.SpawnTileX, spawnInfo.SpawnTileY - 2].WallType == WallID.MudUnsafe) && !(spawnInfo.Player.ZoneCorrupt || spawnInfo.Player.ZoneCrimson || spawnInfo.Player.ZoneDesert || spawnInfo.Player.ZoneHallow || spawnInfo.Player.ZoneJungle || spawnInfo.Player.ZoneMeteor) && Main.tile[spawnInfo.SpawnTileX + 1, spawnInfo.SpawnTileY].TileType == TileID.Grass && !Main.tile[spawnInfo.SpawnTileX + 1, spawnInfo.SpawnTileY].IsHalfBlock && !Main.tile[spawnInfo.SpawnTileX + 1, spawnInfo.SpawnTileY].RightSlope && Main.tile[spawnInfo.SpawnTileX + 1, spawnInfo.SpawnTileY - 1].TileType != TileID.Grass && Main.tile[spawnInfo.SpawnTileX + 1, spawnInfo.SpawnTileY - 1].TileType != TileID.Dirt && !Main.tile[spawnInfo.SpawnTileX + 1, spawnInfo.SpawnTileY - 1].IsHalfBlock && !Main.tile[spawnInfo.SpawnTileX + 1, spawnInfo.SpawnTileY - 1].LeftSlope && !Main.tile[spawnInfo.SpawnTileX, spawnInfo.SpawnTileY].IsHalfBlock && !Main.tile[spawnInfo.SpawnTileX, spawnInfo.SpawnTileY].RightSlope && !Main.tile[spawnInfo.SpawnTileX, spawnInfo.SpawnTileY].LeftSlope))",NPCs/Enemies/AbandonedStump.cs,82
NPC,AbysmalOolacileSorcerer,Grand Occultist of Oolacile,Bosses,ModNPC,No natural spawn method,10,—,230000,0,80,Yes,No,No,None,—,—,—,—,—,—,—,—,NPCs/Bosses/SuperHardMode/AbysmalOolacileSorcerer.cs,21
NPC,AbysmalOolacileSorcererTEST,Abysmal Oolacile Sorcerer T E S T,Bosses,ModNPC,No natural spawn method,1500f,—,195000,100,75,Yes,No,No,None,—,—,—,—,—,—,—,—,NPCs/Bosses/SuperHardMode/AbysmalOolacileSorcererTEST.cs,24
NPC,AbyssCataclysm,Abyss Cataclysm,Special,ModNPC,No natural spawn method,10,—,300000,—,38,No,No,No,None,—,—,—,—,—,—,—,—,NPCs/Special/AbyssCataclysm.cs,12
NPC,AbyssFracture,Abyss Fracture,Special,ModNPC,No natural spawn method,10,—,300000,—,38,No,No,No,None,—,—,—,—,—,—,—,—,NPCs/Special/AbyssFracture.cs,14
NPC Spawn Rule,AbyssLurker,Abyssal Strider,Enemies,ModNPC,Natural spawn rules,3,—,1600,70,90,No,No,No,SpawnChance,0,Pre-Hardmode + Hardmode + SuperHardmode,General / Custom,Any / condition-defined depth,Day and night / unspecified,—,Unspecified,(spawnInfo.Invasion),NPCs/Enemies/SuperHardMode/AbyssLurker.cs,76
NPC Spawn Rule,AbyssLurker,Abyssal Strider,Enemies,ModNPC,Natural spawn rules,3,—,1600,70,90,No,No,No,SpawnChance,0f,Pre-Hardmode + Hardmode + SuperHardmode,General / Custom,Any / condition-defined depth,Day and night / unspecified,—,Required,(!(spawnInfo.Invasion)) && (spawnInfo.Water),NPCs/Enemies/SuperHardMode/AbyssLurker.cs,79
NPC Spawn Rule,AbyssLurker,Abyssal Strider,Enemies,ModNPC,Natural spawn rules,3,—,1600,70,90,No,No,No,SpawnChance,1,SuperHardmode,Corruption + Crimson,Any / condition-defined depth,Day and night / unspecified,1/10,Excluded,(!(spawnInfo.Invasion)) && (!(spawnInfo.Water)) && (tsorcRevampWorld.SuperHardMode && (spawnInfo.Player.ZoneCorrupt || spawnInfo.Player.ZoneCrimson) && Main.rand.NextBool(10)),NPCs/Enemies/SuperHardMode/AbyssLurker.cs,81
NPC Spawn Rule,AbyssLurker,Abyssal Strider,Enemies,ModNPC,Natural spawn rules,3,—,1600,70,90,No,No,No,SpawnChance,1,SuperHardmode,Underworld,Underworld,Day and night / unspecified,1/5,Excluded,(!(spawnInfo.Invasion)) && (!(spawnInfo.Water)) && (!(tsorcRevampWorld.SuperHardMode && (spawnInfo.Player.ZoneCorrupt || spawnInfo.Player.ZoneCrimson) && Main.rand.NextBool(10))) && (tsorcRevampWorld.SuperHardMode && spawnInfo.Player.ZoneUnderworldHeight && Main.rand.NextBool(5)),NPCs/Enemies/SuperHardMode/AbyssLurker.cs,83
NPC Spawn Rule,AbyssLurker,Abyssal Strider,Enemies,ModNPC,Natural spawn rules,3,—,1600,70,90,No,No,No,SpawnChance,0,Pre-Hardmode + Hardmode + SuperHardmode,General / Custom,Any / condition-defined depth,Day and night / unspecified,—,Excluded,(!(spawnInfo.Invasion)) && (!(spawnInfo.Water)) && (!(tsorcRevampWorld.SuperHardMode && (spawnInfo.Player.ZoneCorrupt || spawnInfo.Player.ZoneCrimson) && Main.rand.NextBool(10))) && (!(tsorcRevampWorld.SuperHardMode && spawnInfo.Player.ZoneUnderworldHeight && Main.rand.NextBool(5))),NPCs/Enemies/SuperHardMode/AbyssLurker.cs,84
NPC,AbyssPortal,Abyssal Fissure,Special,ModNPC,No natural spawn method,10,—,300000,—,38,No,No,No,None,—,—,—,—,—,—,—,—,NPCs/Special/AbyssPortal.cs,11
NPC,AncestralSpirit,Ancestral Spirit,Bosses,ModNPC,No natural spawn method,1,—,—,—,—,No,No,No,None,—,—,—,—,—,—,—,—,NPCs/Bosses/AncestralSpirit.cs,13
NPC,AncientDemon,Defiled Demon of the Forgotten City,Bosses,ModNPC,No natural spawn method,1,—,10000,27,15,Yes,No,No,None,—,—,—,—,—,—,—,—,NPCs/Bosses/AncientDemon.cs,16
NPC Spawn Rule,AncientDemonOfTheAbyss,Great Demon of the Abyss,Enemies,ModNPC,Natural spawn rules,10,—,15000,110,70,No,No,No,SpawnChance,(0.0005f) * (2),SuperHardmode,Underworld,Underworld,Day and night / unspecified,—,Unspecified,(tsorcRevampWorld.SuperHardMode) && (spawnInfo.Player.ZoneUnderworldHeight) && (((spawnInfo.Player.position.X < Main.maxTilesX * 0.3f) || (spawnInfo.Player.position.X > Main.maxTilesX * 0.7f))) && ((spawnInfo.Player.position.Y >= (Main.maxTilesY * 0.6f) && !spawnInfo.Player.ZoneUnderworldHeight)) && (Main.bloodMoon),NPCs/Enemies/SuperHardMode/AncientDemonOfTheAbyss.cs,98
NPC Spawn Rule,AncientDemonOfTheAbyss,Great Demon of the Abyss,Enemies,ModNPC,Natural spawn rules,10,—,15000,110,70,No,No,No,SpawnChance,0.0005f,SuperHardmode,Underworld,Underworld,Day and night / unspecified,—,Unspecified,(tsorcRevampWorld.SuperHardMode) && (spawnInfo.Player.ZoneUnderworldHeight) && (((spawnInfo.Player.position.X < Main.maxTilesX * 0.3f) || (spawnInfo.Player.position.X > Main.maxTilesX * 0.7f))) && ((spawnInfo.Player.position.Y >= (Main.maxTilesY * 0.6f) && !spawnInfo.Player.ZoneUnderworldHeight)) && (!(Main.bloodMoon)),NPCs/Enemies/SuperHardMode/AncientDemonOfTheAbyss.cs,98
NPC Spawn Rule,AncientDemonOfTheAbyss,Great Demon of the Abyss,Enemies,ModNPC,Natural spawn rules,10,—,15000,110,70,No,No,No,SpawnChance,((0.001f) * (2)) * (2),SuperHardmode,Underworld,Underworld,Day and night / unspecified,—,Unspecified,(tsorcRevampWorld.SuperHardMode) && (spawnInfo.Player.ZoneUnderworldHeight) && (((spawnInfo.Player.position.X < Main.maxTilesX * 0.3f) || (spawnInfo.Player.position.X > Main.maxTilesX * 0.7f))) && (!((spawnInfo.Player.position.Y >= (Main.maxTilesY * 0.6f) && !spawnInfo.Player.ZoneUnderworldHeight))) && (Main.bloodMoon),NPCs/Enemies/SuperHardMode/AncientDemonOfTheAbyss.cs,98
NPC Spawn Rule,AncientDemonOfTheAbyss,Great Demon of the Abyss,Enemies,ModNPC,Natural spawn rules,10,—,15000,110,70,No,No,No,SpawnChance,(0.001f) * (2),SuperHardmode,Underworld,Underworld,Day and night / unspecified,—,Unspecified,(tsorcRevampWorld.SuperHardMode) && (spawnInfo.Player.ZoneUnderworldHeight) && (((spawnInfo.Player.position.X < Main.maxTilesX * 0.3f) || (spawnInfo.Player.position.X > Main.maxTilesX * 0.7f))) && (!((spawnInfo.Player.position.Y >= (Main.maxTilesY * 0.6f) && !spawnInfo.Player.ZoneUnderworldHeight))) && (!(Main.bloodMoon)),NPCs/Enemies/SuperHardMode/AncientDemonOfTheAbyss.cs,98
NPC Spawn Rule,AncientDemonOfTheAbyss,Great Demon of the Abyss,Enemies,ModNPC,Natural spawn rules,10,—,15000,110,70,No,No,No,SpawnChance,(0.0005f) * (2),SuperHardmode,Underworld,Underworld,Day and night / unspecified,—,Unspecified,(tsorcRevampWorld.SuperHardMode) && (spawnInfo.Player.ZoneUnderworldHeight) && (!(((spawnInfo.Player.position.X < Main.maxTilesX * 0.3f) || (spawnInfo.Player.position.X > Main.maxTilesX * 0.7f)))) && ((spawnInfo.Player.position.Y >= (Main.maxTilesY * 0.6f) && !spawnInfo.Player.ZoneUnderworldHeight)) && (Main.bloodMoon),NPCs/Enemies/SuperHardMode/AncientDemonOfTheAbyss.cs,98
NPC Spawn Rule,AncientDemonOfTheAbyss,Great Demon of the Abyss,Enemies,ModNPC,Natural spawn rules,10,—,15000,110,70,No,No,No,SpawnChance,0.0005f,SuperHardmode,Underworld,Underworld,Day and night / unspecified,—,Unspecified,(tsorcRevampWorld.SuperHardMode) && (spawnInfo.Player.ZoneUnderworldHeight) && (!(((spawnInfo.Player.position.X < Main.maxTilesX * 0.3f) || (spawnInfo.Player.position.X > Main.maxTilesX * 0.7f)))) && ((spawnInfo.Player.position.Y >= (Main.maxTilesY * 0.6f) && !spawnInfo.Player.ZoneUnderworldHeight)) && (!(Main.bloodMoon)),NPCs/Enemies/SuperHardMode/AncientDemonOfTheAbyss.cs,98
NPC Spawn Rule,AncientDemonOfTheAbyss,Great Demon of the Abyss,Enemies,ModNPC,Natural spawn rules,10,—,15000,110,70,No,No,No,SpawnChance,(0.001f) * (2),SuperHardmode,Underworld,Underworld,Day and night / unspecified,—,Unspecified,(tsorcRevampWorld.SuperHardMode) && (spawnInfo.Player.ZoneUnderworldHeight) && (!(((spawnInfo.Player.position.X < Main.maxTilesX * 0.3f) || (spawnInfo.Player.position.X > Main.maxTilesX * 0.7f)))) && (!((spawnInfo.Player.position.Y >= (Main.maxTilesY * 0.6f) && !spawnInfo.Player.ZoneUnderworldHeight))) && (Main.bloodMoon),NPCs/Enemies/SuperHardMode/AncientDemonOfTheAbyss.cs,98
NPC Spawn Rule,AncientDemonOfTheAbyss,Great Demon of the Abyss,Enemies,ModNPC,Natural spawn rules,10,—,15000,110,70,No,No,No,SpawnChance,0.001f,SuperHardmode,Underworld,Underworld,Day and night / unspecified,—,Unspecified,(tsorcRevampWorld.SuperHardMode) && (spawnInfo.Player.ZoneUnderworldHeight) && (!(((spawnInfo.Player.position.X < Main.maxTilesX * 0.3f) || (spawnInfo.Player.position.X > Main.maxTilesX * 0.7f)))) && (!((spawnInfo.Player.position.Y >= (Main.maxTilesY * 0.6f) && !spawnInfo.Player.ZoneUnderworldHeight))) && (!(Main.bloodMoon)),NPCs/Enemies/SuperHardMode/AncientDemonOfTheAbyss.cs,98
NPC Spawn Rule,AncientDemonOfTheAbyss,Great Demon of the Abyss,Enemies,ModNPC,Natural spawn rules,10,—,15000,110,70,No,No,No,SpawnChance,(0.0005f) * (2),SuperHardmode,General / Custom,Any / condition-defined depth,Day and night / unspecified,—,Unspecified,(tsorcRevampWorld.SuperHardMode) && (!(spawnInfo.Player.ZoneUnderworldHeight)) && ((spawnInfo.Player.position.Y >= (Main.maxTilesY * 0.6f) && !spawnInfo.Player.ZoneUnderworldHeight)) && (Main.bloodMoon),NPCs/Enemies/SuperHardMode/AncientDemonOfTheAbyss.cs,98
NPC Spawn Rule,AncientDemonOfTheAbyss,Great Demon of the Abyss,Enemies,ModNPC,Natural spawn rules,10,—,15000,110,70,No,No,No,SpawnChance,0.0005f,SuperHardmode,General / Custom,Any / condition-defined depth,Day and night / unspecified,—,Unspecified,(tsorcRevampWorld.SuperHardMode) && (!(spawnInfo.Player.ZoneUnderworldHeight)) && ((spawnInfo.Player.position.Y >= (Main.maxTilesY * 0.6f) && !spawnInfo.Player.ZoneUnderworldHeight)) && (!(Main.bloodMoon)),NPCs/Enemies/SuperHardMode/AncientDemonOfTheAbyss.cs,98
NPC Spawn Rule,AncientDemonOfTheAbyss,Great Demon of the Abyss,Enemies,ModNPC,Natural spawn rules,10,—,15000,110,70,No,No,No,SpawnChance,(0) * (2),SuperHardmode,General / Custom,Any / condition-defined depth,Day and night / unspecified,—,Unspecified,(tsorcRevampWorld.SuperHardMode) && (!(spawnInfo.Player.ZoneUnderworldHeight)) && (!((spawnInfo.Player.position.Y >= (Main.maxTilesY * 0.6f) && !spawnInfo.Player.ZoneUnderworldHeight))) && (Main.bloodMoon),NPCs/Enemies/SuperHardMode/AncientDemonOfTheAbyss.cs,98
NPC Spawn Rule,AncientDemonOfTheAbyss,Great Demon of the Abyss,Enemies,ModNPC,Natural spawn rules,10,—,15000,110,70,No,No,No,SpawnChance,0,SuperHardmode,General / Custom,Any / condition-defined depth,Day and night / unspecified,—,Unspecified,(tsorcRevampWorld.SuperHardMode) && (!(spawnInfo.Player.ZoneUnderworldHeight)) && (!((spawnInfo.Player.position.Y >= (Main.maxTilesY * 0.6f) && !spawnInfo.Player.ZoneUnderworldHeight))) && (!(Main.bloodMoon)),NPCs/Enemies/SuperHardMode/AncientDemonOfTheAbyss.cs,98
NPC Spawn Rule,AncientDemonOfTheAbyss,Great Demon of the Abyss,Enemies,ModNPC,Natural spawn rules,10,—,15000,110,70,No,No,No,SpawnChance,(0) * (2),Pre-Hardmode + Hardmode,General / Custom,Any / condition-defined depth,Day and night / unspecified,—,Unspecified,(!(tsorcRevampWorld.SuperHardMode)) && (Main.bloodMoon),NPCs/Enemies/SuperHardMode/AncientDemonOfTheAbyss.cs,98
NPC Spawn Rule,AncientDemonOfTheAbyss,Great Demon of the Abyss,Enemies,ModNPC,Natural spawn rules,10,—,15000,110,70,No,No,No,SpawnChance,0,Pre-Hardmode + Hardmode,General / Custom,Any / condition-defined depth,Day and night / unspecified,—,Unspecified,(!(tsorcRevampWorld.SuperHardMode)) && (!(Main.bloodMoon)),NPCs/Enemies/SuperHardMode/AncientDemonOfTheAbyss.cs,98
NPC,AncientOolacileDemon,Ancient Oolacile Demon,Bosses,ModNPC,No natural spawn method,1,—,4800,46,18,Yes,No,No,None,—,—,—,—,—,—,—,—,NPCs/Bosses/AncientOolacileDemon.cs,16
NPC Spawn Rule,Archdeacon,Archdeacon,Enemies,ModNPC,Natural spawn rules,3,—,500,0,20,No,No,No,SpawnChance,0.3f,Hardmode,Sky,Sky,Day and night / unspecified,—,Unspecified,"(spawnInfo.Player.ZoneSkyHeight && (Main.tile[spawnInfo.SpawnTileX, spawnInfo.SpawnTileY].WallType == WallID.MeteoriteBrick || Main.tile[spawnInfo.SpawnTileX, spawnInfo.SpawnTileY].WallType == WallID.Glass) && Main.hardMode && !tsorcRevampWorld.SuperHardMode && !tsorcRevampWorld.NewSlain.ContainsKey(new NPCDefinition(ModContent.NPCType<NPCs.Bosses.WyvernMage.WyvernMage>())))",NPCs/Enemies/Archdeacon.cs,49
NPC Spawn Rule,Archdeacon,Archdeacon,Enemies,ModNPC,Natural spawn rules,3,—,500,0,20,No,No,No,SpawnChance,0.01f,Hardmode,Sky,Sky,Day and night / unspecified,—,Unspecified,"(!(spawnInfo.Player.ZoneSkyHeight && (Main.tile[spawnInfo.SpawnTileX, spawnInfo.SpawnTileY].WallType == WallID.MeteoriteBrick || Main.tile[spawnInfo.SpawnTileX, spawnInfo.SpawnTileY].WallType == WallID.Glass) && Main.hardMode && !tsorcRevampWorld.SuperHardMode && !tsorcRevampWorld.NewSlain.ContainsKey(new NPCDefinition(ModContent.NPCType<NPCs.Bosses.WyvernMage.WyvernMage>())))) && (spawnInfo.Player.ZoneSkyHeight && (Main.tile[spawnInfo.SpawnTileX, spawnInfo.SpawnTileY].WallType == WallID.MeteoriteBrick || Main.tile[spawnInfo.SpawnTileX, spawnInfo.SpawnTileY].WallType == WallID.Glass) && Main.hardMode && !tsorcRevampWorld.SuperHardMode && tsorcRevampWorld.NewSlain.ContainsKey(new NPCDefinition(ModContent.NPCType<NPCs.Bosses.WyvernMage.WyvernMage>())))",NPCs/Enemies/Archdeacon.cs,51
NPC Spawn Rule,Archdeacon,Archdeacon,Enemies,ModNPC,Natural spawn rules,3,—,500,0,20,No,No,No,SpawnChance,0.2f,SuperHardmode,Sky,Sky,Day and night / unspecified,—,Unspecified,"(!(spawnInfo.Player.ZoneSkyHeight && (Main.tile[spawnInfo.SpawnTileX, spawnInfo.SpawnTileY].WallType == WallID.MeteoriteBrick || Main.tile[spawnInfo.SpawnTileX, spawnInfo.SpawnTileY].WallType == WallID.Glass) && Main.hardMode && !tsorcRevampWorld.SuperHardMode && !tsorcRevampWorld.NewSlain.ContainsKey(new NPCDefinition(ModContent.NPCType<NPCs.Bosses.WyvernMage.WyvernMage>())))) && (!(spawnInfo.Player.ZoneSkyHeight && (Main.tile[spawnInfo.SpawnTileX, spawnInfo.SpawnTileY].WallType == WallID.MeteoriteBrick || Main.tile[spawnInfo.SpawnTileX, spawnInfo.SpawnTileY].WallType == WallID.Glass) && Main.hardMode && !tsorcRevampWorld.SuperHardMode && tsorcRevampWorld.NewSlain.ContainsKey(new NPCDefinition(ModContent.NPCType<NPCs.Bosses.WyvernMage.WyvernMage>())))) && (spawnInfo.Player.ZoneSkyHeight && (Main.tile[spawnInfo.SpawnTileX, spawnInfo.SpawnTileY].WallType == WallID.MeteoriteBrick || Main.tile[spawnInfo.SpawnTileX, spawnInfo.SpawnTileY].WallType == WallID.Glass) && tsorcRevampWorld.SuperHardMode && tsorcRevampWorld.NewSlain.ContainsKey(new NPCDefinition(ModContent.NPCType<NPCs.Bosses.SuperHardMode.GhostWyvernMage.WyvernMageShadow>())))",NPCs/Enemies/Archdeacon.cs,53
NPC Spawn Rule,Archdeacon,Archdeacon,Enemies,ModNPC,Natural spawn rules,3,—,500,0,20,No,No,No,SpawnChance,0,Pre-Hardmode + Hardmode + SuperHardmode,General / Custom,Any / condition-defined depth,Day and night / unspecified,—,Unspecified,"(!(spawnInfo.Player.ZoneSkyHeight && (Main.tile[spawnInfo.SpawnTileX, spawnInfo.SpawnTileY].WallType == WallID.MeteoriteBrick || Main.tile[spawnInfo.SpawnTileX, spawnInfo.SpawnTileY].WallType == WallID.Glass) && Main.hardMode && !tsorcRevampWorld.SuperHardMode && !tsorcRevampWorld.NewSlain.ContainsKey(new NPCDefinition(ModContent.NPCType<NPCs.Bosses.WyvernMage.WyvernMage>())))) && (!(spawnInfo.Player.ZoneSkyHeight && (Main.tile[spawnInfo.SpawnTileX, spawnInfo.SpawnTileY].WallType == WallID.MeteoriteBrick || Main.tile[spawnInfo.SpawnTileX, spawnInfo.SpawnTileY].WallType == WallID.Glass) && Main.hardMode && !tsorcRevampWorld.SuperHardMode && tsorcRevampWorld.NewSlain.ContainsKey(new NPCDefinition(ModContent.NPCType<NPCs.Bosses.WyvernMage.WyvernMage>())))) && (!(spawnInfo.Player.ZoneSkyHeight && (Main.tile[spawnInfo.SpawnTileX, spawnInfo.SpawnTileY].WallType == WallID.MeteoriteBrick || Main.tile[spawnInfo.SpawnTileX, spawnInfo.SpawnTileY].WallType == WallID.Glass) && tsorcRevampWorld.SuperHardMode && tsorcRevampWorld.NewSlain.ContainsKey(new NPCDefinition(ModContent.NPCType<NPCs.Bosses.SuperHardMode.GhostWyvernMage.WyvernMageShadow>()))))",NPCs/Enemies/Archdeacon.cs,55
NPC Spawn Rule,ArmoredWraith,Unarmored Wraith,Enemies,ModNPC,Natural spawn rules,1,—,75,48,25,No,No,No,SpawnChance,.04f,Pre-Hardmode + Hardmode + SuperHardmode,Meteor,Surface or Underground or Caverns,Night,—,Unspecified,(spawnInfo.Player.ZoneMeteor && !Main.dayTime && spawnInfo.Player.ZoneOverworldHeight) && (spawnInfo.Player.ZoneMeteor && !Main.dayTime && spawnInfo.Player.ZoneDirtLayerHeight) && (spawnInfo.Player.ZoneMeteor && !Main.dayTime && spawnInfo.Player.ZoneRockLayerHeight),NPCs/Enemies/ArmoredWraith.cs,51
NPC Spawn Rule,ArmoredWraith,Unarmored Wraith,Enemies,ModNPC,Natural spawn rules,1,—,75,48,25,No,No,No,SpawnChance,.033f,Pre-Hardmode + Hardmode + SuperHardmode,Meteor,Surface or Underground,Night,—,Unspecified,(spawnInfo.Player.ZoneMeteor && !Main.dayTime && spawnInfo.Player.ZoneOverworldHeight) && (spawnInfo.Player.ZoneMeteor && !Main.dayTime && spawnInfo.Player.ZoneDirtLayerHeight) && (!(spawnInfo.Player.ZoneMeteor && !Main.dayTime && spawnInfo.Player.ZoneRockLayerHeight)),NPCs/Enemies/ArmoredWraith.cs,51
NPC Spawn Rule,ArmoredWraith,Unarmored Wraith,Enemies,ModNPC,Natural spawn rules,1,—,75,48,25,No,No,No,SpawnChance,.04f,Pre-Hardmode + Hardmode + SuperHardmode,Meteor,Surface or Caverns,Night,—,Unspecified,(spawnInfo.Player.ZoneMeteor && !Main.dayTime && spawnInfo.Player.ZoneOverworldHeight) && (!(spawnInfo.Player.ZoneMeteor && !Main.dayTime && spawnInfo.Player.ZoneDirtLayerHeight)) && (spawnInfo.Player.ZoneMeteor && !Main.dayTime && spawnInfo.Player.ZoneRockLayerHeight),NPCs/Enemies/ArmoredWraith.cs,51
NPC Spawn Rule,ArmoredWraith,Unarmored Wraith,Enemies,ModNPC,Natural spawn rules,1,—,75,48,25,No,No,No,SpawnChance,.04f,Pre-Hardmode + Hardmode + SuperHardmode,Meteor,Surface,Night,—,Unspecified,(spawnInfo.Player.ZoneMeteor && !Main.dayTime && spawnInfo.Player.ZoneOverworldHeight) && (!(spawnInfo.Player.ZoneMeteor && !Main.dayTime && spawnInfo.Player.ZoneDirtLayerHeight)) && (!(spawnInfo.Player.ZoneMeteor && !Main.dayTime && spawnInfo.Player.ZoneRockLayerHeight)),NPCs/Enemies/ArmoredWraith.cs,51
NPC Spawn Rule,ArmoredWraith,Unarmored Wraith,Enemies,ModNPC,Natural spawn rules,1,—,75,48,25,No,No,No,SpawnChance,.04f,Pre-Hardmode + Hardmode + SuperHardmode,Meteor,Underground or Caverns,Night,—,Unspecified,(!(spawnInfo.Player.ZoneMeteor && !Main.dayTime && spawnInfo.Player.ZoneOverworldHeight)) && (spawnInfo.Player.ZoneMeteor && !Main.dayTime && spawnInfo.Player.ZoneDirtLayerHeight) && (spawnInfo.Player.ZoneMeteor && !Main.dayTime && spawnInfo.Player.ZoneRockLayerHeight),NPCs/Enemies/ArmoredWraith.cs,51
NPC Spawn Rule,ArmoredWraith,Unarmored Wraith,Enemies,ModNPC,Natural spawn rules,1,—,75,48,25,No,No,No,SpawnChance,.033f,Pre-Hardmode + Hardmode + SuperHardmode,Meteor,Underground,Night,—,Unspecified,(!(spawnInfo.Player.ZoneMeteor && !Main.dayTime && spawnInfo.Player.ZoneOverworldHeight)) && (spawnInfo.Player.ZoneMeteor && !Main.dayTime && spawnInfo.Player.ZoneDirtLayerHeight) && (!(spawnInfo.Player.ZoneMeteor && !Main.dayTime && spawnInfo.Player.ZoneRockLayerHeight)),NPCs/Enemies/ArmoredWraith.cs,51
NPC Spawn Rule,ArmoredWraith,Unarmored Wraith,Enemies,ModNPC,Natural spawn rules,1,—,75,48,25,No,No,No,SpawnChance,.04f,Pre-Hardmode + Hardmode + SuperHardmode,Meteor,Caverns,Night,—,Unspecified,(!(spawnInfo.Player.ZoneMeteor && !Main.dayTime && spawnInfo.Player.ZoneOverworldHeight)) && (!(spawnInfo.Player.ZoneMeteor && !Main.dayTime && spawnInfo.Player.ZoneDirtLayerHeight)) && (spawnInfo.Player.ZoneMeteor && !Main.dayTime && spawnInfo.Player.ZoneRockLayerHeight),NPCs/Enemies/ArmoredWraith.cs,51
NPC Spawn Rule,ArmoredWraith,Unarmored Wraith,Enemies,ModNPC,Natural spawn rules,1,—,75,48,25,No,No,No,SpawnChance,0,Pre-Hardmode + Hardmode + SuperHardmode,General / Custom,Any / condition-defined depth,Day and night / unspecified,—,Unspecified,(!(spawnInfo.Player.ZoneMeteor && !Main.dayTime && spawnInfo.Player.ZoneOverworldHeight)) && (!(spawnInfo.Player.ZoneMeteor && !Main.dayTime && spawnInfo.Player.ZoneDirtLayerHeight)) && (!(spawnInfo.Player.ZoneMeteor && !Main.dayTime && spawnInfo.Player.ZoneRockLayerHeight)),NPCs/Enemies/ArmoredWraith.cs,51
NPC,Artorias,Artorias,Bosses,PuppetNPC,No natural spawn method,1,—,250000,0,75,Yes,No,No,None,—,—,—,—,—,—,—,—,NPCs/Bosses/SuperHardMode/Artorias.cs,25
NPC Spawn Rule,Assassin,Assassin,Enemies,ModNPC,Natural spawn rules,1,—,2000,80,60,No,No,No,SpawnChance,1f,Hardmode + SuperHardmode,Jungle,Any / condition-defined depth,Night,1/140,Unspecified,(Main.hardMode && !Main.dayTime && spawnInfo.Player.ZoneJungle && !spawnInfo.Player.ZoneOverworldHeight && !spawnInfo.Player.ZoneDungeon && !spawnInfo.Player.ZoneCorrupt && !spawnInfo.Player.ZoneCrimson && Main.rand.NextBool(140)),NPCs/Enemies/Assassin.cs,96
NPC Spawn Rule,Assassin,Assassin,Enemies,ModNPC,Natural spawn rules,1,—,2000,80,60,No,No,No,SpawnChance,1f,Hardmode + SuperHardmode,Jungle,Any / condition-defined depth,Night,1/200,Unspecified,(!(Main.hardMode && !Main.dayTime && spawnInfo.Player.ZoneJungle && !spawnInfo.Player.ZoneOverworldHeight && !spawnInfo.Player.ZoneDungeon && !spawnInfo.Player.ZoneCorrupt && !spawnInfo.Player.ZoneCrimson && Main.rand.NextBool(140))) && (Main.hardMode && !Main.dayTime && spawnInfo.Player.ZoneJungle && !spawnInfo.Player.ZoneDungeon && !spawnInfo.Player.ZoneCorrupt && !spawnInfo.Player.ZoneCrimson && Main.rand.NextBool(200)),NPCs/Enemies/Assassin.cs,101
NPC Spawn Rule,Assassin,Assassin,Enemies,ModNPC,Natural spawn rules,1,—,2000,80,60,No,No,No,SpawnChance,1f,Hardmode + SuperHardmode,Jungle,Any / condition-defined depth,Day,1/300,Unspecified,(!(Main.hardMode && !Main.dayTime && spawnInfo.Player.ZoneJungle && !spawnInfo.Player.ZoneOverworldHeight && !spawnInfo.Player.ZoneDungeon && !spawnInfo.Player.ZoneCorrupt && !spawnInfo.Player.ZoneCrimson && Main.rand.NextBool(140))) && (!(Main.hardMode && !Main.dayTime && spawnInfo.Player.ZoneJungle && !spawnInfo.Player.ZoneDungeon && !spawnInfo.Player.ZoneCorrupt && !spawnInfo.Player.ZoneCrimson && Main.rand.NextBool(200))) && (Main.hardMode && Main.dayTime && spawnInfo.Player.ZoneJungle && !spawnInfo.Player.ZoneDungeon && !spawnInfo.Player.ZoneCorrupt && !spawnInfo.Player.ZoneCrimson && Main.rand.NextBool(300)),NPCs/Enemies/Assassin.cs,106
NPC Spawn Rule,Assassin,Assassin,Enemies,ModNPC,Natural spawn rules,1,—,2000,80,60,No,No,No,SpawnChance,1f,Hardmode + SuperHardmode,Hallow + Snow + Desert + Dungeon,Any / condition-defined depth,Day and night / unspecified,1/200,Unspecified,(!(Main.hardMode && !Main.dayTime && spawnInfo.Player.ZoneJungle && !spawnInfo.Player.ZoneOverworldHeight && !spawnInfo.Player.ZoneDungeon && !spawnInfo.Player.ZoneCorrupt && !spawnInfo.Player.ZoneCrimson && Main.rand.NextBool(140))) && (!(Main.hardMode && !Main.dayTime && spawnInfo.Player.ZoneJungle && !spawnInfo.Player.ZoneDungeon && !spawnInfo.Player.ZoneCorrupt && !spawnInfo.Player.ZoneCrimson && Main.rand.NextBool(200))) && (!(Main.hardMode && Main.dayTime && spawnInfo.Player.ZoneJungle && !spawnInfo.Player.ZoneDungeon && !spawnInfo.Player.ZoneCorrupt && !spawnInfo.Player.ZoneCrimson && Main.rand.NextBool(300))) && (Main.hardMode && (spawnInfo.Player.ZoneDungeon || spawnInfo.Player.ZoneHallow || spawnInfo.Player.ZoneSnow || spawnInfo.Player.ZoneUndergroundDesert || spawnInfo.Player.ZoneDesert) && Main.rand.NextBool(200)),NPCs/Enemies/Assassin.cs,111
NPC Spawn Rule,Assassin,Assassin,Enemies,ModNPC,Natural spawn rules,1,—,2000,80,60,No,No,No,SpawnChance,1f,Hardmode + SuperHardmode,General / Custom,Surface,Night,1/300,Unspecified,(!(Main.hardMode && !Main.dayTime && spawnInfo.Player.ZoneJungle && !spawnInfo.Player.ZoneOverworldHeight && !spawnInfo.Player.ZoneDungeon && !spawnInfo.Player.ZoneCorrupt && !spawnInfo.Player.ZoneCrimson && Main.rand.NextBool(140))) && (!(Main.hardMode && !Main.dayTime && spawnInfo.Player.ZoneJungle && !spawnInfo.Player.ZoneDungeon && !spawnInfo.Player.ZoneCorrupt && !spawnInfo.Player.ZoneCrimson && Main.rand.NextBool(200))) && (!(Main.hardMode && Main.dayTime && spawnInfo.Player.ZoneJungle && !spawnInfo.Player.ZoneDungeon && !spawnInfo.Player.ZoneCorrupt && !spawnInfo.Player.ZoneCrimson && Main.rand.NextBool(300))) && (!(Main.hardMode && (spawnInfo.Player.ZoneDungeon || spawnInfo.Player.ZoneHallow || spawnInfo.Player.ZoneSnow || spawnInfo.Player.ZoneUndergroundDesert || spawnInfo.Player.ZoneDesert) && Main.rand.NextBool(200))) && (Main.hardMode && !Main.dayTime && spawnInfo.Player.ZoneOverworldHeight && Main.rand.NextBool(300)),NPCs/Enemies/Assassin.cs,116
NPC Spawn Rule,Assassin,Assassin,Enemies,ModNPC,Natural spawn rules,1,—,2000,80,60,No,No,No,SpawnChance,(0.001f) * (2),SuperHardmode,General / Custom,Underground or Caverns,Day and night / unspecified,—,Unspecified,(!(Main.hardMode && !Main.dayTime && spawnInfo.Player.ZoneJungle && !spawnInfo.Player.ZoneOverworldHeight && !spawnInfo.Player.ZoneDungeon && !spawnInfo.Player.ZoneCorrupt && !spawnInfo.Player.ZoneCrimson && Main.rand.NextBool(140))) && (!(Main.hardMode && !Main.dayTime && spawnInfo.Player.ZoneJungle && !spawnInfo.Player.ZoneDungeon && !spawnInfo.Player.ZoneCorrupt && !spawnInfo.Player.ZoneCrimson && Main.rand.NextBool(200))) && (!(Main.hardMode && Main.dayTime && spawnInfo.Player.ZoneJungle && !spawnInfo.Player.ZoneDungeon && !spawnInfo.Player.ZoneCorrupt && !spawnInfo.Player.ZoneCrimson && Main.rand.NextBool(300))) && (!(Main.hardMode && (spawnInfo.Player.ZoneDungeon || spawnInfo.Player.ZoneHallow || spawnInfo.Player.ZoneSnow || spawnInfo.Player.ZoneUndergroundDesert || spawnInfo.Player.ZoneDesert) && Main.rand.NextBool(200))) && (!(Main.hardMode && !Main.dayTime && spawnInfo.Player.ZoneOverworldHeight && Main.rand.NextBool(300))) && (tsorcRevampWorld.SuperHardMode) && (spawnInfo.Player.ZoneDirtLayerHeight) && (spawnInfo.Player.ZoneRockLayerHeight) && (Main.bloodMoon),NPCs/Enemies/Assassin.cs,137
NPC Spawn Rule,Assassin,Assassin,Enemies,ModNPC,Natural spawn rules,1,—,2000,80,60,No,No,No,SpawnChance,0.001f,SuperHardmode,General / Custom,Underground or Caverns,Day and night / unspecified,—,Unspecified,(!(Main.hardMode && !Main.dayTime && spawnInfo.Player.ZoneJungle && !spawnInfo.Player.ZoneOverworldHeight && !spawnInfo.Player.ZoneDungeon && !spawnInfo.Player.ZoneCorrupt && !spawnInfo.Player.ZoneCrimson && Main.rand.NextBool(140))) && (!(Main.hardMode && !Main.dayTime && spawnInfo.Player.ZoneJungle && !spawnInfo.Player.ZoneDungeon && !spawnInfo.Player.ZoneCorrupt && !spawnInfo.Player.ZoneCrimson && Main.rand.NextBool(200))) && (!(Main.hardMode && Main.dayTime && spawnInfo.Player.ZoneJungle && !spawnInfo.Player.ZoneDungeon && !spawnInfo.Player.ZoneCorrupt && !spawnInfo.Player.ZoneCrimson && Main.rand.NextBool(300))) && (!(Main.hardMode && (spawnInfo.Player.ZoneDungeon || spawnInfo.Player.ZoneHallow || spawnInfo.Player.ZoneSnow || spawnInfo.Player.ZoneUndergroundDesert || spawnInfo.Player.ZoneDesert) && Main.rand.NextBool(200))) && (!(Main.hardMode && !Main.dayTime && spawnInfo.Player.ZoneOverworldHeight && Main.rand.NextBool(300))) && (tsorcRevampWorld.SuperHardMode) && (spawnInfo.Player.ZoneDirtLayerHeight) && (spawnInfo.Player.ZoneRockLayerHeight) && (!(Main.bloodMoon)),NPCs/Enemies/Assassin.cs,137
NPC Spawn Rule,Assassin,Assassin,Enemies,ModNPC,Natural spawn rules,1,—,2000,80,60,No,No,No,SpawnChance,(0.002f) * (2),SuperHardmode,General / Custom,Underground,Day and night / unspecified,—,Unspecified,(!(Main.hardMode && !Main.dayTime && spawnInfo.Player.ZoneJungle && !spawnInfo.Player.ZoneOverworldHeight && !spawnInfo.Player.ZoneDungeon && !spawnInfo.Player.ZoneCorrupt && !spawnInfo.Player.ZoneCrimson && Main.rand.NextBool(140))) && (!(Main.hardMode && !Main.dayTime && spawnInfo.Player.ZoneJungle && !spawnInfo.Player.ZoneDungeon && !spawnInfo.Player.ZoneCorrupt && !spawnInfo.Player.ZoneCrimson && Main.rand.NextBool(200))) && (!(Main.hardMode && Main.dayTime && spawnInfo.Player.ZoneJungle && !spawnInfo.Player.ZoneDungeon && !spawnInfo.Player.ZoneCorrupt && !spawnInfo.Player.ZoneCrimson && Main.rand.NextBool(300))) && (!(Main.hardMode && (spawnInfo.Player.ZoneDungeon || spawnInfo.Player.ZoneHallow || spawnInfo.Player.ZoneSnow || spawnInfo.Player.ZoneUndergroundDesert || spawnInfo.Player.ZoneDesert) && Main.rand.NextBool(200))) && (!(Main.hardMode && !Main.dayTime && spawnInfo.Player.ZoneOverworldHeight && Main.rand.NextBool(300))) && (tsorcRevampWorld.SuperHardMode) && (spawnInfo.Player.ZoneDirtLayerHeight) && (!(spawnInfo.Player.ZoneRockLayerHeight)) && (Main.bloodMoon),NPCs/Enemies/Assassin.cs,137
NPC Spawn Rule,Assassin,Assassin,Enemies,ModNPC,Natural spawn rules,1,—,2000,80,60,No,No,No,SpawnChance,0.002f,SuperHardmode,General / Custom,Underground,Day and night / unspecified,—,Unspecified,(!(Main.hardMode && !Main.dayTime && spawnInfo.Player.ZoneJungle && !spawnInfo.Player.ZoneOverworldHeight && !spawnInfo.Player.ZoneDungeon && !spawnInfo.Player.ZoneCorrupt && !spawnInfo.Player.ZoneCrimson && Main.rand.NextBool(140))) && (!(Main.hardMode && !Main.dayTime && spawnInfo.Player.ZoneJungle && !spawnInfo.Player.ZoneDungeon && !spawnInfo.Player.ZoneCorrupt && !spawnInfo.Player.ZoneCrimson && Main.rand.NextBool(200))) && (!(Main.hardMode && Main.dayTime && spawnInfo.Player.ZoneJungle && !spawnInfo.Player.ZoneDungeon && !spawnInfo.Player.ZoneCorrupt && !spawnInfo.Player.ZoneCrimson && Main.rand.NextBool(300))) && (!(Main.hardMode && (spawnInfo.Player.ZoneDungeon || spawnInfo.Player.ZoneHallow || spawnInfo.Player.ZoneSnow || spawnInfo.Player.ZoneUndergroundDesert || spawnInfo.Player.ZoneDesert) && Main.rand.NextBool(200))) && (!(Main.hardMode && !Main.dayTime && spawnInfo.Player.ZoneOverworldHeight && Main.rand.NextBool(300))) && (tsorcRevampWorld.SuperHardMode) && (spawnInfo.Player.ZoneDirtLayerHeight) && (!(spawnInfo.Player.ZoneRockLayerHeight)) && (!(Main.bloodMoon)),NPCs/Enemies/Assassin.cs,137
NPC Spawn Rule,Assassin,Assassin,Enemies,ModNPC,Natural spawn rules,1,—,2000,80,60,No,No,No,SpawnChance,(0.001f) * (2),SuperHardmode,General / Custom,Caverns,Day and night / unspecified,—,Unspecified,(!(Main.hardMode && !Main.dayTime && spawnInfo.Player.ZoneJungle && !spawnInfo.Player.ZoneOverworldHeight && !spawnInfo.Player.ZoneDungeon && !spawnInfo.Player.ZoneCorrupt && !spawnInfo.Player.ZoneCrimson && Main.rand.NextBool(140))) && (!(Main.hardMode && !Main.dayTime && spawnInfo.Player.ZoneJungle && !spawnInfo.Player.ZoneDungeon && !spawnInfo.Player.ZoneCorrupt && !spawnInfo.Player.ZoneCrimson && Main.rand.NextBool(200))) && (!(Main.hardMode && Main.dayTime && spawnInfo.Player.ZoneJungle && !spawnInfo.Player.ZoneDungeon && !spawnInfo.Player.ZoneCorrupt && !spawnInfo.Player.ZoneCrimson && Main.rand.NextBool(300))) && (!(Main.hardMode && (spawnInfo.Player.ZoneDungeon || spawnInfo.Player.ZoneHallow || spawnInfo.Player.ZoneSnow || spawnInfo.Player.ZoneUndergroundDesert || spawnInfo.Player.ZoneDesert) && Main.rand.NextBool(200))) && (!(Main.hardMode && !Main.dayTime && spawnInfo.Player.ZoneOverworldHeight && Main.rand.NextBool(300))) && (tsorcRevampWorld.SuperHardMode) && (!(spawnInfo.Player.ZoneDirtLayerHeight)) && (spawnInfo.Player.ZoneRockLayerHeight) && (Main.bloodMoon),NPCs/Enemies/Assassin.cs,137
NPC Spawn Rule,Assassin,Assassin,Enemies,ModNPC,Natural spawn rules,1,—,2000,80,60,No,No,No,SpawnChance,0.001f,SuperHardmode,General / Custom,Caverns,Day and night / unspecified,—,Unspecified,(!(Main.hardMode && !Main.dayTime && spawnInfo.Player.ZoneJungle && !spawnInfo.Player.ZoneOverworldHeight && !spawnInfo.Player.ZoneDungeon && !spawnInfo.Player.ZoneCorrupt && !spawnInfo.Player.ZoneCrimson && Main.rand.NextBool(140))) && (!(Main.hardMode && !Main.dayTime && spawnInfo.Player.ZoneJungle && !spawnInfo.Player.ZoneDungeon && !spawnInfo.Player.ZoneCorrupt && !spawnInfo.Player.ZoneCrimson && Main.rand.NextBool(200))) && (!(Main.hardMode && Main.dayTime && spawnInfo.Player.ZoneJungle && !spawnInfo.Player.ZoneDungeon && !spawnInfo.Player.ZoneCorrupt && !spawnInfo.Player.ZoneCrimson && Main.rand.NextBool(300))) && (!(Main.hardMode && (spawnInfo.Player.ZoneDungeon || spawnInfo.Player.ZoneHallow || spawnInfo.Player.ZoneSnow || spawnInfo.Player.ZoneUndergroundDesert || spawnInfo.Player.ZoneDesert) && Main.rand.NextBool(200))) && (!(Main.hardMode && !Main.dayTime && spawnInfo.Player.ZoneOverworldHeight && Main.rand.NextBool(300))) && (tsorcRevampWorld.SuperHardMode) && (!(spawnInfo.Player.ZoneDirtLayerHeight)) && (spawnInfo.Player.ZoneRockLayerHeight) && (!(Main.bloodMoon)),NPCs/Enemies/Assassin.cs,137
NPC Spawn Rule,Assassin,Assassin,Enemies,ModNPC,Natural spawn rules,1,—,2000,80,60,No,No,No,SpawnChance,(0f) * (2),SuperHardmode,General / Custom,Any / condition-defined depth,Day and night / unspecified,—,Unspecified,(!(Main.hardMode && !Main.dayTime && spawnInfo.Player.ZoneJungle && !spawnInfo.Player.ZoneOverworldHeight && !spawnInfo.Player.ZoneDungeon && !spawnInfo.Player.ZoneCorrupt && !spawnInfo.Player.ZoneCrimson && Main.rand.NextBool(140))) && (!(Main.hardMode && !Main.dayTime && spawnInfo.Player.ZoneJungle && !spawnInfo.Player.ZoneDungeon && !spawnInfo.Player.ZoneCorrupt && !spawnInfo.Player.ZoneCrimson && Main.rand.NextBool(200))) && (!(Main.hardMode && Main.dayTime && spawnInfo.Player.ZoneJungle && !spawnInfo.Player.ZoneDungeon && !spawnInfo.Player.ZoneCorrupt && !spawnInfo.Player.ZoneCrimson && Main.rand.NextBool(300))) && (!(Main.hardMode && (spawnInfo.Player.ZoneDungeon || spawnInfo.Player.ZoneHallow || spawnInfo.Player.ZoneSnow || spawnInfo.Player.ZoneUndergroundDesert || spawnInfo.Player.ZoneDesert) && Main.rand.NextBool(200))) && (!(Main.hardMode && !Main.dayTime && spawnInfo.Player.ZoneOverworldHeight && Main.rand.NextBool(300))) && (tsorcRevampWorld.SuperHardMode) && (!(spawnInfo.Player.ZoneDirtLayerHeight)) && (!(spawnInfo.Player.ZoneRockLayerHeight)) && (Main.bloodMoon),NPCs/Enemies/Assassin.cs,137
NPC Spawn Rule,Assassin,Assassin,Enemies,ModNPC,Natural spawn rules,1,—,2000,80,60,No,No,No,SpawnChance,0f,SuperHardmode,General / Custom,Any / condition-defined depth,Day and night / unspecified,—,Unspecified,(!(Main.hardMode && !Main.dayTime && spawnInfo.Player.ZoneJungle && !spawnInfo.Player.ZoneOverworldHeight && !spawnInfo.Player.ZoneDungeon && !spawnInfo.Player.ZoneCorrupt && !spawnInfo.Player.ZoneCrimson && Main.rand.NextBool(140))) && (!(Main.hardMode && !Main.dayTime && spawnInfo.Player.ZoneJungle && !spawnInfo.Player.ZoneDungeon && !spawnInfo.Player.ZoneCorrupt && !spawnInfo.Player.ZoneCrimson && Main.rand.NextBool(200))) && (!(Main.hardMode && Main.dayTime && spawnInfo.Player.ZoneJungle && !spawnInfo.Player.ZoneDungeon && !spawnInfo.Player.ZoneCorrupt && !spawnInfo.Player.ZoneCrimson && Main.rand.NextBool(300))) && (!(Main.hardMode && (spawnInfo.Player.ZoneDungeon || spawnInfo.Player.ZoneHallow || spawnInfo.Player.ZoneSnow || spawnInfo.Player.ZoneUndergroundDesert || spawnInfo.Player.ZoneDesert) && Main.rand.NextBool(200))) && (!(Main.hardMode && !Main.dayTime && spawnInfo.Player.ZoneOverworldHeight && Main.rand.NextBool(300))) && (tsorcRevampWorld.SuperHardMode) && (!(spawnInfo.Player.ZoneDirtLayerHeight)) && (!(spawnInfo.Player.ZoneRockLayerHeight)) && (!(Main.bloodMoon)),NPCs/Enemies/Assassin.cs,137
NPC Spawn Rule,Assassin,Assassin,Enemies,ModNPC,Natural spawn rules,1,—,2000,80,60,No,No,No,SpawnChance,(0f) * (2),Pre-Hardmode + Hardmode,General / Custom,Any / condition-defined depth,Day and night / unspecified,—,Unspecified,(!(Main.hardMode && !Main.dayTime && spawnInfo.Player.ZoneJungle && !spawnInfo.Player.ZoneOverworldHeight && !spawnInfo.Player.ZoneDungeon && !spawnInfo.Player.ZoneCorrupt && !spawnInfo.Player.ZoneCrimson && Main.rand.NextBool(140))) && (!(Main.hardMode && !Main.dayTime && spawnInfo.Player.ZoneJungle && !spawnInfo.Player.ZoneDungeon && !spawnInfo.Player.ZoneCorrupt && !spawnInfo.Player.ZoneCrimson && Main.rand.NextBool(200))) && (!(Main.hardMode && Main.dayTime && spawnInfo.Player.ZoneJungle && !spawnInfo.Player.ZoneDungeon && !spawnInfo.Player.ZoneCorrupt && !spawnInfo.Player.ZoneCrimson && Main.rand.NextBool(300))) && (!(Main.hardMode && (spawnInfo.Player.ZoneDungeon || spawnInfo.Player.ZoneHallow || spawnInfo.Player.ZoneSnow || spawnInfo.Player.ZoneUndergroundDesert || spawnInfo.Player.ZoneDesert) && Main.rand.NextBool(200))) && (!(Main.hardMode && !Main.dayTime && spawnInfo.Player.ZoneOverworldHeight && Main.rand.NextBool(300))) && (!(tsorcRevampWorld.SuperHardMode)) && (Main.bloodMoon),NPCs/Enemies/Assassin.cs,137
NPC Spawn Rule,Assassin,Assassin,Enemies,ModNPC,Natural spawn rules,1,—,2000,80,60,No,No,No,SpawnChance,0f,Pre-Hardmode + Hardmode,General / Custom,Any / condition-defined depth,Day and night / unspecified,—,Unspecified,(!(Main.hardMode && !Main.dayTime && spawnInfo.Player.ZoneJungle && !spawnInfo.Player.ZoneOverworldHeight && !spawnInfo.Player.ZoneDungeon && !spawnInfo.Player.ZoneCorrupt && !spawnInfo.Player.ZoneCrimson && Main.rand.NextBool(140))) && (!(Main.hardMode && !Main.dayTime && spawnInfo.Player.ZoneJungle && !spawnInfo.Player.ZoneDungeon && !spawnInfo.Player.ZoneCorrupt && !spawnInfo.Player.ZoneCrimson && Main.rand.NextBool(200))) && (!(Main.hardMode && Main.dayTime && spawnInfo.Player.ZoneJungle && !spawnInfo.Player.ZoneDungeon && !spawnInfo.Player.ZoneCorrupt && !spawnInfo.Player.ZoneCrimson && Main.rand.NextBool(300))) && (!(Main.hardMode && (spawnInfo.Player.ZoneDungeon || spawnInfo.Player.ZoneHallow || spawnInfo.Player.ZoneSnow || spawnInfo.Player.ZoneUndergroundDesert || spawnInfo.Player.ZoneDesert) && Main.rand.NextBool(200))) && (!(Main.hardMode && !Main.dayTime && spawnInfo.Player.ZoneOverworldHeight && Main.rand.NextBool(300))) && (!(tsorcRevampWorld.SuperHardMode)) && (!(Main.bloodMoon)),NPCs/Enemies/Assassin.cs,137
NPC,Attraidies,Attraidies,Bosses,ModNPC,No natural spawn method,10,—,400000,0,25,Yes,No,No,None,—,—,—,—,—,—,—,—,NPCs/Bosses/Okiku/FinalForm/Attraidies.cs,23
NPC,AttraidiesApparition,Attraidies,Special,ModNPC,No natural spawn method,5,—,80000,—,10,No,No,No,None,—,—,—,—,—,—,—,—,NPCs/Special/AttraidiesApparition.cs,8
NPC,AttraidiesFragment,Attraidies Fragment,Bosses,ModNPC,No natural spawn method,10,—,1500,—,25,No,No,No,None,—,—,—,—,—,—,—,—,NPCs/Bosses/Okiku/FinalForm/AttraidiesFragment.cs,12
NPC Spawn Rule,AttraidiesIllusion,Attraidies Illusion,Enemies,ModNPC,Natural spawn rules,5,—,400,0,10,No,No,No,SpawnChance,.00525f,Pre-Hardmode,Dungeon + Underworld,Caverns or Underworld,Day and night / unspecified,—,Unspecified,(spawnInfo.Player.ZoneDungeon && NPC.CountNPCS(ModContent.NPCType<AttraidiesIllusion>()) < 1 && NPC.CountNPCS(ModContent.NPCType<AttraidiesManifestation>()) < 1 && NPC.CountNPCS(ModContent.NPCType<JungleWyvernJuvenile.JungleWyvernJuvenileHead>()) < 1 && NPC.CountNPCS(ModContent.NPCType<DungeonMage>()) < 1) && (!Main.hardMode) && (spawnInfo.Player.ZoneUnderworldHeight && !Main.hardMode && !NPC.AnyNPCs(ModContent.NPCType<AttraidiesIllusion>())) && (spawnInfo.Player.ZoneRockLayerHeight && Main.hardMode && !tsorcRevampWorld.SuperHardMode),NPCs/Enemies/AttraidiesIllusion.cs,66
NPC Spawn Rule,AttraidiesIllusion,Attraidies Illusion,Enemies,ModNPC,Natural spawn rules,5,—,400,0,10,No,No,No,SpawnChance,.033f,Pre-Hardmode,Dungeon + Underworld,Underworld,Day and night / unspecified,—,Unspecified,(spawnInfo.Player.ZoneDungeon && NPC.CountNPCS(ModContent.NPCType<AttraidiesIllusion>()) < 1 && NPC.CountNPCS(ModContent.NPCType<AttraidiesManifestation>()) < 1 && NPC.CountNPCS(ModContent.NPCType<JungleWyvernJuvenile.JungleWyvernJuvenileHead>()) < 1 && NPC.CountNPCS(ModContent.NPCType<DungeonMage>()) < 1) && (!Main.hardMode) && (spawnInfo.Player.ZoneUnderworldHeight && !Main.hardMode && !NPC.AnyNPCs(ModContent.NPCType<AttraidiesIllusion>())) && (!(spawnInfo.Player.ZoneRockLayerHeight && Main.hardMode && !tsorcRevampWorld.SuperHardMode)),NPCs/Enemies/AttraidiesIllusion.cs,66
NPC Spawn Rule,AttraidiesIllusion,Attraidies Illusion,Enemies,ModNPC,Natural spawn rules,5,—,400,0,10,No,No,No,SpawnChance,.00525f,Pre-Hardmode,Dungeon,Caverns,Day and night / unspecified,—,Unspecified,(spawnInfo.Player.ZoneDungeon && NPC.CountNPCS(ModContent.NPCType<AttraidiesIllusion>()) < 1 && NPC.CountNPCS(ModContent.NPCType<AttraidiesManifestation>()) < 1 && NPC.CountNPCS(ModContent.NPCType<JungleWyvernJuvenile.JungleWyvernJuvenileHead>()) < 1 && NPC.CountNPCS(ModContent.NPCType<DungeonMage>()) < 1) && (!Main.hardMode) && (!(spawnInfo.Player.ZoneUnderworldHeight && !Main.hardMode && !NPC.AnyNPCs(ModContent.NPCType<AttraidiesIllusion>()))) && (spawnInfo.Player.ZoneRockLayerHeight && Main.hardMode && !tsorcRevampWorld.SuperHardMode),NPCs/Enemies/AttraidiesIllusion.cs,66
NPC Spawn Rule,AttraidiesIllusion,Attraidies Illusion,Enemies,ModNPC,Natural spawn rules,5,—,400,0,10,No,No,No,SpawnChance,.02f,Pre-Hardmode,Dungeon,Any / condition-defined depth,Day and night / unspecified,—,Unspecified,(spawnInfo.Player.ZoneDungeon && NPC.CountNPCS(ModContent.NPCType<AttraidiesIllusion>()) < 1 && NPC.CountNPCS(ModContent.NPCType<AttraidiesManifestation>()) < 1 && NPC.CountNPCS(ModContent.NPCType<JungleWyvernJuvenile.JungleWyvernJuvenileHead>()) < 1 && NPC.CountNPCS(ModContent.NPCType<DungeonMage>()) < 1) && (!Main.hardMode) && (!(spawnInfo.Player.ZoneUnderworldHeight && !Main.hardMode && !NPC.AnyNPCs(ModContent.NPCType<AttraidiesIllusion>()))) && (!(spawnInfo.Player.ZoneRockLayerHeight && Main.hardMode && !tsorcRevampWorld.SuperHardMode)),NPCs/Enemies/AttraidiesIllusion.cs,66
NPC Spawn Rule,AttraidiesIllusion,Attraidies Illusion,Enemies,ModNPC,Natural spawn rules,5,—,400,0,10,No,No,No,SpawnChance,.00525f,Pre-Hardmode,Dungeon + Underworld,Caverns or Underworld,Day and night / unspecified,—,Unspecified,(spawnInfo.Player.ZoneDungeon && NPC.CountNPCS(ModContent.NPCType<AttraidiesIllusion>()) < 1 && NPC.CountNPCS(ModContent.NPCType<AttraidiesManifestation>()) < 1 && NPC.CountNPCS(ModContent.NPCType<JungleWyvernJuvenile.JungleWyvernJuvenileHead>()) < 1 && NPC.CountNPCS(ModContent.NPCType<DungeonMage>()) < 1) && (!(!Main.hardMode)) && (spawnInfo.Player.ZoneUnderworldHeight && !Main.hardMode && !NPC.AnyNPCs(ModContent.NPCType<AttraidiesIllusion>())) && (spawnInfo.Player.ZoneRockLayerHeight && Main.hardMode && !tsorcRevampWorld.SuperHardMode),NPCs/Enemies/AttraidiesIllusion.cs,66
NPC Spawn Rule,AttraidiesIllusion,Attraidies Illusion,Enemies,ModNPC,Natural spawn rules,5,—,400,0,10,No,No,No,SpawnChance,.033f,Pre-Hardmode,Dungeon + Underworld,Underworld,Day and night / unspecified,—,Unspecified,(spawnInfo.Player.ZoneDungeon && NPC.CountNPCS(ModContent.NPCType<AttraidiesIllusion>()) < 1 && NPC.CountNPCS(ModContent.NPCType<AttraidiesManifestation>()) < 1 && NPC.CountNPCS(ModContent.NPCType<JungleWyvernJuvenile.JungleWyvernJuvenileHead>()) < 1 && NPC.CountNPCS(ModContent.NPCType<DungeonMage>()) < 1) && (!(!Main.hardMode)) && (spawnInfo.Player.ZoneUnderworldHeight && !Main.hardMode && !NPC.AnyNPCs(ModContent.NPCType<AttraidiesIllusion>())) && (!(spawnInfo.Player.ZoneRockLayerHeight && Main.hardMode && !tsorcRevampWorld.SuperHardMode)),NPCs/Enemies/AttraidiesIllusion.cs,66
NPC Spawn Rule,AttraidiesIllusion,Attraidies Illusion,Enemies,ModNPC,Natural spawn rules,5,—,400,0,10,No,No,No,SpawnChance,.00525f,Hardmode,Dungeon,Caverns,Day and night / unspecified,—,Unspecified,(spawnInfo.Player.ZoneDungeon && NPC.CountNPCS(ModContent.NPCType<AttraidiesIllusion>()) < 1 && NPC.CountNPCS(ModContent.NPCType<AttraidiesManifestation>()) < 1 && NPC.CountNPCS(ModContent.NPCType<JungleWyvernJuvenile.JungleWyvernJuvenileHead>()) < 1 && NPC.CountNPCS(ModContent.NPCType<DungeonMage>()) < 1) && (!(!Main.hardMode)) && (!(spawnInfo.Player.ZoneUnderworldHeight && !Main.hardMode && !NPC.AnyNPCs(ModContent.NPCType<AttraidiesIllusion>()))) && (spawnInfo.Player.ZoneRockLayerHeight && Main.hardMode && !tsorcRevampWorld.SuperHardMode),NPCs/Enemies/AttraidiesIllusion.cs,66
NPC Spawn Rule,AttraidiesIllusion,Attraidies Illusion,Enemies,ModNPC,Natural spawn rules,5,—,400,0,10,No,No,No,SpawnChance,.0125f,Hardmode + SuperHardmode,Dungeon,Any / condition-defined depth,Day and night / unspecified,—,Unspecified,(spawnInfo.Player.ZoneDungeon && NPC.CountNPCS(ModContent.NPCType<AttraidiesIllusion>()) < 1 && NPC.CountNPCS(ModContent.NPCType<AttraidiesManifestation>()) < 1 && NPC.CountNPCS(ModContent.NPCType<JungleWyvernJuvenile.JungleWyvernJuvenileHead>()) < 1 && NPC.CountNPCS(ModContent.NPCType<DungeonMage>()) < 1) && (!(!Main.hardMode)) && (!(spawnInfo.Player.ZoneUnderworldHeight && !Main.hardMode && !NPC.AnyNPCs(ModContent.NPCType<AttraidiesIllusion>()))) && (!(spawnInfo.Player.ZoneRockLayerHeight && Main.hardMode && !tsorcRevampWorld.SuperHardMode)),NPCs/Enemies/AttraidiesIllusion.cs,66
NPC Spawn Rule,AttraidiesIllusion,Attraidies Illusion,Enemies,ModNPC,Natural spawn rules,5,—,400,0,10,No,No,No,SpawnChance,.00525f,Pre-Hardmode,Underworld,Caverns or Underworld,Day and night / unspecified,—,Unspecified,(!(spawnInfo.Player.ZoneDungeon && NPC.CountNPCS(ModContent.NPCType<AttraidiesIllusion>()) < 1 && NPC.CountNPCS(ModContent.NPCType<AttraidiesManifestation>()) < 1 && NPC.CountNPCS(ModContent.NPCType<JungleWyvernJuvenile.JungleWyvernJuvenileHead>()) < 1 && NPC.CountNPCS(ModContent.NPCType<DungeonMage>()) < 1)) && (spawnInfo.Player.ZoneUnderworldHeight && !Main.hardMode && !NPC.AnyNPCs(ModContent.NPCType<AttraidiesIllusion>())) && (spawnInfo.Player.ZoneRockLayerHeight && Main.hardMode && !tsorcRevampWorld.SuperHardMode),NPCs/Enemies/AttraidiesIllusion.cs,66
NPC Spawn Rule,AttraidiesIllusion,Attraidies Illusion,Enemies,ModNPC,Natural spawn rules,5,—,400,0,10,No,No,No,SpawnChance,.033f,Pre-Hardmode,Underworld,Underworld,Day and night / unspecified,—,Unspecified,(!(spawnInfo.Player.ZoneDungeon && NPC.CountNPCS(ModContent.NPCType<AttraidiesIllusion>()) < 1 && NPC.CountNPCS(ModContent.NPCType<AttraidiesManifestation>()) < 1 && NPC.CountNPCS(ModContent.NPCType<JungleWyvernJuvenile.JungleWyvernJuvenileHead>()) < 1 && NPC.CountNPCS(ModContent.NPCType<DungeonMage>()) < 1)) && (spawnInfo.Player.ZoneUnderworldHeight && !Main.hardMode && !NPC.AnyNPCs(ModContent.NPCType<AttraidiesIllusion>())) && (!(spawnInfo.Player.ZoneRockLayerHeight && Main.hardMode && !tsorcRevampWorld.SuperHardMode)),NPCs/Enemies/AttraidiesIllusion.cs,66
NPC Spawn Rule,AttraidiesIllusion,Attraidies Illusion,Enemies,ModNPC,Natural spawn rules,5,—,400,0,10,No,No,No,SpawnChance,.00525f,Hardmode,General / Custom,Caverns,Day and night / unspecified,—,Unspecified,(!(spawnInfo.Player.ZoneDungeon && NPC.CountNPCS(ModContent.NPCType<AttraidiesIllusion>()) < 1 && NPC.CountNPCS(ModContent.NPCType<AttraidiesManifestation>()) < 1 && NPC.CountNPCS(ModContent.NPCType<JungleWyvernJuvenile.JungleWyvernJuvenileHead>()) < 1 && NPC.CountNPCS(ModContent.NPCType<DungeonMage>()) < 1)) && (!(spawnInfo.Player.ZoneUnderworldHeight && !Main.hardMode && !NPC.AnyNPCs(ModContent.NPCType<AttraidiesIllusion>()))) && (spawnInfo.Player.ZoneRockLayerHeight && Main.hardMode && !tsorcRevampWorld.SuperHardMode),NPCs/Enemies/AttraidiesIllusion.cs,66
NPC Spawn Rule,AttraidiesIllusion,Attraidies Illusion,Enemies,ModNPC,Natural spawn rules,5,—,400,0,10,No,No,No,SpawnChance,0,Pre-Hardmode + Hardmode + SuperHardmode,General / Custom,Any / condition-defined depth,Day and night / unspecified,—,Unspecified,(!(spawnInfo.Player.ZoneDungeon && NPC.CountNPCS(ModContent.NPCType<AttraidiesIllusion>()) < 1 && NPC.CountNPCS(ModContent.NPCType<AttraidiesManifestation>()) < 1 && NPC.CountNPCS(ModContent.NPCType<JungleWyvernJuvenile.JungleWyvernJuvenileHead>()) < 1 && NPC.CountNPCS(ModContent.NPCType<DungeonMage>()) < 1)) && (!(spawnInfo.Player.ZoneUnderworldHeight && !Main.hardMode && !NPC.AnyNPCs(ModContent.NPCType<AttraidiesIllusion>()))) && (!(spawnInfo.Player.ZoneRockLayerHeight && Main.hardMode && !tsorcRevampWorld.SuperHardMode)),NPCs/Enemies/AttraidiesIllusion.cs,66
NPC Spawn Rule,AttraidiesManifestation,Attraidies Manifestation,Enemies,ModNPC,Natural spawn rules,5,—,800,80,20,No,No,No,SpawnChance,1,Hardmode,General / Custom,Underground or Caverns,Day and night / unspecified,1/100,Excluded,(Main.hardMode && !tsorcRevampWorld.SuperHardMode && (spawnInfo.Player.ZoneDirtLayerHeight || spawnInfo.Player.ZoneRockLayerHeight) && !spawnInfo.Water && Main.rand.NextBool(100)),NPCs/Enemies/AttraidiesManifestation.cs,67
NPC Spawn Rule,AttraidiesManifestation,Attraidies Manifestation,Enemies,ModNPC,Natural spawn rules,5,—,800,80,20,No,No,No,SpawnChance,0.04f,Pre-Hardmode,Dungeon,Any / condition-defined depth,Day and night / unspecified,—,Unspecified,(!(Main.hardMode && !tsorcRevampWorld.SuperHardMode && (spawnInfo.Player.ZoneDirtLayerHeight || spawnInfo.Player.ZoneRockLayerHeight) && !spawnInfo.Water && Main.rand.NextBool(100))) && (!Main.hardMode && spawnInfo.Player.ZoneDungeon && NPC.CountNPCS(ModContent.NPCType<JungleWyvernJuvenile.JungleWyvernJuvenileHead>()) < 1 && NPC.CountNPCS(ModContent.NPCType<AttraidiesIllusion>()) < 1 && NPC.CountNPCS(ModContent.NPCType<DungeonMage>()) < 1) && (!NPC.AnyNPCs(ModContent.NPCType<AttraidiesManifestation>())),NPCs/Enemies/AttraidiesManifestation.cs,75
NPC Spawn Rule,AttraidiesManifestation,Attraidies Manifestation,Enemies,ModNPC,Natural spawn rules,5,—,800,80,20,No,No,No,SpawnChance,0,Pre-Hardmode,Dungeon,Any / condition-defined depth,Day and night / unspecified,—,Unspecified,(!(Main.hardMode && !tsorcRevampWorld.SuperHardMode && (spawnInfo.Player.ZoneDirtLayerHeight || spawnInfo.Player.ZoneRockLayerHeight) && !spawnInfo.Water && Main.rand.NextBool(100))) && (!Main.hardMode && spawnInfo.Player.ZoneDungeon && NPC.CountNPCS(ModContent.NPCType<JungleWyvernJuvenile.JungleWyvernJuvenileHead>()) < 1 && NPC.CountNPCS(ModContent.NPCType<AttraidiesIllusion>()) < 1 && NPC.CountNPCS(ModContent.NPCType<DungeonMage>()) < 1) && (!(!NPC.AnyNPCs(ModContent.NPCType<AttraidiesManifestation>()))),NPCs/Enemies/AttraidiesManifestation.cs,78
NPC Spawn Rule,AttraidiesManifestation,Attraidies Manifestation,Enemies,ModNPC,Natural spawn rules,5,—,800,80,20,No,No,No,SpawnChance,0,Pre-Hardmode + Hardmode + SuperHardmode,General / Custom,Any / condition-defined depth,Day and night / unspecified,—,Unspecified,(!(Main.hardMode && !tsorcRevampWorld.SuperHardMode && (spawnInfo.Player.ZoneDirtLayerHeight || spawnInfo.Player.ZoneRockLayerHeight) && !spawnInfo.Water && Main.rand.NextBool(100))) && (!(!Main.hardMode && spawnInfo.Player.ZoneDungeon && NPC.CountNPCS(ModContent.NPCType<JungleWyvernJuvenile.JungleWyvernJuvenileHead>()) < 1 && NPC.CountNPCS(ModContent.NPCType<AttraidiesIllusion>()) < 1 && NPC.CountNPCS(ModContent.NPCType<DungeonMage>()) < 1)),NPCs/Enemies/AttraidiesManifestation.cs,78
NPC,AttraidiesMimic,Attraidies,Bosses,ModNPC,No natural spawn method,10,—,1500,0,25,No,No,No,None,—,—,—,—,—,—,—,—,NPCs/Bosses/Okiku/FinalForm/AttraidiesMimic.cs,11
NPC,AttraidiesShield,Attraidies Shield,Bosses,ModNPC,No natural spawn method,1,—,17250,40,18,No,No,No,None,—,—,—,—,—,—,—,—,NPCs/Bosses/Okiku/FirstForm/AttraidiesShield.cs,15
NPC Spawn Rule,BarrowWight,Barrow Wight,Enemies,ModNPC,Natural spawn rules,1,—,180,30,0,No,No,No,SpawnChance,0,Pre-Hardmode + Hardmode + SuperHardmode,Meteor,Any / condition-defined depth,Day and night / unspecified,—,Unspecified,(spawnInfo.Player.townNPCs > 0f || spawnInfo.Player.ZoneMeteor),NPCs/Enemies/BarrowWight.cs,50
NPC Spawn Rule,BarrowWight,Barrow Wight,Enemies,ModNPC,Natural spawn rules,1,—,180,30,0,No,No,No,SpawnChance,0.005f,Pre-Hardmode + Hardmode + SuperHardmode,General / Custom,Any / condition-defined depth,Day and night / unspecified,—,Unspecified,(!(spawnInfo.Player.townNPCs > 0f || spawnInfo.Player.ZoneMeteor)) && (tsorcRevampWorld.NewSlain.ContainsKey(new NPCDefinition(NPCID.SkeletronHead)) && (oSurface(spawnInfo.Player) || oUnderSurface(spawnInfo.Player) || oUnderground(spawnInfo.Player) || oCavern(spawnInfo.Player)) && (((int)(spawnInfo.Player.Bottom.X + 8f) / 16) > Main.maxTilesX * 0.2f && ((int)(spawnInfo.Player.Bottom.X + 8f) / 16) < Main.maxTilesX * 0.35f || ((int)(spawnInfo.Player.Bottom.X + 8f) / 16) > Main.maxTilesX * 0.65f && ((int)(spawnInfo.Player.Bottom.X + 8f) / 16) < Main.maxTilesX * 0.8f)),NPCs/Enemies/BarrowWight.cs,51
NPC Spawn Rule,BarrowWight,Barrow Wight,Enemies,ModNPC,Natural spawn rules,1,—,180,30,0,No,No,No,SpawnChance,.00833f,Pre-Hardmode,Dungeon,Any / condition-defined depth,Day and night / unspecified,—,Unspecified,(!(spawnInfo.Player.townNPCs > 0f || spawnInfo.Player.ZoneMeteor)) && (!(tsorcRevampWorld.NewSlain.ContainsKey(new NPCDefinition(NPCID.SkeletronHead)) && (oSurface(spawnInfo.Player) || oUnderSurface(spawnInfo.Player) || oUnderground(spawnInfo.Player) || oCavern(spawnInfo.Player)) && (((int)(spawnInfo.Player.Bottom.X + 8f) / 16) > Main.maxTilesX * 0.2f && ((int)(spawnInfo.Player.Bottom.X + 8f) / 16) < Main.maxTilesX * 0.35f || ((int)(spawnInfo.Player.Bottom.X + 8f) / 16) > Main.maxTilesX * 0.65f && ((int)(spawnInfo.Player.Bottom.X + 8f) / 16) < Main.maxTilesX * 0.8f))) && (!Main.hardMode && spawnInfo.Player.ZoneDungeon),NPCs/Enemies/BarrowWight.cs,52
NPC Spawn Rule,BarrowWight,Barrow Wight,Enemies,ModNPC,Natural spawn rules,1,—,180,30,0,No,No,No,SpawnChance,0.0567f,Hardmode,General / Custom,Any / condition-defined depth,Day and night / unspecified,—,Unspecified,(!(spawnInfo.Player.townNPCs > 0f || spawnInfo.Player.ZoneMeteor)) && (!(tsorcRevampWorld.NewSlain.ContainsKey(new NPCDefinition(NPCID.SkeletronHead)) && (oSurface(spawnInfo.Player) || oUnderSurface(spawnInfo.Player) || oUnderground(spawnInfo.Player) || oCavern(spawnInfo.Player)) && (((int)(spawnInfo.Player.Bottom.X + 8f) / 16) > Main.maxTilesX * 0.2f && ((int)(spawnInfo.Player.Bottom.X + 8f) / 16) < Main.maxTilesX * 0.35f || ((int)(spawnInfo.Player.Bottom.X + 8f) / 16) > Main.maxTilesX * 0.65f && ((int)(spawnInfo.Player.Bottom.X + 8f) / 16) < Main.maxTilesX * 0.8f))) && (!(!Main.hardMode && spawnInfo.Player.ZoneDungeon)) && (!tsorcRevampWorld.SuperHardMode && Main.hardMode && oSky(spawnInfo.Player)),NPCs/Enemies/BarrowWight.cs,53
NPC Spawn Rule,BarrowWight,Barrow Wight,Enemies,ModNPC,Natural spawn rules,1,—,180,30,0,No,No,No,SpawnChance,0.033f,Hardmode,Dungeon,Any / condition-defined depth,Day and night / unspecified,—,Unspecified,(!(spawnInfo.Player.townNPCs > 0f || spawnInfo.Player.ZoneMeteor)) && (!(tsorcRevampWorld.NewSlain.ContainsKey(new NPCDefinition(NPCID.SkeletronHead)) && (oSurface(spawnInfo.Player) || oUnderSurface(spawnInfo.Player) || oUnderground(spawnInfo.Player) || oCavern(spawnInfo.Player)) && (((int)(spawnInfo.Player.Bottom.X + 8f) / 16) > Main.maxTilesX * 0.2f && ((int)(spawnInfo.Player.Bottom.X + 8f) / 16) < Main.maxTilesX * 0.35f || ((int)(spawnInfo.Player.Bottom.X + 8f) / 16) > Main.maxTilesX * 0.65f && ((int)(spawnInfo.Player.Bottom.X + 8f) / 16) < Main.maxTilesX * 0.8f))) && (!(!Main.hardMode && spawnInfo.Player.ZoneDungeon)) && (!(!tsorcRevampWorld.SuperHardMode && Main.hardMode && oSky(spawnInfo.Player))) && (!tsorcRevampWorld.SuperHardMode && Main.hardMode && spawnInfo.Player.ZoneDungeon),NPCs/Enemies/BarrowWight.cs,54
NPC Spawn Rule,BarrowWight,Barrow Wight,Enemies,ModNPC,Natural spawn rules,1,—,180,30,0,No,No,No,SpawnChance,0.033f,Hardmode,Snow,Any / condition-defined depth,Day and night / unspecified,—,Unspecified,(!(spawnInfo.Player.townNPCs > 0f || spawnInfo.Player.ZoneMeteor)) && (!(tsorcRevampWorld.NewSlain.ContainsKey(new NPCDefinition(NPCID.SkeletronHead)) && (oSurface(spawnInfo.Player) || oUnderSurface(spawnInfo.Player) || oUnderground(spawnInfo.Player) || oCavern(spawnInfo.Player)) && (((int)(spawnInfo.Player.Bottom.X + 8f) / 16) > Main.maxTilesX * 0.2f && ((int)(spawnInfo.Player.Bottom.X + 8f) / 16) < Main.maxTilesX * 0.35f || ((int)(spawnInfo.Player.Bottom.X + 8f) / 16) > Main.maxTilesX * 0.65f && ((int)(spawnInfo.Player.Bottom.X + 8f) / 16) < Main.maxTilesX * 0.8f))) && (!(!Main.hardMode && spawnInfo.Player.ZoneDungeon)) && (!(!tsorcRevampWorld.SuperHardMode && Main.hardMode && oSky(spawnInfo.Player))) && (!(!tsorcRevampWorld.SuperHardMode && Main.hardMode && spawnInfo.Player.ZoneDungeon)) && (!tsorcRevampWorld.SuperHardMode && Main.hardMode && spawnInfo.Player.ZoneSnow),NPCs/Enemies/BarrowWight.cs,55
NPC Spawn Rule,BarrowWight,Barrow Wight,Enemies,ModNPC,Natural spawn rules,1,—,180,30,0,No,No,No,SpawnChance,0.025f,SuperHardmode,General / Custom,Any / condition-defined depth,Day and night / unspecified,—,Unspecified,(!(spawnInfo.Player.townNPCs > 0f || spawnInfo.Player.ZoneMeteor)) && (!(tsorcRevampWorld.NewSlain.ContainsKey(new NPCDefinition(NPCID.SkeletronHead)) && (oSurface(spawnInfo.Player) || oUnderSurface(spawnInfo.Player) || oUnderground(spawnInfo.Player) || oCavern(spawnInfo.Player)) && (((int)(spawnInfo.Player.Bottom.X + 8f) / 16) > Main.maxTilesX * 0.2f && ((int)(spawnInfo.Player.Bottom.X + 8f) / 16) < Main.maxTilesX * 0.35f || ((int)(spawnInfo.Player.Bottom.X + 8f) / 16) > Main.maxTilesX * 0.65f && ((int)(spawnInfo.Player.Bottom.X + 8f) / 16) < Main.maxTilesX * 0.8f))) && (!(!Main.hardMode && spawnInfo.Player.ZoneDungeon)) && (!(!tsorcRevampWorld.SuperHardMode && Main.hardMode && oSky(spawnInfo.Player))) && (!(!tsorcRevampWorld.SuperHardMode && Main.hardMode && spawnInfo.Player.ZoneDungeon)) && (!(!tsorcRevampWorld.SuperHardMode && Main.hardMode && spawnInfo.Player.ZoneSnow)) && (tsorcRevampWorld.SuperHardMode && oSky(spawnInfo.Player)),NPCs/Enemies/BarrowWight.cs,56
NPC Spawn Rule,BarrowWight,Barrow Wight,Enemies,ModNPC,Natural spawn rules,1,—,180,30,0,No,No,No,SpawnChance,0.008f,SuperHardmode,Dungeon,Any / condition-defined depth,Day and night / unspecified,—,Unspecified,(!(spawnInfo.Player.townNPCs > 0f || spawnInfo.Player.ZoneMeteor)) && (!(tsorcRevampWorld.NewSlain.ContainsKey(new NPCDefinition(NPCID.SkeletronHead)) && (oSurface(spawnInfo.Player) || oUnderSurface(spawnInfo.Player) || oUnderground(spawnInfo.Player) || oCavern(spawnInfo.Player)) && (((int)(spawnInfo.Player.Bottom.X + 8f) / 16) > Main.maxTilesX * 0.2f && ((int)(spawnInfo.Player.Bottom.X + 8f) / 16) < Main.maxTilesX * 0.35f || ((int)(spawnInfo.Player.Bottom.X + 8f) / 16) > Main.maxTilesX * 0.65f && ((int)(spawnInfo.Player.Bottom.X + 8f) / 16) < Main.maxTilesX * 0.8f))) && (!(!Main.hardMode && spawnInfo.Player.ZoneDungeon)) && (!(!tsorcRevampWorld.SuperHardMode && Main.hardMode && oSky(spawnInfo.Player))) && (!(!tsorcRevampWorld.SuperHardMode && Main.hardMode && spawnInfo.Player.ZoneDungeon)) && (!(!tsorcRevampWorld.SuperHardMode && Main.hardMode && spawnInfo.Player.ZoneSnow)) && (!(tsorcRevampWorld.SuperHardMode && oSky(spawnInfo.Player))) && (tsorcRevampWorld.SuperHardMode && spawnInfo.Player.ZoneDungeon),NPCs/Enemies/BarrowWight.cs,57
NPC Spawn Rule,BarrowWight,Barrow Wight,Enemies,ModNPC,Natural spawn rules,1,—,180,30,0,No,No,No,SpawnChance,0.008f,SuperHardmode,Snow,Any / condition-defined depth,Day and night / unspecified,—,Unspecified,(!(spawnInfo.Player.townNPCs > 0f || spawnInfo.Player.ZoneMeteor)) && (!(tsorcRevampWorld.NewSlain.ContainsKey(new NPCDefinition(NPCID.SkeletronHead)) && (oSurface(spawnInfo.Player) || oUnderSurface(spawnInfo.Player) || oUnderground(spawnInfo.Player) || oCavern(spawnInfo.Player)) && (((int)(spawnInfo.Player.Bottom.X + 8f) / 16) > Main.maxTilesX * 0.2f && ((int)(spawnInfo.Player.Bottom.X + 8f) / 16) < Main.maxTilesX * 0.35f || ((int)(spawnInfo.Player.Bottom.X + 8f) / 16) > Main.maxTilesX * 0.65f && ((int)(spawnInfo.Player.Bottom.X + 8f) / 16) < Main.maxTilesX * 0.8f))) && (!(!Main.hardMode && spawnInfo.Player.ZoneDungeon)) && (!(!tsorcRevampWorld.SuperHardMode && Main.hardMode && oSky(spawnInfo.Player))) && (!(!tsorcRevampWorld.SuperHardMode && Main.hardMode && spawnInfo.Player.ZoneDungeon)) && (!(!tsorcRevampWorld.SuperHardMode && Main.hardMode && spawnInfo.Player.ZoneSnow)) && (!(tsorcRevampWorld.SuperHardMode && oSky(spawnInfo.Player))) && (!(tsorcRevampWorld.SuperHardMode && spawnInfo.Player.ZoneDungeon)) && (tsorcRevampWorld.SuperHardMode && spawnInfo.Player.ZoneSnow),NPCs/Enemies/BarrowWight.cs,58
NPC Spawn Rule,BarrowWight,Barrow Wight,Enemies,ModNPC,Natural spawn rules,1,—,180,30,0,No,No,No,SpawnChance,0,Pre-Hardmode + Hardmode + SuperHardmode,General / Custom,Any / condition-defined depth,Day and night / unspecified,—,Unspecified,(!(spawnInfo.Player.townNPCs > 0f || spawnInfo.Player.ZoneMeteor)) && (!(tsorcRevampWorld.NewSlain.ContainsKey(new NPCDefinition(NPCID.SkeletronHead)) && (oSurface(spawnInfo.Player) || oUnderSurface(spawnInfo.Player) || oUnderground(spawnInfo.Player) || oCavern(spawnInfo.Player)) && (((int)(spawnInfo.Player.Bottom.X + 8f) / 16) > Main.maxTilesX * 0.2f && ((int)(spawnInfo.Player.Bottom.X + 8f) / 16) < Main.maxTilesX * 0.35f || ((int)(spawnInfo.Player.Bottom.X + 8f) / 16) > Main.maxTilesX * 0.65f && ((int)(spawnInfo.Player.Bottom.X + 8f) / 16) < Main.maxTilesX * 0.8f))) && (!(!Main.hardMode && spawnInfo.Player.ZoneDungeon)) && (!(!tsorcRevampWorld.SuperHardMode && Main.hardMode && oSky(spawnInfo.Player))) && (!(!tsorcRevampWorld.SuperHardMode && Main.hardMode && spawnInfo.Player.ZoneDungeon)) && (!(!tsorcRevampWorld.SuperHardMode && Main.hardMode && spawnInfo.Player.ZoneSnow)) && (!(tsorcRevampWorld.SuperHardMode && oSky(spawnInfo.Player))) && (!(tsorcRevampWorld.SuperHardMode && spawnInfo.Player.ZoneDungeon)) && (!(tsorcRevampWorld.SuperHardMode && spawnInfo.Player.ZoneSnow)),NPCs/Enemies/BarrowWight.cs,60
NPC Spawn Rule,BarrowWightNemesis,Barrow Wight Nemesis,Enemies,ModNPC,Natural spawn rules,5,—,2500,58,40,No,No,No,SpawnChance,((0.17f) * (2)) * (2),SuperHardmode,Snow + Dungeon + Sky,Sky,Night,—,Unspecified,(tsorcRevampWorld.SuperHardMode) && (spawnInfo.Player.ZoneSkyHeight || spawnInfo.Player.ZoneDungeon || spawnInfo.Player.ZoneSnow) && (!Main.dayTime) && (Main.bloodMoon),NPCs/Enemies/SuperHardMode/BarrowWightNemesis.cs,84
NPC Spawn Rule,BarrowWightNemesis,Barrow Wight Nemesis,Enemies,ModNPC,Natural spawn rules,5,—,2500,58,40,No,No,No,SpawnChance,(0.17f) * (2),SuperHardmode,Snow + Dungeon + Sky,Sky,Night,—,Unspecified,(tsorcRevampWorld.SuperHardMode) && (spawnInfo.Player.ZoneSkyHeight || spawnInfo.Player.ZoneDungeon || spawnInfo.Player.ZoneSnow) && (!Main.dayTime) && (!(Main.bloodMoon)),NPCs/Enemies/SuperHardMode/BarrowWightNemesis.cs,84
NPC Spawn Rule,BarrowWightNemesis,Barrow Wight Nemesis,Enemies,ModNPC,Natural spawn rules,5,—,2500,58,40,No,No,No,SpawnChance,(0.17f) * (2),SuperHardmode,Snow + Dungeon + Sky,Sky,Day,—,Unspecified,(tsorcRevampWorld.SuperHardMode) && (spawnInfo.Player.ZoneSkyHeight || spawnInfo.Player.ZoneDungeon || spawnInfo.Player.ZoneSnow) && (!(!Main.dayTime)) && (Main.bloodMoon),NPCs/Enemies/SuperHardMode/BarrowWightNemesis.cs,84
NPC Spawn Rule,BarrowWightNemesis,Barrow Wight Nemesis,Enemies,ModNPC,Natural spawn rules,5,—,2500,58,40,No,No,No,SpawnChance,0.17f,SuperHardmode,Snow + Dungeon + Sky,Sky,Day,—,Unspecified,(tsorcRevampWorld.SuperHardMode) && (spawnInfo.Player.ZoneSkyHeight || spawnInfo.Player.ZoneDungeon || spawnInfo.Player.ZoneSnow) && (!(!Main.dayTime)) && (!(Main.bloodMoon)),NPCs/Enemies/SuperHardMode/BarrowWightNemesis.cs,84
NPC Spawn Rule,BarrowWightNemesis,Barrow Wight Nemesis,Enemies,ModNPC,Natural spawn rules,5,—,2500,58,40,No,No,No,SpawnChance,((0.02f) * (2)) * (2),SuperHardmode,Neutral Overworld (Forest),Surface,Night,—,Unspecified,(tsorcRevampWorld.SuperHardMode) && (!(spawnInfo.Player.ZoneSkyHeight || spawnInfo.Player.ZoneDungeon || spawnInfo.Player.ZoneSnow)) && (spawnInfo.Player.ZoneOverworldHeight && !Main.dayTime) && (!Main.dayTime) && (Main.bloodMoon),NPCs/Enemies/SuperHardMode/BarrowWightNemesis.cs,84
NPC Spawn Rule,BarrowWightNemesis,Barrow Wight Nemesis,Enemies,ModNPC,Natural spawn rules,5,—,2500,58,40,No,No,No,SpawnChance,(0.02f) * (2),SuperHardmode,Neutral Overworld (Forest),Surface,Night,—,Unspecified,(tsorcRevampWorld.SuperHardMode) && (!(spawnInfo.Player.ZoneSkyHeight || spawnInfo.Player.ZoneDungeon || spawnInfo.Player.ZoneSnow)) && (spawnInfo.Player.ZoneOverworldHeight && !Main.dayTime) && (!Main.dayTime) && (!(Main.bloodMoon)),NPCs/Enemies/SuperHardMode/BarrowWightNemesis.cs,84
NPC Spawn Rule,BarrowWightNemesis,Barrow Wight Nemesis,Enemies,ModNPC,Natural spawn rules,5,—,2500,58,40,No,No,No,SpawnChance,(0.02f) * (2),SuperHardmode,Neutral Overworld (Forest),Surface,Day and night / unspecified,—,Unspecified,(tsorcRevampWorld.SuperHardMode) && (!(spawnInfo.Player.ZoneSkyHeight || spawnInfo.Player.ZoneDungeon || spawnInfo.Player.ZoneSnow)) && (spawnInfo.Player.ZoneOverworldHeight && !Main.dayTime) && (!(!Main.dayTime)) && (Main.bloodMoon),NPCs/Enemies/SuperHardMode/BarrowWightNemesis.cs,84
NPC Spawn Rule,BarrowWightNemesis,Barrow Wight Nemesis,Enemies,ModNPC,Natural spawn rules,5,—,2500,58,40,No,No,No,SpawnChance,0.02f,SuperHardmode,Neutral Overworld (Forest),Surface,Day and night / unspecified,—,Unspecified,(tsorcRevampWorld.SuperHardMode) && (!(spawnInfo.Player.ZoneSkyHeight || spawnInfo.Player.ZoneDungeon || spawnInfo.Player.ZoneSnow)) && (spawnInfo.Player.ZoneOverworldHeight && !Main.dayTime) && (!(!Main.dayTime)) && (!(Main.bloodMoon)),NPCs/Enemies/SuperHardMode/BarrowWightNemesis.cs,84
NPC Spawn Rule,BarrowWightNemesis,Barrow Wight Nemesis,Enemies,ModNPC,Natural spawn rules,5,—,2500,58,40,No,No,No,SpawnChance,((0) * (2)) * (2),SuperHardmode,General / Custom,Any / condition-defined depth,Night,—,Unspecified,(tsorcRevampWorld.SuperHardMode) && (!(spawnInfo.Player.ZoneSkyHeight || spawnInfo.Player.ZoneDungeon || spawnInfo.Player.ZoneSnow)) && (!(spawnInfo.Player.ZoneOverworldHeight && !Main.dayTime)) && (!Main.dayTime) && (Main.bloodMoon),NPCs/Enemies/SuperHardMode/BarrowWightNemesis.cs,84
NPC Spawn Rule,BarrowWightNemesis,Barrow Wight Nemesis,Enemies,ModNPC,Natural spawn rules,5,—,2500,58,40,No,No,No,SpawnChance,(0) * (2),SuperHardmode,General / Custom,Any / condition-defined depth,Night,—,Unspecified,(tsorcRevampWorld.SuperHardMode) && (!(spawnInfo.Player.ZoneSkyHeight || spawnInfo.Player.ZoneDungeon || spawnInfo.Player.ZoneSnow)) && (!(spawnInfo.Player.ZoneOverworldHeight && !Main.dayTime)) && (!Main.dayTime) && (!(Main.bloodMoon)),NPCs/Enemies/SuperHardMode/BarrowWightNemesis.cs,84
NPC Spawn Rule,BarrowWightNemesis,Barrow Wight Nemesis,Enemies,ModNPC,Natural spawn rules,5,—,2500,58,40,No,No,No,SpawnChance,(0) * (2),SuperHardmode,General / Custom,Any / condition-defined depth,Day,—,Unspecified,(tsorcRevampWorld.SuperHardMode) && (!(spawnInfo.Player.ZoneSkyHeight || spawnInfo.Player.ZoneDungeon || spawnInfo.Player.ZoneSnow)) && (!(spawnInfo.Player.ZoneOverworldHeight && !Main.dayTime)) && (!(!Main.dayTime)) && (Main.bloodMoon),NPCs/Enemies/SuperHardMode/BarrowWightNemesis.cs,84
NPC Spawn Rule,BarrowWightNemesis,Barrow Wight Nemesis,Enemies,ModNPC,Natural spawn rules,5,—,2500,58,40,No,No,No,SpawnChance,0,SuperHardmode,General / Custom,Any / condition-defined depth,Day,—,Unspecified,(tsorcRevampWorld.SuperHardMode) && (!(spawnInfo.Player.ZoneSkyHeight || spawnInfo.Player.ZoneDungeon || spawnInfo.Player.ZoneSnow)) && (!(spawnInfo.Player.ZoneOverworldHeight && !Main.dayTime)) && (!(!Main.dayTime)) && (!(Main.bloodMoon)),NPCs/Enemies/SuperHardMode/BarrowWightNemesis.cs,84
NPC Spawn Rule,BarrowWightNemesis,Barrow Wight Nemesis,Enemies,ModNPC,Natural spawn rules,5,—,2500,58,40,No,No,No,SpawnChance,((0) * (2)) * (2),Pre-Hardmode + Hardmode,General / Custom,Any / condition-defined depth,Night,—,Unspecified,(!(tsorcRevampWorld.SuperHardMode)) && (!Main.dayTime) && (Main.bloodMoon),NPCs/Enemies/SuperHardMode/BarrowWightNemesis.cs,84
NPC Spawn Rule,BarrowWightNemesis,Barrow Wight Nemesis,Enemies,ModNPC,Natural spawn rules,5,—,2500,58,40,No,No,No,SpawnChance,(0) * (2),Pre-Hardmode + Hardmode,General / Custom,Any / condition-defined depth,Night,—,Unspecified,(!(tsorcRevampWorld.SuperHardMode)) && (!Main.dayTime) && (!(Main.bloodMoon)),NPCs/Enemies/SuperHardMode/BarrowWightNemesis.cs,84
NPC Spawn Rule,BarrowWightNemesis,Barrow Wight Nemesis,Enemies,ModNPC,Natural spawn rules,5,—,2500,58,40,No,No,No,SpawnChance,(0) * (2),Pre-Hardmode + Hardmode,General / Custom,Any / condition-defined depth,Day,—,Unspecified,(!(tsorcRevampWorld.SuperHardMode)) && (!(!Main.dayTime)) && (Main.bloodMoon),NPCs/Enemies/SuperHardMode/BarrowWightNemesis.cs,84
NPC Spawn Rule,BarrowWightNemesis,Barrow Wight Nemesis,Enemies,ModNPC,Natural spawn rules,5,—,2500,58,40,No,No,No,SpawnChance,0,Pre-Hardmode + Hardmode,General / Custom,Any / condition-defined depth,Day,—,Unspecified,(!(tsorcRevampWorld.SuperHardMode)) && (!(!Main.dayTime)) && (!(Main.bloodMoon)),NPCs/Enemies/SuperHardMode/BarrowWightNemesis.cs,84
NPC,BarrowWightPhantom,Barrow Wight Phantom,Enemies,ModNPC,No natural spawn method,1,—,1250,50,30,No,No,No,None,—,—,—,—,—,—,—,—,NPCs/Enemies/SuperHardMode/BarrowWightPhantom.cs,11
NPC Spawn Rule,BasiliskHunter,Basilisk Hunter,Enemies,ModNPC,Natural spawn rules,3,—,2500,48,80,No,No,No,SpawnChance,0f,Pre-Hardmode + Hardmode + SuperHardmode,General / Custom,Any / condition-defined depth,Day and night / unspecified,—,Unspecified,"(!BasiliskSpawnRules.MeetsSharedRequirements(spawnInfo, Type))",NPCs/Enemies/Basilisk/BasiliskHunter.cs,100
NPC Spawn Rule,BasiliskHunter,Basilisk Hunter,Enemies,ModNPC,Natural spawn rules,3,—,2500,48,80,No,No,No,SpawnChance,0f,Pre-Hardmode + Hardmode + SuperHardmode,Hallow + Jungle + Dungeon + Meteor,Any / condition-defined depth,Day and night / unspecified,—,Unspecified,"(!(!BasiliskSpawnRules.MeetsSharedRequirements(spawnInfo, Type))) && (spawnInfo.Player.ZoneDungeon || spawnInfo.Player.ZoneJungle || spawnInfo.Player.ZoneHallow || spawnInfo.Player.ZoneMeteor)",NPCs/Enemies/Basilisk/BasiliskHunter.cs,101
NPC Spawn Rule,BasiliskHunter,Basilisk Hunter,Enemies,ModNPC,Natural spawn rules,3,—,2500,48,80,No,No,No,SpawnChance,0f,Pre-Hardmode + Hardmode + SuperHardmode,General / Custom,Any / condition-defined depth,Day and night / unspecified,—,Unspecified,"(!(!BasiliskSpawnRules.MeetsSharedRequirements(spawnInfo, Type))) && (!(spawnInfo.Player.ZoneDungeon || spawnInfo.Player.ZoneJungle || spawnInfo.Player.ZoneHallow || spawnInfo.Player.ZoneMeteor)) && (!(spawnInfo.Player.ZoneCorrupt || spawnInfo.Player.ZoneCrimson || spawnInfo.Player.ZoneDesert || spawnInfo.Player.ZoneUndergroundDesert))",NPCs/Enemies/Basilisk/BasiliskHunter.cs,107
NPC Spawn Rule,BasiliskHunter,Basilisk Hunter,Enemies,ModNPC,Natural spawn rules,3,—,2500,48,80,No,No,No,SpawnChance,0.15f,SuperHardmode,Corruption + Crimson + Desert,Underground or Caverns,Day and night / unspecified,—,Unspecified,"(!(!BasiliskSpawnRules.MeetsSharedRequirements(spawnInfo, Type))) && (!(spawnInfo.Player.ZoneDungeon || spawnInfo.Player.ZoneJungle || spawnInfo.Player.ZoneHallow || spawnInfo.Player.ZoneMeteor)) && (!(!(spawnInfo.Player.ZoneCorrupt || spawnInfo.Player.ZoneCrimson || spawnInfo.Player.ZoneDesert || spawnInfo.Player.ZoneUndergroundDesert))) && (tsorcRevampWorld.SuperHardMode) && ((spawnInfo.Player.ZoneDirtLayerHeight || spawnInfo.Player.ZoneRockLayerHeight))",NPCs/Enemies/Basilisk/BasiliskHunter.cs,111
NPC Spawn Rule,BasiliskHunter,Basilisk Hunter,Enemies,ModNPC,Natural spawn rules,3,—,2500,48,80,No,No,No,SpawnChance,0.15f,SuperHardmode,Corruption + Crimson + Desert,Surface,Night,—,Unspecified,"(!(!BasiliskSpawnRules.MeetsSharedRequirements(spawnInfo, Type))) && (!(spawnInfo.Player.ZoneDungeon || spawnInfo.Player.ZoneJungle || spawnInfo.Player.ZoneHallow || spawnInfo.Player.ZoneMeteor)) && (!(!(spawnInfo.Player.ZoneCorrupt || spawnInfo.Player.ZoneCrimson || spawnInfo.Player.ZoneDesert || spawnInfo.Player.ZoneUndergroundDesert))) && (tsorcRevampWorld.SuperHardMode) && (!((spawnInfo.Player.ZoneDirtLayerHeight || spawnInfo.Player.ZoneRockLayerHeight))) && ((spawnInfo.Player.ZoneOverworldHeight && !Main.dayTime))",NPCs/Enemies/Basilisk/BasiliskHunter.cs,112
NPC Spawn Rule,BasiliskHunter,Basilisk Hunter,Enemies,ModNPC,Natural spawn rules,3,—,2500,48,80,No,No,No,SpawnChance,0f,SuperHardmode,Corruption + Crimson + Desert,Any / condition-defined depth,Day and night / unspecified,—,Unspecified,"(!(!BasiliskSpawnRules.MeetsSharedRequirements(spawnInfo, Type))) && (!(spawnInfo.Player.ZoneDungeon || spawnInfo.Player.ZoneJungle || spawnInfo.Player.ZoneHallow || spawnInfo.Player.ZoneMeteor)) && (!(!(spawnInfo.Player.ZoneCorrupt || spawnInfo.Player.ZoneCrimson || spawnInfo.Player.ZoneDesert || spawnInfo.Player.ZoneUndergroundDesert))) && (tsorcRevampWorld.SuperHardMode) && (!((spawnInfo.Player.ZoneDirtLayerHeight || spawnInfo.Player.ZoneRockLayerHeight))) && (!((spawnInfo.Player.ZoneOverworldHeight && !Main.dayTime)))",NPCs/Enemies/Basilisk/BasiliskHunter.cs,115
NPC Spawn Rule,BasiliskHunter,Basilisk Hunter,Enemies,ModNPC,Natural spawn rules,3,—,2500,48,80,No,No,No,SpawnChance,0f,Pre-Hardmode + Hardmode,Corruption + Crimson + Desert,Any / condition-defined depth,Day and night / unspecified,—,Unspecified,"(!(!BasiliskSpawnRules.MeetsSharedRequirements(spawnInfo, Type))) && (!(spawnInfo.Player.ZoneDungeon || spawnInfo.Player.ZoneJungle || spawnInfo.Player.ZoneHallow || spawnInfo.Player.ZoneMeteor)) && (!(!(spawnInfo.Player.ZoneCorrupt || spawnInfo.Player.ZoneCrimson || spawnInfo.Player.ZoneDesert || spawnInfo.Player.ZoneUndergroundDesert))) && (!(tsorcRevampWorld.SuperHardMode))",NPCs/Enemies/Basilisk/BasiliskHunter.cs,115
NPC Spawn Rule,BasiliskShifter,Basilisk Shifter,Enemies,ModNPC,Natural spawn rules,2,—,350,30,55,No,No,No,SpawnChance,0f,Pre-Hardmode + Hardmode + SuperHardmode,General / Custom,Any / condition-defined depth,Day and night / unspecified,—,Unspecified,"(!BasiliskSpawnRules.MeetsSharedRequirements(spawnInfo, Type))",NPCs/Enemies/Basilisk/BasiliskShifter.cs,95
NPC Spawn Rule,BasiliskShifter,Basilisk Shifter,Enemies,ModNPC,Natural spawn rules,2,—,350,30,55,No,No,No,SpawnChance,0f,Pre-Hardmode + Hardmode + SuperHardmode,Hallow + Jungle + Dungeon + Meteor,Any / condition-defined depth,Day and night / unspecified,—,Unspecified,"(!(!BasiliskSpawnRules.MeetsSharedRequirements(spawnInfo, Type))) && (spawnInfo.Player.ZoneDungeon || spawnInfo.Player.ZoneJungle || spawnInfo.Player.ZoneHallow || spawnInfo.Player.ZoneMeteor)",NPCs/Enemies/Basilisk/BasiliskShifter.cs,96
NPC Spawn Rule,BasiliskShifter,Basilisk Shifter,Enemies,ModNPC,Natural spawn rules,2,—,350,30,55,No,No,No,SpawnChance,0f,Pre-Hardmode + Hardmode + SuperHardmode,General / Custom,Any / condition-defined depth,Day and night / unspecified,—,Unspecified,"(!(!BasiliskSpawnRules.MeetsSharedRequirements(spawnInfo, Type))) && (!(spawnInfo.Player.ZoneDungeon || spawnInfo.Player.ZoneJungle || spawnInfo.Player.ZoneHallow || spawnInfo.Player.ZoneMeteor)) && (!(spawnInfo.Player.ZoneCorrupt || spawnInfo.Player.ZoneCrimson || spawnInfo.Player.ZoneDesert || spawnInfo.Player.ZoneUndergroundDesert))",NPCs/Enemies/Basilisk/BasiliskShifter.cs,102
NPC Spawn Rule,BasiliskShifter,Basilisk Shifter,Enemies,ModNPC,Natural spawn rules,2,—,350,30,55,No,No,No,SpawnChance,0.075f,SuperHardmode,Corruption + Crimson + Desert,Underground or Caverns,Day and night / unspecified,—,Unspecified,"(!(!BasiliskSpawnRules.MeetsSharedRequirements(spawnInfo, Type))) && (!(spawnInfo.Player.ZoneDungeon || spawnInfo.Player.ZoneJungle || spawnInfo.Player.ZoneHallow || spawnInfo.Player.ZoneMeteor)) && (!(!(spawnInfo.Player.ZoneCorrupt || spawnInfo.Player.ZoneCrimson || spawnInfo.Player.ZoneDesert || spawnInfo.Player.ZoneUndergroundDesert))) && (tsorcRevampWorld.SuperHardMode) && ((spawnInfo.Player.ZoneDirtLayerHeight || spawnInfo.Player.ZoneRockLayerHeight))",NPCs/Enemies/Basilisk/BasiliskShifter.cs,106
NPC Spawn Rule,BasiliskShifter,Basilisk Shifter,Enemies,ModNPC,Natural spawn rules,2,—,350,30,55,No,No,No,SpawnChance,0.075f,SuperHardmode,Corruption + Crimson + Desert,Surface,Night,—,Unspecified,"(!(!BasiliskSpawnRules.MeetsSharedRequirements(spawnInfo, Type))) && (!(spawnInfo.Player.ZoneDungeon || spawnInfo.Player.ZoneJungle || spawnInfo.Player.ZoneHallow || spawnInfo.Player.ZoneMeteor)) && (!(!(spawnInfo.Player.ZoneCorrupt || spawnInfo.Player.ZoneCrimson || spawnInfo.Player.ZoneDesert || spawnInfo.Player.ZoneUndergroundDesert))) && (tsorcRevampWorld.SuperHardMode) && (!((spawnInfo.Player.ZoneDirtLayerHeight || spawnInfo.Player.ZoneRockLayerHeight))) && ((spawnInfo.Player.ZoneOverworldHeight && !Main.dayTime))",NPCs/Enemies/Basilisk/BasiliskShifter.cs,107
NPC Spawn Rule,BasiliskShifter,Basilisk Shifter,Enemies,ModNPC,Natural spawn rules,2,—,350,30,55,No,No,No,SpawnChance,0.15f,Hardmode,Corruption + Crimson + Desert,Underground or Caverns,Day and night / unspecified,—,Unspecified,"(!(!BasiliskSpawnRules.MeetsSharedRequirements(spawnInfo, Type))) && (!(spawnInfo.Player.ZoneDungeon || spawnInfo.Player.ZoneJungle || spawnInfo.Player.ZoneHallow || spawnInfo.Player.ZoneMeteor)) && (!(!(spawnInfo.Player.ZoneCorrupt || spawnInfo.Player.ZoneCrimson || spawnInfo.Player.ZoneDesert || spawnInfo.Player.ZoneUndergroundDesert))) && (!(tsorcRevampWorld.SuperHardMode)) && (Main.hardMode) && ((spawnInfo.Player.ZoneDirtLayerHeight || spawnInfo.Player.ZoneRockLayerHeight))",NPCs/Enemies/Basilisk/BasiliskShifter.cs,111
NPC Spawn Rule,BasiliskShifter,Basilisk Shifter,Enemies,ModNPC,Natural spawn rules,2,—,350,30,55,No,No,No,SpawnChance,0.15f,Hardmode,Corruption + Crimson + Desert,Surface,Night,—,Unspecified,"(!(!BasiliskSpawnRules.MeetsSharedRequirements(spawnInfo, Type))) && (!(spawnInfo.Player.ZoneDungeon || spawnInfo.Player.ZoneJungle || spawnInfo.Player.ZoneHallow || spawnInfo.Player.ZoneMeteor)) && (!(!(spawnInfo.Player.ZoneCorrupt || spawnInfo.Player.ZoneCrimson || spawnInfo.Player.ZoneDesert || spawnInfo.Player.ZoneUndergroundDesert))) && (!(tsorcRevampWorld.SuperHardMode)) && (Main.hardMode) && (!((spawnInfo.Player.ZoneDirtLayerHeight || spawnInfo.Player.ZoneRockLayerHeight))) && ((spawnInfo.Player.ZoneOverworldHeight && !Main.dayTime))",NPCs/Enemies/Basilisk/BasiliskShifter.cs,112
NPC Spawn Rule,BasiliskShifter,Basilisk Shifter,Enemies,ModNPC,Natural spawn rules,2,—,350,30,55,No,No,No,SpawnChance,0f,SuperHardmode,Corruption + Crimson + Desert,Any / condition-defined depth,Day and night / unspecified,—,Unspecified,"(!(!BasiliskSpawnRules.MeetsSharedRequirements(spawnInfo, Type))) && (!(spawnInfo.Player.ZoneDungeon || spawnInfo.Player.ZoneJungle || spawnInfo.Player.ZoneHallow || spawnInfo.Player.ZoneMeteor)) && (!(!(spawnInfo.Player.ZoneCorrupt || spawnInfo.Player.ZoneCrimson || spawnInfo.Player.ZoneDesert || spawnInfo.Player.ZoneUndergroundDesert))) && (tsorcRevampWorld.SuperHardMode) && (!((spawnInfo.Player.ZoneDirtLayerHeight || spawnInfo.Player.ZoneRockLayerHeight))) && (!((spawnInfo.Player.ZoneOverworldHeight && !Main.dayTime)))",NPCs/Enemies/Basilisk/BasiliskShifter.cs,115
NPC Spawn Rule,BasiliskShifter,Basilisk Shifter,Enemies,ModNPC,Natural spawn rules,2,—,350,30,55,No,No,No,SpawnChance,0f,Hardmode,Corruption + Crimson + Desert,Any / condition-defined depth,Day and night / unspecified,—,Unspecified,"(!(!BasiliskSpawnRules.MeetsSharedRequirements(spawnInfo, Type))) && (!(spawnInfo.Player.ZoneDungeon || spawnInfo.Player.ZoneJungle || spawnInfo.Player.ZoneHallow || spawnInfo.Player.ZoneMeteor)) && (!(!(spawnInfo.Player.ZoneCorrupt || spawnInfo.Player.ZoneCrimson || spawnInfo.Player.ZoneDesert || spawnInfo.Player.ZoneUndergroundDesert))) && (!(tsorcRevampWorld.SuperHardMode)) && (Main.hardMode) && (!((spawnInfo.Player.ZoneDirtLayerHeight || spawnInfo.Player.ZoneRockLayerHeight))) && (!((spawnInfo.Player.ZoneOverworldHeight && !Main.dayTime)))",NPCs/Enemies/Basilisk/BasiliskShifter.cs,115
NPC Spawn Rule,BasiliskShifter,Basilisk Shifter,Enemies,ModNPC,Natural spawn rules,2,—,350,30,55,No,No,No,SpawnChance,0f,Pre-Hardmode,Corruption + Crimson + Desert,Any / condition-defined depth,Day and night / unspecified,—,Unspecified,"(!(!BasiliskSpawnRules.MeetsSharedRequirements(spawnInfo, Type))) && (!(spawnInfo.Player.ZoneDungeon || spawnInfo.Player.ZoneJungle || spawnInfo.Player.ZoneHallow || spawnInfo.Player.ZoneMeteor)) && (!(!(spawnInfo.Player.ZoneCorrupt || spawnInfo.Player.ZoneCrimson || spawnInfo.Player.ZoneDesert || spawnInfo.Player.ZoneUndergroundDesert))) && (!(tsorcRevampWorld.SuperHardMode)) && (!(Main.hardMode))",NPCs/Enemies/Basilisk/BasiliskShifter.cs,115
NPC Spawn Rule,BasiliskWalker,Basilisk Walker,Enemies,ModNPC,Natural spawn rules,2,—,250,33,20,No,No,No,SpawnChance,0f,Pre-Hardmode + Hardmode + SuperHardmode,General / Custom,Any / condition-defined depth,Day and night / unspecified,—,Unspecified,"(!BasiliskSpawnRules.MeetsSharedRequirements(spawnInfo, Type))",NPCs/Enemies/Basilisk/BasiliskWalker.cs,85
NPC Spawn Rule,BasiliskWalker,Basilisk Walker,Enemies,ModNPC,Natural spawn rules,2,—,250,33,20,No,No,No,SpawnChance,0f,Pre-Hardmode + Hardmode + SuperHardmode,Hallow + Jungle + Dungeon + Meteor,Any / condition-defined depth,Day and night / unspecified,—,Unspecified,"(!(!BasiliskSpawnRules.MeetsSharedRequirements(spawnInfo, Type))) && (spawnInfo.Player.ZoneDungeon || spawnInfo.Player.ZoneJungle || spawnInfo.Player.ZoneHallow || spawnInfo.Player.ZoneMeteor)",NPCs/Enemies/Basilisk/BasiliskWalker.cs,89
NPC Spawn Rule,BasiliskWalker,Basilisk Walker,Enemies,ModNPC,Natural spawn rules,2,—,250,33,20,No,No,No,SpawnChance,0f,Pre-Hardmode + Hardmode + SuperHardmode,General / Custom,Any / condition-defined depth,Day and night / unspecified,—,Unspecified,"(!(!BasiliskSpawnRules.MeetsSharedRequirements(spawnInfo, Type))) && (!(spawnInfo.Player.ZoneDungeon || spawnInfo.Player.ZoneJungle || spawnInfo.Player.ZoneHallow || spawnInfo.Player.ZoneMeteor)) && (!(spawnInfo.Player.ZoneCorrupt || spawnInfo.Player.ZoneCrimson || spawnInfo.Player.ZoneDesert || spawnInfo.Player.ZoneUndergroundDesert))",NPCs/Enemies/Basilisk/BasiliskWalker.cs,95
NPC Spawn Rule,BasiliskWalker,Basilisk Walker,Enemies,ModNPC,Natural spawn rules,2,—,250,33,20,No,No,No,SpawnChance,0.15f,Pre-Hardmode,Corruption + Crimson + Desert,Underground or Caverns,Day and night / unspecified,—,Unspecified,"(!(!BasiliskSpawnRules.MeetsSharedRequirements(spawnInfo, Type))) && (!(spawnInfo.Player.ZoneDungeon || spawnInfo.Player.ZoneJungle || spawnInfo.Player.ZoneHallow || spawnInfo.Player.ZoneMeteor)) && (!(!(spawnInfo.Player.ZoneCorrupt || spawnInfo.Player.ZoneCrimson || spawnInfo.Player.ZoneDesert || spawnInfo.Player.ZoneUndergroundDesert))) && (!Main.hardMode) && ((spawnInfo.Player.ZoneDirtLayerHeight || spawnInfo.Player.ZoneRockLayerHeight))",NPCs/Enemies/Basilisk/BasiliskWalker.cs,99
NPC Spawn Rule,BasiliskWalker,Basilisk Walker,Enemies,ModNPC,Natural spawn rules,2,—,250,33,20,No,No,No,SpawnChance,0.15f,Pre-Hardmode,Corruption + Crimson + Desert,Surface,Night,—,Unspecified,"(!(!BasiliskSpawnRules.MeetsSharedRequirements(spawnInfo, Type))) && (!(spawnInfo.Player.ZoneDungeon || spawnInfo.Player.ZoneJungle || spawnInfo.Player.ZoneHallow || spawnInfo.Player.ZoneMeteor)) && (!(!(spawnInfo.Player.ZoneCorrupt || spawnInfo.Player.ZoneCrimson || spawnInfo.Player.ZoneDesert || spawnInfo.Player.ZoneUndergroundDesert))) && (!Main.hardMode) && (!((spawnInfo.Player.ZoneDirtLayerHeight || spawnInfo.Player.ZoneRockLayerHeight))) && ((spawnInfo.Player.ZoneOverworldHeight && !Main.dayTime))",NPCs/Enemies/Basilisk/BasiliskWalker.cs,100
NPC Spawn Rule,BasiliskWalker,Basilisk Walker,Enemies,ModNPC,Natural spawn rules,2,—,250,33,20,No,No,No,SpawnChance,0.05f,Hardmode,Corruption + Crimson + Desert,Underground or Caverns,Day and night / unspecified,—,Unspecified,"(!(!BasiliskSpawnRules.MeetsSharedRequirements(spawnInfo, Type))) && (!(spawnInfo.Player.ZoneDungeon || spawnInfo.Player.ZoneJungle || spawnInfo.Player.ZoneHallow || spawnInfo.Player.ZoneMeteor)) && (!(!(spawnInfo.Player.ZoneCorrupt || spawnInfo.Player.ZoneCrimson || spawnInfo.Player.ZoneDesert || spawnInfo.Player.ZoneUndergroundDesert))) && (!(!Main.hardMode)) && (!tsorcRevampWorld.SuperHardMode) && ((spawnInfo.Player.ZoneDirtLayerHeight || spawnInfo.Player.ZoneRockLayerHeight))",NPCs/Enemies/Basilisk/BasiliskWalker.cs,104
NPC Spawn Rule,BasiliskWalker,Basilisk Walker,Enemies,ModNPC,Natural spawn rules,2,—,250,33,20,No,No,No,SpawnChance,0.05f,Hardmode,Corruption + Crimson + Desert,Surface,Night,—,Unspecified,"(!(!BasiliskSpawnRules.MeetsSharedRequirements(spawnInfo, Type))) && (!(spawnInfo.Player.ZoneDungeon || spawnInfo.Player.ZoneJungle || spawnInfo.Player.ZoneHallow || spawnInfo.Player.ZoneMeteor)) && (!(!(spawnInfo.Player.ZoneCorrupt || spawnInfo.Player.ZoneCrimson || spawnInfo.Player.ZoneDesert || spawnInfo.Player.ZoneUndergroundDesert))) && (!(!Main.hardMode)) && (!tsorcRevampWorld.SuperHardMode) && (!((spawnInfo.Player.ZoneDirtLayerHeight || spawnInfo.Player.ZoneRockLayerHeight))) && ((spawnInfo.Player.ZoneOverworldHeight && !Main.dayTime))",NPCs/Enemies/Basilisk/BasiliskWalker.cs,105
NPC Spawn Rule,BasiliskWalker,Basilisk Walker,Enemies,ModNPC,Natural spawn rules,2,—,250,33,20,No,No,No,SpawnChance,0f,Pre-Hardmode,Corruption + Crimson + Desert,Any / condition-defined depth,Day and night / unspecified,—,Unspecified,"(!(!BasiliskSpawnRules.MeetsSharedRequirements(spawnInfo, Type))) && (!(spawnInfo.Player.ZoneDungeon || spawnInfo.Player.ZoneJungle || spawnInfo.Player.ZoneHallow || spawnInfo.Player.ZoneMeteor)) && (!(!(spawnInfo.Player.ZoneCorrupt || spawnInfo.Player.ZoneCrimson || spawnInfo.Player.ZoneDesert || spawnInfo.Player.ZoneUndergroundDesert))) && (!Main.hardMode) && (!((spawnInfo.Player.ZoneDirtLayerHeight || spawnInfo.Player.ZoneRockLayerHeight))) && (!((spawnInfo.Player.ZoneOverworldHeight && !Main.dayTime)))",NPCs/Enemies/Basilisk/BasiliskWalker.cs,108
NPC Spawn Rule,BasiliskWalker,Basilisk Walker,Enemies,ModNPC,Natural spawn rules,2,—,250,33,20,No,No,No,SpawnChance,0f,Hardmode,Corruption + Crimson + Desert,Any / condition-defined depth,Day and night / unspecified,—,Unspecified,"(!(!BasiliskSpawnRules.MeetsSharedRequirements(spawnInfo, Type))) && (!(spawnInfo.Player.ZoneDungeon || spawnInfo.Player.ZoneJungle || spawnInfo.Player.ZoneHallow || spawnInfo.Player.ZoneMeteor)) && (!(!(spawnInfo.Player.ZoneCorrupt || spawnInfo.Player.ZoneCrimson || spawnInfo.Player.ZoneDesert || spawnInfo.Player.ZoneUndergroundDesert))) && (!(!Main.hardMode)) && (!tsorcRevampWorld.SuperHardMode) && (!((spawnInfo.Player.ZoneDirtLayerHeight || spawnInfo.Player.ZoneRockLayerHeight))) && (!((spawnInfo.Player.ZoneOverworldHeight && !Main.dayTime)))",NPCs/Enemies/Basilisk/BasiliskWalker.cs,108
NPC Spawn Rule,BasiliskWalker,Basilisk Walker,Enemies,ModNPC,Natural spawn rules,2,—,250,33,20,No,No,No,SpawnChance,0f,SuperHardmode,Corruption + Crimson + Desert,Any / condition-defined depth,Day and night / unspecified,—,Unspecified,"(!(!BasiliskSpawnRules.MeetsSharedRequirements(spawnInfo, Type))) && (!(spawnInfo.Player.ZoneDungeon || spawnInfo.Player.ZoneJungle || spawnInfo.Player.ZoneHallow || spawnInfo.Player.ZoneMeteor)) && (!(!(spawnInfo.Player.ZoneCorrupt || spawnInfo.Player.ZoneCrimson || spawnInfo.Player.ZoneDesert || spawnInfo.Player.ZoneUndergroundDesert))) && (!(!Main.hardMode)) && (!(!tsorcRevampWorld.SuperHardMode))",NPCs/Enemies/Basilisk/BasiliskWalker.cs,108
NPC Spawn Rule,BlackKnight,Black Knight,Enemies,ModNPC,Natural spawn rules,1,—,4000,120,75,No,No,No,SpawnChance,0f,Pre-Hardmode + Hardmode + SuperHardmode,General / Custom,Any / condition-defined depth,Day and night / unspecified,—,Unspecified,(spawnInfo.Player.townNPCs > 1f),NPCs/Enemies/BlackKnight.cs,182
NPC Spawn Rule,BlackKnight,Black Knight,Enemies,ModNPC,Natural spawn rules,1,—,4000,120,75,No,No,No,SpawnChance,1,Pre-Hardmode + Hardmode + SuperHardmode,Neutral Overworld (Forest),Surface,Night,1/250,Unspecified,(!(spawnInfo.Player.townNPCs > 1f)) && (!spawnInfo.Player.ZoneMeteor && !spawnInfo.Player.ZoneDungeon && !(spawnInfo.Player.ZoneCorrupt || spawnInfo.Player.ZoneCrimson) && spawnInfo.Player.ZoneOverworldHeight && NPC.downedBoss3 && !Main.dayTime && Main.rand.NextBool(250)),NPCs/Enemies/BlackKnight.cs,183
NPC Spawn Rule,BlackKnight,Black Knight,Enemies,ModNPC,Natural spawn rules,1,—,4000,120,75,No,No,No,SpawnChance,1,Hardmode + SuperHardmode,Dungeon,Any / condition-defined depth,Day and night / unspecified,1/100,Unspecified,(!(spawnInfo.Player.townNPCs > 1f)) && (!(!spawnInfo.Player.ZoneMeteor && !spawnInfo.Player.ZoneDungeon && !(spawnInfo.Player.ZoneCorrupt || spawnInfo.Player.ZoneCrimson) && spawnInfo.Player.ZoneOverworldHeight && NPC.downedBoss3 && !Main.dayTime && Main.rand.NextBool(250))) && (Main.hardMode && spawnInfo.Player.ZoneDungeon && Main.rand.NextBool(100)),NPCs/Enemies/BlackKnight.cs,184
NPC Spawn Rule,BlackKnight,Black Knight,Enemies,ModNPC,Natural spawn rules,1,—,4000,120,75,No,No,No,SpawnChance,1,Hardmode + SuperHardmode,General / Custom,Any / condition-defined depth,Night,1/250,Unspecified,(!(spawnInfo.Player.townNPCs > 1f)) && (!(!spawnInfo.Player.ZoneMeteor && !spawnInfo.Player.ZoneDungeon && !(spawnInfo.Player.ZoneCorrupt || spawnInfo.Player.ZoneCrimson) && spawnInfo.Player.ZoneOverworldHeight && NPC.downedBoss3 && !Main.dayTime && Main.rand.NextBool(250))) && (!(Main.hardMode && spawnInfo.Player.ZoneDungeon && Main.rand.NextBool(100))) && (Main.hardMode && !(spawnInfo.Player.ZoneCorrupt || spawnInfo.Player.ZoneCrimson) && !spawnInfo.Player.ZoneBeach && !Main.dayTime && Main.rand.NextBool(250)),NPCs/Enemies/BlackKnight.cs,185
NPC Spawn Rule,BlackKnight,Black Knight,Enemies,ModNPC,Natural spawn rules,1,—,4000,120,75,No,No,No,SpawnChance,1,Hardmode + SuperHardmode,Underworld,Underworld,Night,1/160,Unspecified,(!(spawnInfo.Player.townNPCs > 1f)) && (!(!spawnInfo.Player.ZoneMeteor && !spawnInfo.Player.ZoneDungeon && !(spawnInfo.Player.ZoneCorrupt || spawnInfo.Player.ZoneCrimson) && spawnInfo.Player.ZoneOverworldHeight && NPC.downedBoss3 && !Main.dayTime && Main.rand.NextBool(250))) && (!(Main.hardMode && spawnInfo.Player.ZoneDungeon && Main.rand.NextBool(100))) && (!(Main.hardMode && !(spawnInfo.Player.ZoneCorrupt || spawnInfo.Player.ZoneCrimson) && !spawnInfo.Player.ZoneBeach && !Main.dayTime && Main.rand.NextBool(250))) && (Main.hardMode && spawnInfo.Player.ZoneUnderworldHeight && !Main.dayTime && Main.rand.NextBool(160)),NPCs/Enemies/BlackKnight.cs,186
NPC Spawn Rule,BlackKnight,Black Knight,Enemies,ModNPC,Natural spawn rules,1,—,4000,120,75,No,No,No,SpawnChance,1,SuperHardmode,Dungeon,Any / condition-defined depth,Day and night / unspecified,1/100,Unspecified,(!(spawnInfo.Player.townNPCs > 1f)) && (!(!spawnInfo.Player.ZoneMeteor && !spawnInfo.Player.ZoneDungeon && !(spawnInfo.Player.ZoneCorrupt || spawnInfo.Player.ZoneCrimson) && spawnInfo.Player.ZoneOverworldHeight && NPC.downedBoss3 && !Main.dayTime && Main.rand.NextBool(250))) && (!(Main.hardMode && spawnInfo.Player.ZoneDungeon && Main.rand.NextBool(100))) && (!(Main.hardMode && !(spawnInfo.Player.ZoneCorrupt || spawnInfo.Player.ZoneCrimson) && !spawnInfo.Player.ZoneBeach && !Main.dayTime && Main.rand.NextBool(250))) && (!(Main.hardMode && spawnInfo.Player.ZoneUnderworldHeight && !Main.dayTime && Main.rand.NextBool(160))) && (tsorcRevampWorld.SuperHardMode && spawnInfo.Player.ZoneDungeon && Main.rand.NextBool(100)),NPCs/Enemies/BlackKnight.cs,187
NPC Spawn Rule,BlackKnight,Black Knight,Enemies,ModNPC,Natural spawn rules,1,—,4000,120,75,No,No,No,SpawnChance,0,Pre-Hardmode + Hardmode + SuperHardmode,General / Custom,Any / condition-defined depth,Day and night / unspecified,—,Unspecified,(!(spawnInfo.Player.townNPCs > 1f)) && (!(!spawnInfo.Player.ZoneMeteor && !spawnInfo.Player.ZoneDungeon && !(spawnInfo.Player.ZoneCorrupt || spawnInfo.Player.ZoneCrimson) && spawnInfo.Player.ZoneOverworldHeight && NPC.downedBoss3 && !Main.dayTime && Main.rand.NextBool(250))) && (!(Main.hardMode && spawnInfo.Player.ZoneDungeon && Main.rand.NextBool(100))) && (!(Main.hardMode && !(spawnInfo.Player.ZoneCorrupt || spawnInfo.Player.ZoneCrimson) && !spawnInfo.Player.ZoneBeach && !Main.dayTime && Main.rand.NextBool(250))) && (!(Main.hardMode && spawnInfo.Player.ZoneUnderworldHeight && !Main.dayTime && Main.rand.NextBool(160))) && (!(tsorcRevampWorld.SuperHardMode && spawnInfo.Player.ZoneDungeon && Main.rand.NextBool(100))),NPCs/Enemies/BlackKnight.cs,189
NPC,Blight,Blight,Bosses,ModNPC,No natural spawn method,5,—,300000,53,90,Yes,No,No,None,—,—,—,—,—,—,—,—,NPCs/Bosses/SuperHardMode/Blight.cs,18
NPC,Bonfirefly,Bonfirefly,Special,ModNPC,No natural spawn method,1,—,5,—,—,No,No,No,None,—,—,—,—,—,—,—,—,NPCs/Special/Bonfirefly.cs,10
NPC,BrokenOkiku,Mindflayer Illusion,Bosses,ModNPC,No natural spawn method,10,—,(int)(15400 * (Main.masterMode ? 1.5f : 1)),0,36,Yes,No,No,None,—,—,—,—,—,—,—,—,NPCs/Bosses/Okiku/ThirdForm/BrokenOkiku.cs,14
NPC Spawn Rule,Byakhee,Byakhee,Enemies,ModNPC,Natural spawn rules,1,—,700,50,16,No,No,No,SpawnChance,0,Pre-Hardmode + Hardmode + SuperHardmode,General / Custom,Any / condition-defined depth,Day and night / unspecified,—,Unspecified,(spawnInfo.Invasion),NPCs/Enemies/Byakhee.cs,53
NPC Spawn Rule,Byakhee,Byakhee,Enemies,ModNPC,Natural spawn rules,1,—,700,50,16,No,No,No,SpawnChance,0f,Pre-Hardmode + Hardmode + SuperHardmode,General / Custom,Any / condition-defined depth,Day and night / unspecified,—,Unspecified,(!(spawnInfo.Invasion)) && (spawnInfo.Player.townNPCs > 0f),NPCs/Enemies/Byakhee.cs,56
NPC Spawn Rule,Byakhee,Byakhee,Enemies,ModNPC,Natural spawn rules,1,—,700,50,16,No,No,No,SpawnChance,0.0627f,Hardmode + SuperHardmode,Desert,Surface,Night,—,Unspecified,(!(spawnInfo.Invasion)) && (!(spawnInfo.Player.townNPCs > 0f)) && (spawnInfo.Player.ZoneOverworldHeight && Main.hardMode && spawnInfo.Player.ZoneDesert && !Main.dayTime),NPCs/Enemies/Byakhee.cs,57
NPC Spawn Rule,Byakhee,Byakhee,Enemies,ModNPC,Natural spawn rules,1,—,700,50,16,No,No,No,SpawnChance,0.0368f,Hardmode + SuperHardmode,Desert,Surface,Day,—,Unspecified,(!(spawnInfo.Invasion)) && (!(spawnInfo.Player.townNPCs > 0f)) && (!(spawnInfo.Player.ZoneOverworldHeight && Main.hardMode && spawnInfo.Player.ZoneDesert && !Main.dayTime)) && (spawnInfo.Player.ZoneOverworldHeight && Main.hardMode && spawnInfo.Player.ZoneDesert && Main.dayTime),NPCs/Enemies/Byakhee.cs,58
NPC Spawn Rule,Byakhee,Byakhee,Enemies,ModNPC,Natural spawn rules,1,—,700,50,16,No,No,No,SpawnChance,0.038f,Hardmode + SuperHardmode,Desert,Any / condition-defined depth,Day,—,Unspecified,(!(spawnInfo.Invasion)) && (!(spawnInfo.Player.townNPCs > 0f)) && (!(spawnInfo.Player.ZoneOverworldHeight && Main.hardMode && spawnInfo.Player.ZoneDesert && !Main.dayTime)) && (!(spawnInfo.Player.ZoneOverworldHeight && Main.hardMode && spawnInfo.Player.ZoneDesert && Main.dayTime)) && (spawnInfo.Player.ZoneUndergroundDesert && Main.hardMode && Main.dayTime),NPCs/Enemies/Byakhee.cs,59
NPC Spawn Rule,Byakhee,Byakhee,Enemies,ModNPC,Natural spawn rules,1,—,700,50,16,No,No,No,SpawnChance,0.0433f,Hardmode + SuperHardmode,General / Custom,Surface,Day,—,Unspecified,(!(spawnInfo.Invasion)) && (!(spawnInfo.Player.townNPCs > 0f)) && (!(spawnInfo.Player.ZoneOverworldHeight && Main.hardMode && spawnInfo.Player.ZoneDesert && !Main.dayTime)) && (!(spawnInfo.Player.ZoneOverworldHeight && Main.hardMode && spawnInfo.Player.ZoneDesert && Main.dayTime)) && (!(spawnInfo.Player.ZoneUndergroundDesert && Main.hardMode && Main.dayTime)) && (Main.hardMode && spawnInfo.Player.ZoneRain) && (spawnInfo.Player.ZoneOverworldHeight && Main.dayTime),NPCs/Enemies/Byakhee.cs,63
NPC Spawn Rule,Byakhee,Byakhee,Enemies,ModNPC,Natural spawn rules,1,—,700,50,16,No,No,No,SpawnChance,0.0855f,Hardmode + SuperHardmode,General / Custom,Surface,Night,—,Unspecified,(!(spawnInfo.Invasion)) && (!(spawnInfo.Player.townNPCs > 0f)) && (!(spawnInfo.Player.ZoneOverworldHeight && Main.hardMode && spawnInfo.Player.ZoneDesert && !Main.dayTime)) && (!(spawnInfo.Player.ZoneOverworldHeight && Main.hardMode && spawnInfo.Player.ZoneDesert && Main.dayTime)) && (!(spawnInfo.Player.ZoneUndergroundDesert && Main.hardMode && Main.dayTime)) && (Main.hardMode && spawnInfo.Player.ZoneRain) && (!(spawnInfo.Player.ZoneOverworldHeight && Main.dayTime)) && (spawnInfo.Player.ZoneOverworldHeight && !Main.dayTime),NPCs/Enemies/Byakhee.cs,64
NPC Spawn Rule,Byakhee,Byakhee,Enemies,ModNPC,Natural spawn rules,1,—,700,50,16,No,No,No,SpawnChance,0,Hardmode + SuperHardmode,General / Custom,Any / condition-defined depth,Day and night / unspecified,—,Unspecified,(!(spawnInfo.Invasion)) && (!(spawnInfo.Player.townNPCs > 0f)) && (!(spawnInfo.Player.ZoneOverworldHeight && Main.hardMode && spawnInfo.Player.ZoneDesert && !Main.dayTime)) && (!(spawnInfo.Player.ZoneOverworldHeight && Main.hardMode && spawnInfo.Player.ZoneDesert && Main.dayTime)) && (!(spawnInfo.Player.ZoneUndergroundDesert && Main.hardMode && Main.dayTime)) && (Main.hardMode && spawnInfo.Player.ZoneRain) && (!(spawnInfo.Player.ZoneOverworldHeight && Main.dayTime)) && (!(spawnInfo.Player.ZoneOverworldHeight && !Main.dayTime)),NPCs/Enemies/Byakhee.cs,66
NPC Spawn Rule,Byakhee,Byakhee,Enemies,ModNPC,Natural spawn rules,1,—,700,50,16,No,No,No,SpawnChance,0,Pre-Hardmode + Hardmode + SuperHardmode,General / Custom,Any / condition-defined depth,Day and night / unspecified,—,Unspecified,(!(spawnInfo.Invasion)) && (!(spawnInfo.Player.townNPCs > 0f)) && (!(spawnInfo.Player.ZoneOverworldHeight && Main.hardMode && spawnInfo.Player.ZoneDesert && !Main.dayTime)) && (!(spawnInfo.Player.ZoneOverworldHeight && Main.hardMode && spawnInfo.Player.ZoneDesert && Main.dayTime)) && (!(spawnInfo.Player.ZoneUndergroundDesert && Main.hardMode && Main.dayTime)) && (!(Main.hardMode && spawnInfo.Player.ZoneRain)),NPCs/Enemies/Byakhee.cs,66
NPC,Cataluminance,Cataluminance v2.02,Bosses,ModNPC,No natural spawn method,1,—,120000,50,25,Yes,No,No,None,—,—,—,—,—,—,—,—,NPCs/Bosses/Cataluminance.cs,24
NPC,Chaos,Chaos,Bosses,ModNPC,No natural spawn method,100,—,450000,100,80,Yes,No,No,None,—,—,—,—,—,—,—,—,NPCs/Bosses/SuperHardMode/Chaos.cs,26
NPC Spawn Rule,ClericOfSorrow,Cleric of Sorrow,Enemies,PuppetNPC,Natural spawn rules,1,—,1200,45,50,No,No,No,SpawnChance,0,Pre-Hardmode + Hardmode + SuperHardmode,General / Custom,Any / condition-defined depth,Day and night / unspecified,—,Unspecified,(spawnInfo.Player.townNPCs > 0f),NPCs/Enemies/ClericOfSorrow.cs,187
NPC Spawn Rule,ClericOfSorrow,Cleric of Sorrow,Enemies,PuppetNPC,Natural spawn rules,1,—,1200,45,50,No,No,No,SpawnChance,1,Hardmode + SuperHardmode,Hallow,Any / condition-defined depth,Day and night / unspecified,1/40,Unspecified,(!(spawnInfo.Player.townNPCs > 0f)) && (Main.hardMode && !spawnInfo.Player.ZoneMeteor && !spawnInfo.Player.ZoneJungle && !spawnInfo.Player.ZoneDungeon && !(spawnInfo.Player.ZoneCorrupt || spawnInfo.Player.ZoneCrimson) && spawnInfo.Player.ZoneHallow && Main.rand.NextBool(40)),NPCs/Enemies/ClericOfSorrow.cs,188
NPC Spawn Rule,ClericOfSorrow,Cleric of Sorrow,Enemies,PuppetNPC,Natural spawn rules,1,—,1200,45,50,No,No,No,SpawnChance,1,Hardmode + SuperHardmode,Hallow,Underground,Day and night / unspecified,1/35,Unspecified,(!(spawnInfo.Player.townNPCs > 0f)) && (!(Main.hardMode && !spawnInfo.Player.ZoneMeteor && !spawnInfo.Player.ZoneJungle && !spawnInfo.Player.ZoneDungeon && !(spawnInfo.Player.ZoneCorrupt || spawnInfo.Player.ZoneCrimson) && spawnInfo.Player.ZoneHallow && Main.rand.NextBool(40))) && (Main.hardMode && !spawnInfo.Player.ZoneMeteor && !spawnInfo.Player.ZoneJungle && !spawnInfo.Player.ZoneDungeon && !(spawnInfo.Player.ZoneCorrupt || spawnInfo.Player.ZoneCrimson) && spawnInfo.Player.ZoneHallow && spawnInfo.Player.ZoneDirtLayerHeight && Main.rand.NextBool(35)),NPCs/Enemies/ClericOfSorrow.cs,189
NPC Spawn Rule,ClericOfSorrow,Cleric of Sorrow,Enemies,PuppetNPC,Natural spawn rules,1,—,1200,45,50,No,No,No,SpawnChance,1,Hardmode + SuperHardmode,Hallow,Caverns,Day and night / unspecified,1/25,Unspecified,(!(spawnInfo.Player.townNPCs > 0f)) && (!(Main.hardMode && !spawnInfo.Player.ZoneMeteor && !spawnInfo.Player.ZoneJungle && !spawnInfo.Player.ZoneDungeon && !(spawnInfo.Player.ZoneCorrupt || spawnInfo.Player.ZoneCrimson) && spawnInfo.Player.ZoneHallow && Main.rand.NextBool(40))) && (!(Main.hardMode && !spawnInfo.Player.ZoneMeteor && !spawnInfo.Player.ZoneJungle && !spawnInfo.Player.ZoneDungeon && !(spawnInfo.Player.ZoneCorrupt || spawnInfo.Player.ZoneCrimson) && spawnInfo.Player.ZoneHallow && spawnInfo.Player.ZoneDirtLayerHeight && Main.rand.NextBool(35))) && (Main.hardMode && !spawnInfo.Player.ZoneMeteor && !spawnInfo.Player.ZoneJungle && !spawnInfo.Player.ZoneDungeon && !(spawnInfo.Player.ZoneCorrupt || spawnInfo.Player.ZoneCrimson) && spawnInfo.Player.ZoneHallow && spawnInfo.Player.ZoneRockLayerHeight && Main.rand.NextBool(25)),NPCs/Enemies/ClericOfSorrow.cs,190
NPC Spawn Rule,ClericOfSorrow,Cleric of Sorrow,Enemies,PuppetNPC,Natural spawn rules,1,—,1200,45,50,No,No,No,SpawnChance,1,Hardmode + SuperHardmode,General / Custom,Any / condition-defined depth,Day and night / unspecified,1/15,Unspecified,(!(spawnInfo.Player.townNPCs > 0f)) && (!(Main.hardMode && !spawnInfo.Player.ZoneMeteor && !spawnInfo.Player.ZoneJungle && !spawnInfo.Player.ZoneDungeon && !(spawnInfo.Player.ZoneCorrupt || spawnInfo.Player.ZoneCrimson) && spawnInfo.Player.ZoneHallow && Main.rand.NextBool(40))) && (!(Main.hardMode && !spawnInfo.Player.ZoneMeteor && !spawnInfo.Player.ZoneJungle && !spawnInfo.Player.ZoneDungeon && !(spawnInfo.Player.ZoneCorrupt || spawnInfo.Player.ZoneCrimson) && spawnInfo.Player.ZoneHallow && spawnInfo.Player.ZoneDirtLayerHeight && Main.rand.NextBool(35))) && (!(Main.hardMode && !spawnInfo.Player.ZoneMeteor && !spawnInfo.Player.ZoneJungle && !spawnInfo.Player.ZoneDungeon && !(spawnInfo.Player.ZoneCorrupt || spawnInfo.Player.ZoneCrimson) && spawnInfo.Player.ZoneHallow && spawnInfo.Player.ZoneRockLayerHeight && Main.rand.NextBool(25))) && (Main.hardMode && (spawnInfo.SpawnTileX > (Main.maxTilesX - 800)) && !tsorcRevampWorld.NewSlain.ContainsKey(new NPCDefinition(ModContent.NPCType<NPCs.Bosses.TheSorrow>())) && Main.rand.NextBool(15)),NPCs/Enemies/ClericOfSorrow.cs,191
NPC Spawn Rule,ClericOfSorrow,Cleric of Sorrow,Enemies,PuppetNPC,Natural spawn rules,1,—,1200,45,50,No,No,No,SpawnChance,1,Hardmode + SuperHardmode,General / Custom,Any / condition-defined depth,Day and night / unspecified,1/25,Unspecified,(!(spawnInfo.Player.townNPCs > 0f)) && (!(Main.hardMode && !spawnInfo.Player.ZoneMeteor && !spawnInfo.Player.ZoneJungle && !spawnInfo.Player.ZoneDungeon && !(spawnInfo.Player.ZoneCorrupt || spawnInfo.Player.ZoneCrimson) && spawnInfo.Player.ZoneHallow && Main.rand.NextBool(40))) && (!(Main.hardMode && !spawnInfo.Player.ZoneMeteor && !spawnInfo.Player.ZoneJungle && !spawnInfo.Player.ZoneDungeon && !(spawnInfo.Player.ZoneCorrupt || spawnInfo.Player.ZoneCrimson) && spawnInfo.Player.ZoneHallow && spawnInfo.Player.ZoneDirtLayerHeight && Main.rand.NextBool(35))) && (!(Main.hardMode && !spawnInfo.Player.ZoneMeteor && !spawnInfo.Player.ZoneJungle && !spawnInfo.Player.ZoneDungeon && !(spawnInfo.Player.ZoneCorrupt || spawnInfo.Player.ZoneCrimson) && spawnInfo.Player.ZoneHallow && spawnInfo.Player.ZoneRockLayerHeight && Main.rand.NextBool(25))) && (!(Main.hardMode && (spawnInfo.SpawnTileX > (Main.maxTilesX - 800)) && !tsorcRevampWorld.NewSlain.ContainsKey(new NPCDefinition(ModContent.NPCType<NPCs.Bosses.TheSorrow>())) && Main.rand.NextBool(15))) && (Main.hardMode && (spawnInfo.SpawnTileX > (Main.maxTilesX - 800)) && tsorcRevampWorld.NewSlain.ContainsKey(new NPCDefinition(ModContent.NPCType<NPCs.Bosses.TheSorrow>())) && Main.rand.NextBool(25)),NPCs/Enemies/ClericOfSorrow.cs,192
NPC Spawn Rule,ClericOfSorrow,Cleric of Sorrow,Enemies,PuppetNPC,Natural spawn rules,1,—,1200,45,50,No,No,No,SpawnChance,0,Pre-Hardmode + Hardmode + SuperHardmode,General / Custom,Any / condition-defined depth,Day and night / unspecified,—,Unspecified,(!(spawnInfo.Player.townNPCs > 0f)) && (!(Main.hardMode && !spawnInfo.Player.ZoneMeteor && !spawnInfo.Player.ZoneJungle && !spawnInfo.Player.ZoneDungeon && !(spawnInfo.Player.ZoneCorrupt || spawnInfo.Player.ZoneCrimson) && spawnInfo.Player.ZoneHallow && Main.rand.NextBool(40))) && (!(Main.hardMode && !spawnInfo.Player.ZoneMeteor && !spawnInfo.Player.ZoneJungle && !spawnInfo.Player.ZoneDungeon && !(spawnInfo.Player.ZoneCorrupt || spawnInfo.Player.ZoneCrimson) && spawnInfo.Player.ZoneHallow && spawnInfo.Player.ZoneDirtLayerHeight && Main.rand.NextBool(35))) && (!(Main.hardMode && !spawnInfo.Player.ZoneMeteor && !spawnInfo.Player.ZoneJungle && !spawnInfo.Player.ZoneDungeon && !(spawnInfo.Player.ZoneCorrupt || spawnInfo.Player.ZoneCrimson) && spawnInfo.Player.ZoneHallow && spawnInfo.Player.ZoneRockLayerHeight && Main.rand.NextBool(25))) && (!(Main.hardMode && (spawnInfo.SpawnTileX > (Main.maxTilesX - 800)) && !tsorcRevampWorld.NewSlain.ContainsKey(new NPCDefinition(ModContent.NPCType<NPCs.Bosses.TheSorrow>())) && Main.rand.NextBool(15))) && (!(Main.hardMode && (spawnInfo.SpawnTileX > (Main.maxTilesX - 800)) && tsorcRevampWorld.NewSlain.ContainsKey(new NPCDefinition(ModContent.NPCType<NPCs.Bosses.TheSorrow>())) && Main.rand.NextBool(25))),NPCs/Enemies/ClericOfSorrow.cs,193
NPC Spawn Rule,CloudBat,Cloud Bat,Enemies,ModNPC,Natural spawn rules,1,—,100,65,20,No,No,No,SpawnChance,Terraria.ModLoader.Utilities.SpawnCondition.Sky.Chance * 0.2f,Hardmode + SuperHardmode,General / Custom,Any / condition-defined depth,Day and night / unspecified,—,Unspecified,(Main.hardMode),NPCs/Enemies/CloudBat.cs,36
NPC Spawn Rule,CloudBat,Cloud Bat,Enemies,ModNPC,Natural spawn rules,1,—,100,65,20,No,No,No,SpawnChance,0,Pre-Hardmode,General / Custom,Any / condition-defined depth,Day and night / unspecified,—,Unspecified,(!(Main.hardMode)),NPCs/Enemies/CloudBat.cs,36
NPC Spawn Rule,CorruptedElemental,Abyss Elemental,Enemies,ModNPC,Natural spawn rules,1,—,2000,50,55,No,No,No,SpawnChance,0.5f,SuperHardmode,Corruption + Crimson,Any / condition-defined depth,Day and night / unspecified,—,Unspecified,(tsorcRevampWorld.SuperHardMode) && ((spawnInfo.Player.ZoneCorrupt || spawnInfo.Player.ZoneCrimson) && (spawnInfo.Player.position.Y / 16) < Main.rockLayer && (spawnInfo.Player.position.Y / 16) < Main.maxTilesY - 200 && !spawnInfo.Player.ZoneDungeon),NPCs/Enemies/SuperHardMode/CorruptedElemental.cs,51
NPC Spawn Rule,CorruptedElemental,Abyss Elemental,Enemies,ModNPC,Natural spawn rules,1,—,2000,50,55,No,No,No,SpawnChance,0,SuperHardmode,General / Custom,Any / condition-defined depth,Day and night / unspecified,—,Unspecified,(tsorcRevampWorld.SuperHardMode) && (!((spawnInfo.Player.ZoneCorrupt || spawnInfo.Player.ZoneCrimson) && (spawnInfo.Player.position.Y / 16) < Main.rockLayer && (spawnInfo.Player.position.Y / 16) < Main.maxTilesY - 200 && !spawnInfo.Player.ZoneDungeon)),NPCs/Enemies/SuperHardMode/CorruptedElemental.cs,53
NPC Spawn Rule,CorruptedElemental,Abyss Elemental,Enemies,ModNPC,Natural spawn rules,1,—,2000,50,55,No,No,No,SpawnChance,0,Pre-Hardmode + Hardmode,General / Custom,Any / condition-defined depth,Day and night / unspecified,—,Unspecified,(!(tsorcRevampWorld.SuperHardMode)),NPCs/Enemies/SuperHardMode/CorruptedElemental.cs,55
NPC Spawn Rule,CorruptedHornet,Defiled Hornet,Enemies,ModNPC,Natural spawn rules,1,—,2000,48,45,No,No,No,SpawnChance,1,SuperHardmode,Jungle,Any / condition-defined depth,Day and night / unspecified,1/2,Unspecified,(tsorcRevampWorld.SuperHardMode) && (spawnInfo.Player.ZoneJungle && !spawnInfo.Player.ZoneOverworldHeight && Main.rand.NextBool(2)),NPCs/Enemies/SuperHardMode/CorruptedHornet.cs,53
NPC Spawn Rule,CorruptedHornet,Defiled Hornet,Enemies,ModNPC,Natural spawn rules,1,—,2000,48,45,No,No,No,SpawnChance,0,SuperHardmode,General / Custom,Any / condition-defined depth,Day and night / unspecified,—,Unspecified,(tsorcRevampWorld.SuperHardMode) && (!(spawnInfo.Player.ZoneJungle && !spawnInfo.Player.ZoneOverworldHeight && Main.rand.NextBool(2))),NPCs/Enemies/SuperHardMode/CorruptedHornet.cs,55
NPC Spawn Rule,CorruptedHornet,Defiled Hornet,Enemies,ModNPC,Natural spawn rules,1,—,2000,48,45,No,No,No,SpawnChance,0,Pre-Hardmode + Hardmode,General / Custom,Any / condition-defined depth,Day and night / unspecified,—,Unspecified,(!(tsorcRevampWorld.SuperHardMode)),NPCs/Enemies/SuperHardMode/CorruptedHornet.cs,57
NPC Spawn Rule,CosmicCrystalLizard,Cosmic Crystal Lizard,Enemies,ModNPC,Natural spawn rules,1,—,18,0,9999,No,No,No,SpawnChance,0.02f * (1f + spawnInfo.Player.luck),Pre-Hardmode + Hardmode + SuperHardmode,Neutral Underground / Caverns,Underground or Caverns,Day and night / unspecified,—,Excluded,"(NPC.CountNPCS(ModContent.NPCType<CosmicCrystalLizard>()) < 1 && (spawnInfo.Player.ZoneRockLayerHeight || spawnInfo.Player.ZoneDirtLayerHeight) && !spawnInfo.Water && !Main.tile[spawnInfo.SpawnTileX, spawnInfo.SpawnTileY].IsHalfBlock && !Main.tile[spawnInfo.SpawnTileX, spawnInfo.SpawnTileY].RightSlope && !Main.tile[spawnInfo.SpawnTileX, spawnInfo.SpawnTileY].LeftSlope && !spawnInfo.Player.ZoneJungle)",NPCs/Enemies/CosmicCrystalLizard.cs,58
NPC Spawn Rule,CosmicCrystalLizard,Cosmic Crystal Lizard,Enemies,ModNPC,Natural spawn rules,1,—,18,0,9999,No,No,No,SpawnChance,0.02f * (1f + spawnInfo.Player.luck),Pre-Hardmode + Hardmode + SuperHardmode,Jungle,Underground or Caverns,Day and night / unspecified,—,Excluded,"(!(NPC.CountNPCS(ModContent.NPCType<CosmicCrystalLizard>()) < 1 && (spawnInfo.Player.ZoneRockLayerHeight || spawnInfo.Player.ZoneDirtLayerHeight) && !spawnInfo.Water && !Main.tile[spawnInfo.SpawnTileX, spawnInfo.SpawnTileY].IsHalfBlock && !Main.tile[spawnInfo.SpawnTileX, spawnInfo.SpawnTileY].RightSlope && !Main.tile[spawnInfo.SpawnTileX, spawnInfo.SpawnTileY].LeftSlope && !spawnInfo.Player.ZoneJungle)) && (NPC.CountNPCS(ModContent.NPCType<CosmicCrystalLizard>()) < 1 && (spawnInfo.Player.ZoneRockLayerHeight || spawnInfo.Player.ZoneDirtLayerHeight) && !spawnInfo.Water && !Main.tile[spawnInfo.SpawnTileX, spawnInfo.SpawnTileY].IsHalfBlock && !Main.tile[spawnInfo.SpawnTileX, spawnInfo.SpawnTileY].RightSlope && !Main.tile[spawnInfo.SpawnTileX, spawnInfo.SpawnTileY].LeftSlope && spawnInfo.Player.ZoneJungle)",NPCs/Enemies/CosmicCrystalLizard.cs,62
NPC Spawn Rule,CosmicCrystalLizard,Cosmic Crystal Lizard,Enemies,ModNPC,Natural spawn rules,1,—,18,0,9999,No,No,No,SpawnChance,0.02f * (1f + spawnInfo.Player.luck),Pre-Hardmode + Hardmode + SuperHardmode,General / Custom,Surface,Day and night / unspecified,—,Excluded,"(!(NPC.CountNPCS(ModContent.NPCType<CosmicCrystalLizard>()) < 1 && (spawnInfo.Player.ZoneRockLayerHeight || spawnInfo.Player.ZoneDirtLayerHeight) && !spawnInfo.Water && !Main.tile[spawnInfo.SpawnTileX, spawnInfo.SpawnTileY].IsHalfBlock && !Main.tile[spawnInfo.SpawnTileX, spawnInfo.SpawnTileY].RightSlope && !Main.tile[spawnInfo.SpawnTileX, spawnInfo.SpawnTileY].LeftSlope && !spawnInfo.Player.ZoneJungle)) && (!(NPC.CountNPCS(ModContent.NPCType<CosmicCrystalLizard>()) < 1 && (spawnInfo.Player.ZoneRockLayerHeight || spawnInfo.Player.ZoneDirtLayerHeight) && !spawnInfo.Water && !Main.tile[spawnInfo.SpawnTileX, spawnInfo.SpawnTileY].IsHalfBlock && !Main.tile[spawnInfo.SpawnTileX, spawnInfo.SpawnTileY].RightSlope && !Main.tile[spawnInfo.SpawnTileX, spawnInfo.SpawnTileY].LeftSlope && spawnInfo.Player.ZoneJungle)) && (NPC.CountNPCS(ModContent.NPCType<CosmicCrystalLizard>()) < 1 && spawnInfo.Player.ZoneOverworldHeight && !spawnInfo.Water && !Main.tile[spawnInfo.SpawnTileX, spawnInfo.SpawnTileY].IsHalfBlock && !Main.tile[spawnInfo.SpawnTileX, spawnInfo.SpawnTileY].RightSlope && !Main.tile[spawnInfo.SpawnTileX, spawnInfo.SpawnTileY].LeftSlope && (Main.tile[spawnInfo.SpawnTileX, spawnInfo.SpawnTileY - 2].WallType == WallID.DirtUnsafe || Main.tile[spawnInfo.SpawnTileX, spawnInfo.SpawnTileY - 2].WallType == WallID.MudUnsafe || Main.tile[spawnInfo.SpawnTileX, spawnInfo.SpawnTileY - 2].WallType == WallID.Planked))",NPCs/Enemies/CosmicCrystalLizard.cs,66
NPC Spawn Rule,CosmicCrystalLizard,Cosmic Crystal Lizard,Enemies,ModNPC,Natural spawn rules,1,—,18,0,9999,No,No,No,SpawnChance,0,Pre-Hardmode + Hardmode + SuperHardmode,General / Custom,Any / condition-defined depth,Day and night / unspecified,—,Unspecified,"(!(NPC.CountNPCS(ModContent.NPCType<CosmicCrystalLizard>()) < 1 && (spawnInfo.Player.ZoneRockLayerHeight || spawnInfo.Player.ZoneDirtLayerHeight) && !spawnInfo.Water && !Main.tile[spawnInfo.SpawnTileX, spawnInfo.SpawnTileY].IsHalfBlock && !Main.tile[spawnInfo.SpawnTileX, spawnInfo.SpawnTileY].RightSlope && !Main.tile[spawnInfo.SpawnTileX, spawnInfo.SpawnTileY].LeftSlope && !spawnInfo.Player.ZoneJungle)) && (!(NPC.CountNPCS(ModContent.NPCType<CosmicCrystalLizard>()) < 1 && (spawnInfo.Player.ZoneRockLayerHeight || spawnInfo.Player.ZoneDirtLayerHeight) && !spawnInfo.Water && !Main.tile[spawnInfo.SpawnTileX, spawnInfo.SpawnTileY].IsHalfBlock && !Main.tile[spawnInfo.SpawnTileX, spawnInfo.SpawnTileY].RightSlope && !Main.tile[spawnInfo.SpawnTileX, spawnInfo.SpawnTileY].LeftSlope && spawnInfo.Player.ZoneJungle)) && (!(NPC.CountNPCS(ModContent.NPCType<CosmicCrystalLizard>()) < 1 && spawnInfo.Player.ZoneOverworldHeight && !spawnInfo.Water && !Main.tile[spawnInfo.SpawnTileX, spawnInfo.SpawnTileY].IsHalfBlock && !Main.tile[spawnInfo.SpawnTileX, spawnInfo.SpawnTileY].RightSlope && !Main.tile[spawnInfo.SpawnTileX, spawnInfo.SpawnTileY].LeftSlope && (Main.tile[spawnInfo.SpawnTileX, spawnInfo.SpawnTileY - 2].WallType == WallID.DirtUnsafe || Main.tile[spawnInfo.SpawnTileX, spawnInfo.SpawnTileY - 2].WallType == WallID.MudUnsafe || Main.tile[spawnInfo.SpawnTileX, spawnInfo.SpawnTileY - 2].WallType == WallID.Planked)))",NPCs/Enemies/CosmicCrystalLizard.cs,68
NPC Spawn Rule,CrazedDemonSpirit,Crazed Demon Spirit,Enemies,ModNPC,Natural spawn rules,6,—,1000,180,85,No,No,No,SpawnChance,1,Hardmode + SuperHardmode,Meteor,Any / condition-defined depth,Day and night / unspecified,1/25,Unspecified,(spawnInfo.Player.ZoneMeteor && Main.hardMode && Main.rand.NextBool(25)),NPCs/Enemies/CrazedDemonSpirit.cs,108
NPC Spawn Rule,CrazedDemonSpirit,Crazed Demon Spirit,Enemies,ModNPC,Natural spawn rules,6,—,1000,180,85,No,No,No,SpawnChance,1,Pre-Hardmode + Hardmode + SuperHardmode,Underworld,Underworld,Day and night / unspecified,1/300,Unspecified,(!(spawnInfo.Player.ZoneMeteor && Main.hardMode && Main.rand.NextBool(25))) && (tsorcRevampWorld.NewSlain.ContainsKey(new NPCDefinition(ModContent.NPCType<NPCs.Bosses.TheSorrow>()))) && ((spawnInfo.Player.ZoneUnderworldHeight) && Main.rand.NextBool(300)),NPCs/Enemies/CrazedDemonSpirit.cs,112
NPC Spawn Rule,CrazedDemonSpirit,Crazed Demon Spirit,Enemies,ModNPC,Natural spawn rules,6,—,1000,180,85,No,No,No,SpawnChance,1,Hardmode + SuperHardmode,Underworld,Underworld,Day and night / unspecified,1/15,Unspecified,(!(spawnInfo.Player.ZoneMeteor && Main.hardMode && Main.rand.NextBool(25))) && (tsorcRevampWorld.NewSlain.ContainsKey(new NPCDefinition(ModContent.NPCType<NPCs.Bosses.TheSorrow>()))) && (!((spawnInfo.Player.ZoneUnderworldHeight) && Main.rand.NextBool(300))) && ((spawnInfo.Player.ZoneUnderworldHeight) && Main.hardMode && Main.rand.NextBool(15)),NPCs/Enemies/CrazedDemonSpirit.cs,113
NPC Spawn Rule,CrazedDemonSpirit,Crazed Demon Spirit,Enemies,ModNPC,Natural spawn rules,6,—,1000,180,85,No,No,No,SpawnChance,0.15f,SuperHardmode,Crimson,Any / condition-defined depth,Day and night / unspecified,—,Unspecified,(!(spawnInfo.Player.ZoneMeteor && Main.hardMode && Main.rand.NextBool(25))) && (tsorcRevampWorld.NewSlain.ContainsKey(new NPCDefinition(ModContent.NPCType<NPCs.Bosses.TheSorrow>()))) && (!((spawnInfo.Player.ZoneUnderworldHeight) && Main.rand.NextBool(300))) && (!((spawnInfo.Player.ZoneUnderworldHeight) && Main.hardMode && Main.rand.NextBool(15))) && (tsorcRevampWorld.SuperHardMode) && (spawnInfo.Player.ZoneCrimson),NPCs/Enemies/CrazedDemonSpirit.cs,120
NPC Spawn Rule,CrazedDemonSpirit,Crazed Demon Spirit,Enemies,ModNPC,Natural spawn rules,6,—,1000,180,85,No,No,No,SpawnChance,0.15f,SuperHardmode,Crimson,Any / condition-defined depth,Day and night / unspecified,—,Unspecified,(!(spawnInfo.Player.ZoneMeteor && Main.hardMode && Main.rand.NextBool(25))) && (!(tsorcRevampWorld.NewSlain.ContainsKey(new NPCDefinition(ModContent.NPCType<NPCs.Bosses.TheSorrow>())))) && (tsorcRevampWorld.SuperHardMode) && (spawnInfo.Player.ZoneCrimson),NPCs/Enemies/CrazedDemonSpirit.cs,120
NPC Spawn Rule,CrazedDemonSpirit,Crazed Demon Spirit,Enemies,ModNPC,Natural spawn rules,6,—,1000,180,85,No,No,No,SpawnChance,0,SuperHardmode,General / Custom,Any / condition-defined depth,Day and night / unspecified,—,Unspecified,(!(spawnInfo.Player.ZoneMeteor && Main.hardMode && Main.rand.NextBool(25))) && (tsorcRevampWorld.NewSlain.ContainsKey(new NPCDefinition(ModContent.NPCType<NPCs.Bosses.TheSorrow>()))) && (!((spawnInfo.Player.ZoneUnderworldHeight) && Main.rand.NextBool(300))) && (!((spawnInfo.Player.ZoneUnderworldHeight) && Main.hardMode && Main.rand.NextBool(15))) && (tsorcRevampWorld.SuperHardMode) && (!(spawnInfo.Player.ZoneCrimson)),NPCs/Enemies/CrazedDemonSpirit.cs,122
NPC Spawn Rule,CrazedDemonSpirit,Crazed Demon Spirit,Enemies,ModNPC,Natural spawn rules,6,—,1000,180,85,No,No,No,SpawnChance,0,SuperHardmode,General / Custom,Any / condition-defined depth,Day and night / unspecified,—,Unspecified,(!(spawnInfo.Player.ZoneMeteor && Main.hardMode && Main.rand.NextBool(25))) && (!(tsorcRevampWorld.NewSlain.ContainsKey(new NPCDefinition(ModContent.NPCType<NPCs.Bosses.TheSorrow>())))) && (tsorcRevampWorld.SuperHardMode) && (!(spawnInfo.Player.ZoneCrimson)),NPCs/Enemies/CrazedDemonSpirit.cs,122
NPC Spawn Rule,CrazedDemonSpirit,Crazed Demon Spirit,Enemies,ModNPC,Natural spawn rules,6,—,1000,180,85,No,No,No,SpawnChance,0,Pre-Hardmode + Hardmode,General / Custom,Any / condition-defined depth,Day and night / unspecified,—,Unspecified,(!(spawnInfo.Player.ZoneMeteor && Main.hardMode && Main.rand.NextBool(25))) && (tsorcRevampWorld.NewSlain.ContainsKey(new NPCDefinition(ModContent.NPCType<NPCs.Bosses.TheSorrow>()))) && (!((spawnInfo.Player.ZoneUnderworldHeight) && Main.rand.NextBool(300))) && (!((spawnInfo.Player.ZoneUnderworldHeight) && Main.hardMode && Main.rand.NextBool(15))) && (!(tsorcRevampWorld.SuperHardMode)),NPCs/Enemies/CrazedDemonSpirit.cs,124
NPC Spawn Rule,CrazedDemonSpirit,Crazed Demon Spirit,Enemies,ModNPC,Natural spawn rules,6,—,1000,180,85,No,No,No,SpawnChance,0,Pre-Hardmode + Hardmode,General / Custom,Any / condition-defined depth,Day and night / unspecified,—,Unspecified,(!(spawnInfo.Player.ZoneMeteor && Main.hardMode && Main.rand.NextBool(25))) && (!(tsorcRevampWorld.NewSlain.ContainsKey(new NPCDefinition(ModContent.NPCType<NPCs.Bosses.TheSorrow>())))) && (!(tsorcRevampWorld.SuperHardMode)),NPCs/Enemies/CrazedDemonSpirit.cs,124
NPC Spawn Rule,CrystalKnight,Crystal Knight,Enemies,ModNPC,Natural spawn rules,3,—,2800,125,50,No,No,No,SpawnChance,((0.36f) * (2)) * (2),SuperHardmode,Hallow + Snow,Surface,Day and night / unspecified,—,Unspecified,(tsorcRevampWorld.SuperHardMode && spawnInfo.Player.ZoneOverworldHeight && (spawnInfo.Player.ZoneSnow || spawnInfo.Player.ZoneHallow)) && (tsorcRevampWorld.SuperHardMode && !spawnInfo.Player.ZoneOverworldHeight && (spawnInfo.Player.ZoneSnow || spawnInfo.Player.ZoneHallow)) && (spawnInfo.Player.ZoneSnow && spawnInfo.Player.ZoneHallow) && (Main.bloodMoon),NPCs/Enemies/SuperHardMode/CrystalKnight.cs,87
NPC Spawn Rule,CrystalKnight,Crystal Knight,Enemies,ModNPC,Natural spawn rules,3,—,2800,125,50,No,No,No,SpawnChance,(0.36f) * (2),SuperHardmode,Hallow + Snow,Surface,Day and night / unspecified,—,Unspecified,(tsorcRevampWorld.SuperHardMode && spawnInfo.Player.ZoneOverworldHeight && (spawnInfo.Player.ZoneSnow || spawnInfo.Player.ZoneHallow)) && (tsorcRevampWorld.SuperHardMode && !spawnInfo.Player.ZoneOverworldHeight && (spawnInfo.Player.ZoneSnow || spawnInfo.Player.ZoneHallow)) && (spawnInfo.Player.ZoneSnow && spawnInfo.Player.ZoneHallow) && (!(Main.bloodMoon)),NPCs/Enemies/SuperHardMode/CrystalKnight.cs,87
NPC Spawn Rule,CrystalKnight,Crystal Knight,Enemies,ModNPC,Natural spawn rules,3,—,2800,125,50,No,No,No,SpawnChance,(0.36f) * (2),SuperHardmode,Hallow + Snow,Surface,Day and night / unspecified,—,Unspecified,(tsorcRevampWorld.SuperHardMode && spawnInfo.Player.ZoneOverworldHeight && (spawnInfo.Player.ZoneSnow || spawnInfo.Player.ZoneHallow)) && (tsorcRevampWorld.SuperHardMode && !spawnInfo.Player.ZoneOverworldHeight && (spawnInfo.Player.ZoneSnow || spawnInfo.Player.ZoneHallow)) && (!(spawnInfo.Player.ZoneSnow && spawnInfo.Player.ZoneHallow)) && (Main.bloodMoon),NPCs/Enemies/SuperHardMode/CrystalKnight.cs,87
NPC Spawn Rule,CrystalKnight,Crystal Knight,Enemies,ModNPC,Natural spawn rules,3,—,2800,125,50,No,No,No,SpawnChance,0.36f,SuperHardmode,Hallow + Snow,Surface,Day and night / unspecified,—,Unspecified,(tsorcRevampWorld.SuperHardMode && spawnInfo.Player.ZoneOverworldHeight && (spawnInfo.Player.ZoneSnow || spawnInfo.Player.ZoneHallow)) && (tsorcRevampWorld.SuperHardMode && !spawnInfo.Player.ZoneOverworldHeight && (spawnInfo.Player.ZoneSnow || spawnInfo.Player.ZoneHallow)) && (!(spawnInfo.Player.ZoneSnow && spawnInfo.Player.ZoneHallow)) && (!(Main.bloodMoon)),NPCs/Enemies/SuperHardMode/CrystalKnight.cs,87
NPC Spawn Rule,CrystalKnight,Crystal Knight,Enemies,ModNPC,Natural spawn rules,3,—,2800,125,50,No,No,No,SpawnChance,((0.2f) * (2)) * (2),SuperHardmode,Hallow + Snow,Surface,Day and night / unspecified,—,Unspecified,(tsorcRevampWorld.SuperHardMode && spawnInfo.Player.ZoneOverworldHeight && (spawnInfo.Player.ZoneSnow || spawnInfo.Player.ZoneHallow)) && (!(tsorcRevampWorld.SuperHardMode && !spawnInfo.Player.ZoneOverworldHeight && (spawnInfo.Player.ZoneSnow || spawnInfo.Player.ZoneHallow))) && (spawnInfo.Player.ZoneSnow && spawnInfo.Player.ZoneHallow) && (Main.bloodMoon),NPCs/Enemies/SuperHardMode/CrystalKnight.cs,87
NPC Spawn Rule,CrystalKnight,Crystal Knight,Enemies,ModNPC,Natural spawn rules,3,—,2800,125,50,No,No,No,SpawnChance,(0.2f) * (2),SuperHardmode,Hallow + Snow,Surface,Day and night / unspecified,—,Unspecified,(tsorcRevampWorld.SuperHardMode && spawnInfo.Player.ZoneOverworldHeight && (spawnInfo.Player.ZoneSnow || spawnInfo.Player.ZoneHallow)) && (!(tsorcRevampWorld.SuperHardMode && !spawnInfo.Player.ZoneOverworldHeight && (spawnInfo.Player.ZoneSnow || spawnInfo.Player.ZoneHallow))) && (spawnInfo.Player.ZoneSnow && spawnInfo.Player.ZoneHallow) && (!(Main.bloodMoon)),NPCs/Enemies/SuperHardMode/CrystalKnight.cs,87
NPC Spawn Rule,CrystalKnight,Crystal Knight,Enemies,ModNPC,Natural spawn rules,3,—,2800,125,50,No,No,No,SpawnChance,(0.2f) * (2),SuperHardmode,Hallow + Snow,Surface,Day and night / unspecified,—,Unspecified,(tsorcRevampWorld.SuperHardMode && spawnInfo.Player.ZoneOverworldHeight && (spawnInfo.Player.ZoneSnow || spawnInfo.Player.ZoneHallow)) && (!(tsorcRevampWorld.SuperHardMode && !spawnInfo.Player.ZoneOverworldHeight && (spawnInfo.Player.ZoneSnow || spawnInfo.Player.ZoneHallow))) && (!(spawnInfo.Player.ZoneSnow && spawnInfo.Player.ZoneHallow)) && (Main.bloodMoon),NPCs/Enemies/SuperHardMode/CrystalKnight.cs,87
NPC Spawn Rule,CrystalKnight,Crystal Knight,Enemies,ModNPC,Natural spawn rules,3,—,2800,125,50,No,No,No,SpawnChance,0.2f,SuperHardmode,Hallow + Snow,Surface,Day and night / unspecified,—,Unspecified,(tsorcRevampWorld.SuperHardMode && spawnInfo.Player.ZoneOverworldHeight && (spawnInfo.Player.ZoneSnow || spawnInfo.Player.ZoneHallow)) && (!(tsorcRevampWorld.SuperHardMode && !spawnInfo.Player.ZoneOverworldHeight && (spawnInfo.Player.ZoneSnow || spawnInfo.Player.ZoneHallow))) && (!(spawnInfo.Player.ZoneSnow && spawnInfo.Player.ZoneHallow)) && (!(Main.bloodMoon)),NPCs/Enemies/SuperHardMode/CrystalKnight.cs,87
NPC Spawn Rule,CrystalKnight,Crystal Knight,Enemies,ModNPC,Natural spawn rules,3,—,2800,125,50,No,No,No,SpawnChance,((0.36f) * (2)) * (2),SuperHardmode,Hallow + Snow,Any / condition-defined depth,Day and night / unspecified,—,Unspecified,(!(tsorcRevampWorld.SuperHardMode && spawnInfo.Player.ZoneOverworldHeight && (spawnInfo.Player.ZoneSnow || spawnInfo.Player.ZoneHallow))) && (tsorcRevampWorld.SuperHardMode && !spawnInfo.Player.ZoneOverworldHeight && (spawnInfo.Player.ZoneSnow || spawnInfo.Player.ZoneHallow)) && (spawnInfo.Player.ZoneSnow && spawnInfo.Player.ZoneHallow) && (Main.bloodMoon),NPCs/Enemies/SuperHardMode/CrystalKnight.cs,87
NPC Spawn Rule,CrystalKnight,Crystal Knight,Enemies,ModNPC,Natural spawn rules,3,—,2800,125,50,No,No,No,SpawnChance,(0.36f) * (2),SuperHardmode,Hallow + Snow,Any / condition-defined depth,Day and night / unspecified,—,Unspecified,(!(tsorcRevampWorld.SuperHardMode && spawnInfo.Player.ZoneOverworldHeight && (spawnInfo.Player.ZoneSnow || spawnInfo.Player.ZoneHallow))) && (tsorcRevampWorld.SuperHardMode && !spawnInfo.Player.ZoneOverworldHeight && (spawnInfo.Player.ZoneSnow || spawnInfo.Player.ZoneHallow)) && (spawnInfo.Player.ZoneSnow && spawnInfo.Player.ZoneHallow) && (!(Main.bloodMoon)),NPCs/Enemies/SuperHardMode/CrystalKnight.cs,87
NPC Spawn Rule,CrystalKnight,Crystal Knight,Enemies,ModNPC,Natural spawn rules,3,—,2800,125,50,No,No,No,SpawnChance,(0.36f) * (2),SuperHardmode,Hallow + Snow,Any / condition-defined depth,Day and night / unspecified,—,Unspecified,(!(tsorcRevampWorld.SuperHardMode && spawnInfo.Player.ZoneOverworldHeight && (spawnInfo.Player.ZoneSnow || spawnInfo.Player.ZoneHallow))) && (tsorcRevampWorld.SuperHardMode && !spawnInfo.Player.ZoneOverworldHeight && (spawnInfo.Player.ZoneSnow || spawnInfo.Player.ZoneHallow)) && (!(spawnInfo.Player.ZoneSnow && spawnInfo.Player.ZoneHallow)) && (Main.bloodMoon),NPCs/Enemies/SuperHardMode/CrystalKnight.cs,87
NPC Spawn Rule,CrystalKnight,Crystal Knight,Enemies,ModNPC,Natural spawn rules,3,—,2800,125,50,No,No,No,SpawnChance,0.36f,SuperHardmode,Hallow + Snow,Any / condition-defined depth,Day and night / unspecified,—,Unspecified,(!(tsorcRevampWorld.SuperHardMode && spawnInfo.Player.ZoneOverworldHeight && (spawnInfo.Player.ZoneSnow || spawnInfo.Player.ZoneHallow))) && (tsorcRevampWorld.SuperHardMode && !spawnInfo.Player.ZoneOverworldHeight && (spawnInfo.Player.ZoneSnow || spawnInfo.Player.ZoneHallow)) && (!(spawnInfo.Player.ZoneSnow && spawnInfo.Player.ZoneHallow)) && (!(Main.bloodMoon)),NPCs/Enemies/SuperHardMode/CrystalKnight.cs,87
NPC Spawn Rule,CrystalKnight,Crystal Knight,Enemies,ModNPC,Natural spawn rules,3,—,2800,125,50,No,No,No,SpawnChance,((0) * (2)) * (2),Pre-Hardmode + Hardmode + SuperHardmode,Hallow + Snow,Any / condition-defined depth,Day and night / unspecified,—,Unspecified,(!(tsorcRevampWorld.SuperHardMode && spawnInfo.Player.ZoneOverworldHeight && (spawnInfo.Player.ZoneSnow || spawnInfo.Player.ZoneHallow))) && (!(tsorcRevampWorld.SuperHardMode && !spawnInfo.Player.ZoneOverworldHeight && (spawnInfo.Player.ZoneSnow || spawnInfo.Player.ZoneHallow))) && (spawnInfo.Player.ZoneSnow && spawnInfo.Player.ZoneHallow) && (Main.bloodMoon),NPCs/Enemies/SuperHardMode/CrystalKnight.cs,87
NPC Spawn Rule,CrystalKnight,Crystal Knight,Enemies,ModNPC,Natural spawn rules,3,—,2800,125,50,No,No,No,SpawnChance,(0) * (2),Pre-Hardmode + Hardmode + SuperHardmode,Hallow + Snow,Any / condition-defined depth,Day and night / unspecified,—,Unspecified,(!(tsorcRevampWorld.SuperHardMode && spawnInfo.Player.ZoneOverworldHeight && (spawnInfo.Player.ZoneSnow || spawnInfo.Player.ZoneHallow))) && (!(tsorcRevampWorld.SuperHardMode && !spawnInfo.Player.ZoneOverworldHeight && (spawnInfo.Player.ZoneSnow || spawnInfo.Player.ZoneHallow))) && (spawnInfo.Player.ZoneSnow && spawnInfo.Player.ZoneHallow) && (!(Main.bloodMoon)),NPCs/Enemies/SuperHardMode/CrystalKnight.cs,87
NPC Spawn Rule,CrystalKnight,Crystal Knight,Enemies,ModNPC,Natural spawn rules,3,—,2800,125,50,No,No,No,SpawnChance,(0) * (2),Pre-Hardmode + Hardmode + SuperHardmode,General / Custom,Any / condition-defined depth,Day and night / unspecified,—,Unspecified,(!(tsorcRevampWorld.SuperHardMode && spawnInfo.Player.ZoneOverworldHeight && (spawnInfo.Player.ZoneSnow || spawnInfo.Player.ZoneHallow))) && (!(tsorcRevampWorld.SuperHardMode && !spawnInfo.Player.ZoneOverworldHeight && (spawnInfo.Player.ZoneSnow || spawnInfo.Player.ZoneHallow))) && (!(spawnInfo.Player.ZoneSnow && spawnInfo.Player.ZoneHallow)) && (Main.bloodMoon),NPCs/Enemies/SuperHardMode/CrystalKnight.cs,87
NPC Spawn Rule,CrystalKnight,Crystal Knight,Enemies,ModNPC,Natural spawn rules,3,—,2800,125,50,No,No,No,SpawnChance,0,Pre-Hardmode + Hardmode + SuperHardmode,General / Custom,Any / condition-defined depth,Day and night / unspecified,—,Unspecified,(!(tsorcRevampWorld.SuperHardMode && spawnInfo.Player.ZoneOverworldHeight && (spawnInfo.Player.ZoneSnow || spawnInfo.Player.ZoneHallow))) && (!(tsorcRevampWorld.SuperHardMode && !spawnInfo.Player.ZoneOverworldHeight && (spawnInfo.Player.ZoneSnow || spawnInfo.Player.ZoneHallow))) && (!(spawnInfo.Player.ZoneSnow && spawnInfo.Player.ZoneHallow)) && (!(Main.bloodMoon)),NPCs/Enemies/SuperHardMode/CrystalKnight.cs,87
NPC,DamnedSoul,Damned Soul,Bosses,ModNPC,No natural spawn method,1,—,17250,0,18,Yes,No,No,None,—,—,—,—,—,—,—,—,NPCs/Bosses/Okiku/FirstForm/DamnedSoul.cs,14
NPC Spawn Rule,DarkBloodKnight,Demonic Blood Knight,Enemies,ModNPC,Natural spawn rules,3,—,3200,65,67,No,No,No,SpawnChance,((0.25f) * (2)) * (2),SuperHardmode,Crimson + Underworld,Surface or Underworld,Night,—,Unspecified,(tsorcRevampWorld.SuperHardMode && !spawnInfo.Player.ZoneDungeon && (spawnInfo.Player.ZoneUnderworldHeight || spawnInfo.Player.ZoneCrimson) && !(spawnInfo.SpawnTileX < 800 || (spawnInfo.SpawnTileX > (Main.maxTilesX - 800)))) && (spawnInfo.Player.ZoneOverworldHeight) && (!Main.dayTime) && (Main.bloodMoon),NPCs/Enemies/SuperHardMode/DarkBloodKnight.cs,94
NPC Spawn Rule,DarkBloodKnight,Demonic Blood Knight,Enemies,ModNPC,Natural spawn rules,3,—,3200,65,67,No,No,No,SpawnChance,(0.25f) * (2),SuperHardmode,Crimson + Underworld,Surface or Underworld,Night,—,Unspecified,(tsorcRevampWorld.SuperHardMode && !spawnInfo.Player.ZoneDungeon && (spawnInfo.Player.ZoneUnderworldHeight || spawnInfo.Player.ZoneCrimson) && !(spawnInfo.SpawnTileX < 800 || (spawnInfo.SpawnTileX > (Main.maxTilesX - 800)))) && (spawnInfo.Player.ZoneOverworldHeight) && (!Main.dayTime) && (!(Main.bloodMoon)),NPCs/Enemies/SuperHardMode/DarkBloodKnight.cs,94
NPC Spawn Rule,DarkBloodKnight,Demonic Blood Knight,Enemies,ModNPC,Natural spawn rules,3,—,3200,65,67,No,No,No,SpawnChance,(0.25f) * (2),SuperHardmode,Crimson + Underworld,Surface or Underworld,Day,—,Unspecified,(tsorcRevampWorld.SuperHardMode && !spawnInfo.Player.ZoneDungeon && (spawnInfo.Player.ZoneUnderworldHeight || spawnInfo.Player.ZoneCrimson) && !(spawnInfo.SpawnTileX < 800 || (spawnInfo.SpawnTileX > (Main.maxTilesX - 800)))) && (spawnInfo.Player.ZoneOverworldHeight) && (!(!Main.dayTime)) && (Main.bloodMoon),NPCs/Enemies/SuperHardMode/DarkBloodKnight.cs,94
NPC Spawn Rule,DarkBloodKnight,Demonic Blood Knight,Enemies,ModNPC,Natural spawn rules,3,—,3200,65,67,No,No,No,SpawnChance,0.25f,SuperHardmode,Crimson + Underworld,Surface or Underworld,Day,—,Unspecified,(tsorcRevampWorld.SuperHardMode && !spawnInfo.Player.ZoneDungeon && (spawnInfo.Player.ZoneUnderworldHeight || spawnInfo.Player.ZoneCrimson) && !(spawnInfo.SpawnTileX < 800 || (spawnInfo.SpawnTileX > (Main.maxTilesX - 800)))) && (spawnInfo.Player.ZoneOverworldHeight) && (!(!Main.dayTime)) && (!(Main.bloodMoon)),NPCs/Enemies/SuperHardMode/DarkBloodKnight.cs,94
NPC Spawn Rule,DarkBloodKnight,Demonic Blood Knight,Enemies,ModNPC,Natural spawn rules,3,—,3200,65,67,No,No,No,SpawnChance,((0.3f) * (2)) * (2),SuperHardmode,Crimson + Underworld,Underworld,Night,—,Unspecified,(tsorcRevampWorld.SuperHardMode && !spawnInfo.Player.ZoneDungeon && (spawnInfo.Player.ZoneUnderworldHeight || spawnInfo.Player.ZoneCrimson) && !(spawnInfo.SpawnTileX < 800 || (spawnInfo.SpawnTileX > (Main.maxTilesX - 800)))) && (!(spawnInfo.Player.ZoneOverworldHeight)) && (!Main.dayTime) && (Main.bloodMoon),NPCs/Enemies/SuperHardMode/DarkBloodKnight.cs,94
NPC Spawn Rule,DarkBloodKnight,Demonic Blood Knight,Enemies,ModNPC,Natural spawn rules,3,—,3200,65,67,No,No,No,SpawnChance,(0.3f) * (2),SuperHardmode,Crimson + Underworld,Underworld,Night,—,Unspecified,(tsorcRevampWorld.SuperHardMode && !spawnInfo.Player.ZoneDungeon && (spawnInfo.Player.ZoneUnderworldHeight || spawnInfo.Player.ZoneCrimson) && !(spawnInfo.SpawnTileX < 800 || (spawnInfo.SpawnTileX > (Main.maxTilesX - 800)))) && (!(spawnInfo.Player.ZoneOverworldHeight)) && (!Main.dayTime) && (!(Main.bloodMoon)),NPCs/Enemies/SuperHardMode/DarkBloodKnight.cs,94
NPC Spawn Rule,DarkBloodKnight,Demonic Blood Knight,Enemies,ModNPC,Natural spawn rules,3,—,3200,65,67,No,No,No,SpawnChance,(0.3f) * (2),SuperHardmode,Crimson + Underworld,Underworld,Day,—,Unspecified,(tsorcRevampWorld.SuperHardMode && !spawnInfo.Player.ZoneDungeon && (spawnInfo.Player.ZoneUnderworldHeight || spawnInfo.Player.ZoneCrimson) && !(spawnInfo.SpawnTileX < 800 || (spawnInfo.SpawnTileX > (Main.maxTilesX - 800)))) && (!(spawnInfo.Player.ZoneOverworldHeight)) && (!(!Main.dayTime)) && (Main.bloodMoon),NPCs/Enemies/SuperHardMode/DarkBloodKnight.cs,94
NPC Spawn Rule,DarkBloodKnight,Demonic Blood Knight,Enemies,ModNPC,Natural spawn rules,3,—,3200,65,67,No,No,No,SpawnChance,0.3f,SuperHardmode,Crimson + Underworld,Underworld,Day,—,Unspecified,(tsorcRevampWorld.SuperHardMode && !spawnInfo.Player.ZoneDungeon && (spawnInfo.Player.ZoneUnderworldHeight || spawnInfo.Player.ZoneCrimson) && !(spawnInfo.SpawnTileX < 800 || (spawnInfo.SpawnTileX > (Main.maxTilesX - 800)))) && (!(spawnInfo.Player.ZoneOverworldHeight)) && (!(!Main.dayTime)) && (!(Main.bloodMoon)),NPCs/Enemies/SuperHardMode/DarkBloodKnight.cs,94
NPC Spawn Rule,DarkBloodKnight,Demonic Blood Knight,Enemies,ModNPC,Natural spawn rules,3,—,3200,65,67,No,No,No,SpawnChance,((0) * (2)) * (2),Pre-Hardmode + Hardmode + SuperHardmode,General / Custom,Any / condition-defined depth,Night,—,Unspecified,(!(tsorcRevampWorld.SuperHardMode && !spawnInfo.Player.ZoneDungeon && (spawnInfo.Player.ZoneUnderworldHeight || spawnInfo.Player.ZoneCrimson) && !(spawnInfo.SpawnTileX < 800 || (spawnInfo.SpawnTileX > (Main.maxTilesX - 800))))) && (!Main.dayTime) && (Main.bloodMoon),NPCs/Enemies/SuperHardMode/DarkBloodKnight.cs,94
NPC Spawn Rule,DarkBloodKnight,Demonic Blood Knight,Enemies,ModNPC,Natural spawn rules,3,—,3200,65,67,No,No,No,SpawnChance,(0) * (2),Pre-Hardmode + Hardmode + SuperHardmode,General / Custom,Any / condition-defined depth,Night,—,Unspecified,(!(tsorcRevampWorld.SuperHardMode && !spawnInfo.Player.ZoneDungeon && (spawnInfo.Player.ZoneUnderworldHeight || spawnInfo.Player.ZoneCrimson) && !(spawnInfo.SpawnTileX < 800 || (spawnInfo.SpawnTileX > (Main.maxTilesX - 800))))) && (!Main.dayTime) && (!(Main.bloodMoon)),NPCs/Enemies/SuperHardMode/DarkBloodKnight.cs,94
NPC Spawn Rule,DarkBloodKnight,Demonic Blood Knight,Enemies,ModNPC,Natural spawn rules,3,—,3200,65,67,No,No,No,SpawnChance,(0) * (2),Pre-Hardmode + Hardmode + SuperHardmode,General / Custom,Any / condition-defined depth,Day,—,Unspecified,(!(tsorcRevampWorld.SuperHardMode && !spawnInfo.Player.ZoneDungeon && (spawnInfo.Player.ZoneUnderworldHeight || spawnInfo.Player.ZoneCrimson) && !(spawnInfo.SpawnTileX < 800 || (spawnInfo.SpawnTileX > (Main.maxTilesX - 800))))) && (!(!Main.dayTime)) && (Main.bloodMoon),NPCs/Enemies/SuperHardMode/DarkBloodKnight.cs,94
NPC Spawn Rule,DarkBloodKnight,Demonic Blood Knight,Enemies,ModNPC,Natural spawn rules,3,—,3200,65,67,No,No,No,SpawnChance,0,Pre-Hardmode + Hardmode + SuperHardmode,General / Custom,Any / condition-defined depth,Day,—,Unspecified,(!(tsorcRevampWorld.SuperHardMode && !spawnInfo.Player.ZoneDungeon && (spawnInfo.Player.ZoneUnderworldHeight || spawnInfo.Player.ZoneCrimson) && !(spawnInfo.SpawnTileX < 800 || (spawnInfo.SpawnTileX > (Main.maxTilesX - 800))))) && (!(!Main.dayTime)) && (!(Main.bloodMoon)),NPCs/Enemies/SuperHardMode/DarkBloodKnight.cs,94
NPC,DarkCloud,Dark Cloud,Bosses,ModNPC,No natural spawn method,10,—,300000,200,80,Yes,No,No,None,—,—,—,—,—,—,—,—,NPCs/Bosses/SuperHardMode/DarkCloud.cs,23
NPC,DarkCloudMirror,Dark Cloud Mirror,Bosses,ModNPC,No natural spawn method,10,—,30000,53,160,No,No,No,None,—,—,—,—,—,—,—,—,NPCs/Bosses/SuperHardMode/DarkCloudMirror.cs,12
NPC,DarkCloudShadow,Dark Cloud Shadow,Special,ModNPC,No natural spawn method,5,—,45000,200,80,No,No,No,None,—,—,—,—,—,—,—,—,NPCs/Special/DarkCloudShadow.cs,23
NPC,DarkDragonMask,Attraidies,Bosses,ModNPC,No natural spawn method,6f,—,24000,1,36,Yes,No,No,None,—,—,—,—,—,—,—,—,NPCs/Bosses/Okiku/SecondForm/DarkDragonMask.cs,12
NPC Spawn Rule,DarkKnight,Dark Knight,Enemies,ModNPC,Natural spawn rules,3,—,3000,105,30,No,No,No,SpawnChance,((0.2f) * (2)) * (2),SuperHardmode,Corruption + Dungeon,Any / condition-defined depth,Night,—,Unspecified,(tsorcRevampWorld.SuperHardMode && spawnInfo.Player.townNPCs < 1f && (spawnInfo.Player.ZoneCorrupt || spawnInfo.Player.ZoneDungeon) && !spawnInfo.Player.ZoneMeteor && !spawnInfo.Player.ZoneJungle && !spawnInfo.Player.ZoneUnderworldHeight && !spawnInfo.Player.ZoneHallow && !(spawnInfo.SpawnTileX < 800 || (spawnInfo.SpawnTileX > (Main.maxTilesX - 800)))) && (!Main.dayTime) && (Main.bloodMoon),NPCs/Enemies/SuperHardMode/DarkKnight.cs,87
NPC Spawn Rule,DarkKnight,Dark Knight,Enemies,ModNPC,Natural spawn rules,3,—,3000,105,30,No,No,No,SpawnChance,(0.2f) * (2),SuperHardmode,Corruption + Dungeon,Any / condition-defined depth,Night,—,Unspecified,(tsorcRevampWorld.SuperHardMode && spawnInfo.Player.townNPCs < 1f && (spawnInfo.Player.ZoneCorrupt || spawnInfo.Player.ZoneDungeon) && !spawnInfo.Player.ZoneMeteor && !spawnInfo.Player.ZoneJungle && !spawnInfo.Player.ZoneUnderworldHeight && !spawnInfo.Player.ZoneHallow && !(spawnInfo.SpawnTileX < 800 || (spawnInfo.SpawnTileX > (Main.maxTilesX - 800)))) && (!Main.dayTime) && (!(Main.bloodMoon)),NPCs/Enemies/SuperHardMode/DarkKnight.cs,87
NPC Spawn Rule,DarkKnight,Dark Knight,Enemies,ModNPC,Natural spawn rules,3,—,3000,105,30,No,No,No,SpawnChance,(0.2f) * (2),SuperHardmode,Corruption + Dungeon,Any / condition-defined depth,Day,—,Unspecified,(tsorcRevampWorld.SuperHardMode && spawnInfo.Player.townNPCs < 1f && (spawnInfo.Player.ZoneCorrupt || spawnInfo.Player.ZoneDungeon) && !spawnInfo.Player.ZoneMeteor && !spawnInfo.Player.ZoneJungle && !spawnInfo.Player.ZoneUnderworldHeight && !spawnInfo.Player.ZoneHallow && !(spawnInfo.SpawnTileX < 800 || (spawnInfo.SpawnTileX > (Main.maxTilesX - 800)))) && (!(!Main.dayTime)) && (Main.bloodMoon),NPCs/Enemies/SuperHardMode/DarkKnight.cs,87
NPC Spawn Rule,DarkKnight,Dark Knight,Enemies,ModNPC,Natural spawn rules,3,—,3000,105,30,No,No,No,SpawnChance,0.2f,SuperHardmode,Corruption + Dungeon,Any / condition-defined depth,Day,—,Unspecified,(tsorcRevampWorld.SuperHardMode && spawnInfo.Player.townNPCs < 1f && (spawnInfo.Player.ZoneCorrupt || spawnInfo.Player.ZoneDungeon) && !spawnInfo.Player.ZoneMeteor && !spawnInfo.Player.ZoneJungle && !spawnInfo.Player.ZoneUnderworldHeight && !spawnInfo.Player.ZoneHallow && !(spawnInfo.SpawnTileX < 800 || (spawnInfo.SpawnTileX > (Main.maxTilesX - 800)))) && (!(!Main.dayTime)) && (!(Main.bloodMoon)),NPCs/Enemies/SuperHardMode/DarkKnight.cs,87
NPC Spawn Rule,DarkKnight,Dark Knight,Enemies,ModNPC,Natural spawn rules,3,—,3000,105,30,No,No,No,SpawnChance,((0) * (2)) * (2),Pre-Hardmode + Hardmode + SuperHardmode,General / Custom,Any / condition-defined depth,Night,—,Unspecified,(!(tsorcRevampWorld.SuperHardMode && spawnInfo.Player.townNPCs < 1f && (spawnInfo.Player.ZoneCorrupt || spawnInfo.Player.ZoneDungeon) && !spawnInfo.Player.ZoneMeteor && !spawnInfo.Player.ZoneJungle && !spawnInfo.Player.ZoneUnderworldHeight && !spawnInfo.Player.ZoneHallow && !(spawnInfo.SpawnTileX < 800 || (spawnInfo.SpawnTileX > (Main.maxTilesX - 800))))) && (!Main.dayTime) && (Main.bloodMoon),NPCs/Enemies/SuperHardMode/DarkKnight.cs,87
NPC Spawn Rule,DarkKnight,Dark Knight,Enemies,ModNPC,Natural spawn rules,3,—,3000,105,30,No,No,No,SpawnChance,(0) * (2),Pre-Hardmode + Hardmode + SuperHardmode,General / Custom,Any / condition-defined depth,Night,—,Unspecified,(!(tsorcRevampWorld.SuperHardMode && spawnInfo.Player.townNPCs < 1f && (spawnInfo.Player.ZoneCorrupt || spawnInfo.Player.ZoneDungeon) && !spawnInfo.Player.ZoneMeteor && !spawnInfo.Player.ZoneJungle && !spawnInfo.Player.ZoneUnderworldHeight && !spawnInfo.Player.ZoneHallow && !(spawnInfo.SpawnTileX < 800 || (spawnInfo.SpawnTileX > (Main.maxTilesX - 800))))) && (!Main.dayTime) && (!(Main.bloodMoon)),NPCs/Enemies/SuperHardMode/DarkKnight.cs,87
NPC Spawn Rule,DarkKnight,Dark Knight,Enemies,ModNPC,Natural spawn rules,3,—,3000,105,30,No,No,No,SpawnChance,(0) * (2),Pre-Hardmode + Hardmode + SuperHardmode,General / Custom,Any / condition-defined depth,Day,—,Unspecified,(!(tsorcRevampWorld.SuperHardMode && spawnInfo.Player.townNPCs < 1f && (spawnInfo.Player.ZoneCorrupt || spawnInfo.Player.ZoneDungeon) && !spawnInfo.Player.ZoneMeteor && !spawnInfo.Player.ZoneJungle && !spawnInfo.Player.ZoneUnderworldHeight && !spawnInfo.Player.ZoneHallow && !(spawnInfo.SpawnTileX < 800 || (spawnInfo.SpawnTileX > (Main.maxTilesX - 800))))) && (!(!Main.dayTime)) && (Main.bloodMoon),NPCs/Enemies/SuperHardMode/DarkKnight.cs,87
NPC Spawn Rule,DarkKnight,Dark Knight,Enemies,ModNPC,Natural spawn rules,3,—,3000,105,30,No,No,No,SpawnChance,0,Pre-Hardmode + Hardmode + SuperHardmode,General / Custom,Any / condition-defined depth,Day,—,Unspecified,(!(tsorcRevampWorld.SuperHardMode && spawnInfo.Player.townNPCs < 1f && (spawnInfo.Player.ZoneCorrupt || spawnInfo.Player.ZoneDungeon) && !spawnInfo.Player.ZoneMeteor && !spawnInfo.Player.ZoneJungle && !spawnInfo.Player.ZoneUnderworldHeight && !spawnInfo.Player.ZoneHallow && !(spawnInfo.SpawnTileX < 800 || (spawnInfo.SpawnTileX > (Main.maxTilesX - 800))))) && (!(!Main.dayTime)) && (!(Main.bloodMoon)),NPCs/Enemies/SuperHardMode/DarkKnight.cs,87
NPC,DarkShogunMask,Mindflayer King,Bosses,ModNPC,No natural spawn method,1,—,(int)(75000 * (Main.masterMode ? 1.5f : 1)),0,—,Yes,No,No,None,—,—,—,—,—,—,—,—,NPCs/Bosses/Okiku/FirstForm/DarkShogunMask.cs,20
NPC,DarkUltimaWeapon,Dark Ultima Weapon,Bosses,ModNPC,No natural spawn method,1,—,500000,DarkCloud.swordDamage,—,No,No,No,None,—,—,—,—,—,—,—,—,NPCs/Bosses/SuperHardMode/DarkUltimaWeapon.cs,9
NPC,Death,Death,Bosses,ModNPC,No natural spawn method,10,—,32000,254,45,Yes,No,No,None,—,—,—,—,—,—,—,—,NPCs/Bosses/Death.cs,20
NPC Spawn Rule,DemonElemental,Demon Elemental,Enemies,ModNPC,Natural spawn rules,5,—,2000,148,67,No,No,No,SpawnChance,1,Pre-Hardmode,Underworld,Underworld,Day and night / unspecified,1/15,Unspecified,((spawnInfo.Player.ZoneUnderworldHeight) && !Main.hardMode && Main.rand.NextBool(15)),NPCs/Enemies/DemonElemental.cs,93
NPC Spawn Rule,DemonElemental,Demon Elemental,Enemies,ModNPC,Natural spawn rules,5,—,2000,148,67,No,No,No,SpawnChance,1,Hardmode + SuperHardmode,Crimson,Any / condition-defined depth,Day and night / unspecified,1/25,Unspecified,(!((spawnInfo.Player.ZoneUnderworldHeight) && !Main.hardMode && Main.rand.NextBool(15))) && (spawnInfo.Player.ZoneCrimson && Main.hardMode && Main.rand.NextBool(25)),NPCs/Enemies/DemonElemental.cs,94
NPC Spawn Rule,DemonElemental,Demon Elemental,Enemies,ModNPC,Natural spawn rules,5,—,2000,148,67,No,No,No,SpawnChance,1,Hardmode + SuperHardmode,Desert,Any / condition-defined depth,Day and night / unspecified,1/45,Unspecified,(!((spawnInfo.Player.ZoneUnderworldHeight) && !Main.hardMode && Main.rand.NextBool(15))) && (!(spawnInfo.Player.ZoneCrimson && Main.hardMode && Main.rand.NextBool(25))) && (spawnInfo.Player.ZoneDesert && Main.hardMode && Main.rand.NextBool(45)),NPCs/Enemies/DemonElemental.cs,95
NPC Spawn Rule,DemonElemental,Demon Elemental,Enemies,ModNPC,Natural spawn rules,5,—,2000,148,67,No,No,No,SpawnChance,1,Hardmode + SuperHardmode,Underworld,Underworld,Day and night / unspecified,1/100,Unspecified,(!((spawnInfo.Player.ZoneUnderworldHeight) && !Main.hardMode && Main.rand.NextBool(15))) && (!(spawnInfo.Player.ZoneCrimson && Main.hardMode && Main.rand.NextBool(25))) && (!(spawnInfo.Player.ZoneDesert && Main.hardMode && Main.rand.NextBool(45))) && ((spawnInfo.Player.ZoneUnderworldHeight) && Main.hardMode && Main.rand.NextBool(100)),NPCs/Enemies/DemonElemental.cs,96
NPC Spawn Rule,DemonElemental,Demon Elemental,Enemies,ModNPC,Natural spawn rules,5,—,2000,148,67,No,No,No,SpawnChance,0,Pre-Hardmode + Hardmode + SuperHardmode,General / Custom,Any / condition-defined depth,Day and night / unspecified,—,Unspecified,(!((spawnInfo.Player.ZoneUnderworldHeight) && !Main.hardMode && Main.rand.NextBool(15))) && (!(spawnInfo.Player.ZoneCrimson && Main.hardMode && Main.rand.NextBool(25))) && (!(spawnInfo.Player.ZoneDesert && Main.hardMode && Main.rand.NextBool(45))) && (!((spawnInfo.Player.ZoneUnderworldHeight) && Main.hardMode && Main.rand.NextBool(100))),NPCs/Enemies/DemonElemental.cs,97
NPC Spawn Rule,DemonLordApocalypse,Demon Lord Apocalypse,Enemies,ModNPC,Natural spawning disabled,100,—,40000,100,60,No,No,No,SpawnChance,0f,Pre-Hardmode + Hardmode + SuperHardmode,General / Custom,Any / condition-defined depth,Day and night / unspecified,—,Unspecified,Always,NPCs/Enemies/DemonLordApocalypse.cs,69
NPC Spawn Rule,DemonSpirit,Demon Spirit,Enemies,ModNPC,Natural spawn rules,5,—,400,42,18,No,No,No,SpawnChance,1,Pre-Hardmode + Hardmode + SuperHardmode,Underworld,Underworld,Day and night / unspecified,1/45,Unspecified,((spawnInfo.Player.ZoneUnderworldHeight) && Main.rand.NextBool(45)),NPCs/Enemies/DemonSpirit.cs,84
NPC Spawn Rule,DemonSpirit,Demon Spirit,Enemies,ModNPC,Natural spawn rules,5,—,400,42,18,No,No,No,SpawnChance,1,Hardmode + SuperHardmode,Underworld,Underworld,Day and night / unspecified,1/1000,Unspecified,(!((spawnInfo.Player.ZoneUnderworldHeight) && Main.rand.NextBool(45))) && ((spawnInfo.Player.ZoneUnderworldHeight) && Main.hardMode && Main.rand.NextBool(1000)),NPCs/Enemies/DemonSpirit.cs,85
NPC Spawn Rule,DemonSpirit,Demon Spirit,Enemies,ModNPC,Natural spawn rules,5,—,400,42,18,No,No,No,SpawnChance,0,Pre-Hardmode + Hardmode + SuperHardmode,General / Custom,Any / condition-defined depth,Day and night / unspecified,—,Unspecified,(!((spawnInfo.Player.ZoneUnderworldHeight) && Main.rand.NextBool(45))) && (!((spawnInfo.Player.ZoneUnderworldHeight) && Main.hardMode && Main.rand.NextBool(1000))),NPCs/Enemies/DemonSpirit.cs,86
NPC Spawn Rule,DemonWheel,Demon Wheel,Enemies,ModNPC,Natural spawn rules,1,—,1000,60,1000,No,No,No,SpawnChance,0.5f,SuperHardmode,Dungeon,Any / condition-defined depth,Day and night / unspecified,—,Unspecified,(spawnInfo.Player.ZoneDungeon && tsorcRevampWorld.SuperHardMode),NPCs/Enemies/SuperHardMode/DemonWheel.cs,43
NPC Spawn Rule,DemonWheel,Demon Wheel,Enemies,ModNPC,Natural spawn rules,1,—,1000,60,1000,No,No,No,SpawnChance,0.1f,Hardmode + SuperHardmode,Dungeon,Any / condition-defined depth,Day and night / unspecified,—,Unspecified,(!(spawnInfo.Player.ZoneDungeon && tsorcRevampWorld.SuperHardMode)) && (spawnInfo.Player.ZoneDungeon && Main.hardMode),NPCs/Enemies/SuperHardMode/DemonWheel.cs,45
NPC Spawn Rule,DemonWheel,Demon Wheel,Enemies,ModNPC,Natural spawn rules,1,—,1000,60,1000,No,No,No,SpawnChance,0.5f,SuperHardmode,Corruption + Crimson,Any / condition-defined depth,Day and night / unspecified,—,Unspecified,(!(spawnInfo.Player.ZoneDungeon && tsorcRevampWorld.SuperHardMode)) && (!(spawnInfo.Player.ZoneDungeon && Main.hardMode)) && ((spawnInfo.Player.ZoneCorrupt || spawnInfo.Player.ZoneCrimson) && tsorcRevampWorld.SuperHardMode),NPCs/Enemies/SuperHardMode/DemonWheel.cs,47
NPC Spawn Rule,DemonWheel,Demon Wheel,Enemies,ModNPC,Natural spawn rules,1,—,1000,60,1000,No,No,No,SpawnChance,0.25f,SuperHardmode,Underworld,Underworld,Day and night / unspecified,—,Unspecified,(!(spawnInfo.Player.ZoneDungeon && tsorcRevampWorld.SuperHardMode)) && (!(spawnInfo.Player.ZoneDungeon && Main.hardMode)) && (!((spawnInfo.Player.ZoneCorrupt || spawnInfo.Player.ZoneCrimson) && tsorcRevampWorld.SuperHardMode)) && (spawnInfo.Player.ZoneUnderworldHeight && tsorcRevampWorld.SuperHardMode),NPCs/Enemies/SuperHardMode/DemonWheel.cs,49
NPC Spawn Rule,DemonWheel,Demon Wheel,Enemies,ModNPC,Natural spawn rules,1,—,1000,60,1000,No,No,No,SpawnChance,0,Pre-Hardmode + Hardmode + SuperHardmode,General / Custom,Any / condition-defined depth,Day and night / unspecified,—,Unspecified,(!(spawnInfo.Player.ZoneDungeon && tsorcRevampWorld.SuperHardMode)) && (!(spawnInfo.Player.ZoneDungeon && Main.hardMode)) && (!((spawnInfo.Player.ZoneCorrupt || spawnInfo.Player.ZoneCrimson) && tsorcRevampWorld.SuperHardMode)) && (!(spawnInfo.Player.ZoneUnderworldHeight && tsorcRevampWorld.SuperHardMode)),NPCs/Enemies/SuperHardMode/DemonWheel.cs,51
NPC,DestroyerLaserProbe,Laser Probe,Enemies,ModNPC,No natural spawn method,1,—,75,48,0,No,No,No,None,—,—,—,—,—,—,—,—,NPCs/Enemies/DestroyerLaserProbe.cs,7
NPC,DiscipleOfAttraidies,Disciple of Attraidies,Enemies,ModNPC,No natural spawn method,1,—,4500,0,20,No,No,No,None,—,—,—,—,—,—,—,—,NPCs/Enemies/DiscipleOfAttraidies.cs,11
NPC Spawn Rule,DungeonMage,Dungeon Mage,Enemies,ModNPC,Natural spawn rules,5,—,1050,0,35,No,No,No,SpawnChance,(0) + (0.05f),Pre-Hardmode + Hardmode + SuperHardmode,Dungeon,Any / condition-defined depth,Day and night / unspecified,—,Unspecified,(spawnInfo.Player.ZoneDungeon && NPC.CountNPCS(ModContent.NPCType<NPCs.Enemies.AttraidiesManifestation>()) < 1 && NPC.CountNPCS(ModContent.NPCType<NPCs.Enemies.AttraidiesIllusion>()) < 1 && NPC.CountNPCS(ModContent.NPCType<NPCs.Enemies.JungleWyvernJuvenile.JungleWyvernJuvenileHead>()) < 1),NPCs/Enemies/DungeonMage.cs,57
NPC Spawn Rule,DungeonMage,Dungeon Mage,Enemies,ModNPC,Natural spawn rules,5,—,1050,0,35,No,No,No,SpawnChance,0,Pre-Hardmode + Hardmode + SuperHardmode,General / Custom,Any / condition-defined depth,Day and night / unspecified,—,Unspecified,(!(spawnInfo.Player.ZoneDungeon && NPC.CountNPCS(ModContent.NPCType<NPCs.Enemies.AttraidiesManifestation>()) < 1 && NPC.CountNPCS(ModContent.NPCType<NPCs.Enemies.AttraidiesIllusion>()) < 1 && NPC.CountNPCS(ModContent.NPCType<NPCs.Enemies.JungleWyvernJuvenile.JungleWyvernJuvenileHead>()) < 1)),NPCs/Enemies/DungeonMage.cs,57
NPC Spawn Rule,Dunlending,Dunlending,Enemies,ModNPC,Natural spawn rules,1,—,400,70,40,No,No,No,SpawnChance,0,Pre-Hardmode + Hardmode + SuperHardmode,Snow,Any / condition-defined depth,Day and night / unspecified,—,Unspecified,(spawnInfo.Invasion || Sky(spawnInfo.Player) || spawnInfo.Player.ZoneSnow),NPCs/Enemies/Dunlending.cs,93
NPC Spawn Rule,Dunlending,Dunlending,Enemies,ModNPC,Natural spawn rules,1,—,400,70,40,No,No,No,SpawnChance,0f,Pre-Hardmode + Hardmode + SuperHardmode,General / Custom,Any / condition-defined depth,Day and night / unspecified,—,Unspecified,(!(spawnInfo.Invasion || Sky(spawnInfo.Player) || spawnInfo.Player.ZoneSnow)) && (spawnInfo.Player.townNPCs > 1f),NPCs/Enemies/Dunlending.cs,96
NPC Spawn Rule,Dunlending,Dunlending,Enemies,ModNPC,Natural spawn rules,1,—,400,70,40,No,No,No,SpawnChance,(0.1f) / (2),Hardmode + SuperHardmode,Neutral Overworld (Forest),Surface,Day and night / unspecified,—,Unspecified,(!(spawnInfo.Invasion || Sky(spawnInfo.Player) || spawnInfo.Player.ZoneSnow)) && (!(spawnInfo.Player.townNPCs > 1f)) && (spawnInfo.Player.ZoneOverworldHeight) && (Main.dayTime) && (oUnderSurfaceByTile(spawnInfo.Player) || oUndergroundByTile(spawnInfo.Player) || oCavernByTile(spawnInfo.Player)) && (Main.dayTime && !spawnInfo.Player.ZoneCorrupt && !spawnInfo.Player.ZoneCrimson) && (!Main.dayTime && !spawnInfo.Player.ZoneCorrupt && !spawnInfo.Player.ZoneCrimson) && (Main.hardMode),NPCs/Enemies/Dunlending.cs,111
NPC Spawn Rule,Dunlending,Dunlending,Enemies,ModNPC,Natural spawn rules,1,—,400,70,40,No,No,No,SpawnChance,(0.067f) / (2),Hardmode + SuperHardmode,Neutral Overworld (Forest),Surface,Day,—,Unspecified,(!(spawnInfo.Invasion || Sky(spawnInfo.Player) || spawnInfo.Player.ZoneSnow)) && (!(spawnInfo.Player.townNPCs > 1f)) && (spawnInfo.Player.ZoneOverworldHeight) && (Main.dayTime) && (oUnderSurfaceByTile(spawnInfo.Player) || oUndergroundByTile(spawnInfo.Player) || oCavernByTile(spawnInfo.Player)) && (Main.dayTime && !spawnInfo.Player.ZoneCorrupt && !spawnInfo.Player.ZoneCrimson) && (!(!Main.dayTime && !spawnInfo.Player.ZoneCorrupt && !spawnInfo.Player.ZoneCrimson)) && (Main.hardMode),NPCs/Enemies/Dunlending.cs,111
NPC Spawn Rule,Dunlending,Dunlending,Enemies,ModNPC,Natural spawn rules,1,—,400,70,40,No,No,No,SpawnChance,(0.1f) / (2),Hardmode + SuperHardmode,Neutral Overworld (Forest),Surface,Day and night / unspecified,—,Unspecified,(!(spawnInfo.Invasion || Sky(spawnInfo.Player) || spawnInfo.Player.ZoneSnow)) && (!(spawnInfo.Player.townNPCs > 1f)) && (spawnInfo.Player.ZoneOverworldHeight) && (Main.dayTime) && (oUnderSurfaceByTile(spawnInfo.Player) || oUndergroundByTile(spawnInfo.Player) || oCavernByTile(spawnInfo.Player)) && (!(Main.dayTime && !spawnInfo.Player.ZoneCorrupt && !spawnInfo.Player.ZoneCrimson)) && (!Main.dayTime && !spawnInfo.Player.ZoneCorrupt && !spawnInfo.Player.ZoneCrimson) && (Main.hardMode),NPCs/Enemies/Dunlending.cs,111
NPC Spawn Rule,Dunlending,Dunlending,Enemies,ModNPC,Natural spawn rules,1,—,400,70,40,No,No,No,SpawnChance,(0.067f) / (2),Hardmode + SuperHardmode,Neutral Overworld (Forest),Surface,Day,—,Unspecified,(!(spawnInfo.Invasion || Sky(spawnInfo.Player) || spawnInfo.Player.ZoneSnow)) && (!(spawnInfo.Player.townNPCs > 1f)) && (spawnInfo.Player.ZoneOverworldHeight) && (Main.dayTime) && (oUnderSurfaceByTile(spawnInfo.Player) || oUndergroundByTile(spawnInfo.Player) || oCavernByTile(spawnInfo.Player)) && (!(Main.dayTime && !spawnInfo.Player.ZoneCorrupt && !spawnInfo.Player.ZoneCrimson)) && (!(!Main.dayTime && !spawnInfo.Player.ZoneCorrupt && !spawnInfo.Player.ZoneCrimson)) && (Main.hardMode),NPCs/Enemies/Dunlending.cs,111
NPC Spawn Rule,Dunlending,Dunlending,Enemies,ModNPC,Natural spawn rules,1,—,400,70,40,No,No,No,SpawnChance,(0.067f) / (2),Hardmode + SuperHardmode,Neutral Overworld (Forest),Surface,Day,—,Unspecified,(!(spawnInfo.Invasion || Sky(spawnInfo.Player) || spawnInfo.Player.ZoneSnow)) && (!(spawnInfo.Player.townNPCs > 1f)) && (spawnInfo.Player.ZoneOverworldHeight) && (Main.dayTime) && (!(oUnderSurfaceByTile(spawnInfo.Player) || oUndergroundByTile(spawnInfo.Player) || oCavernByTile(spawnInfo.Player))) && (Main.hardMode),NPCs/Enemies/Dunlending.cs,111
NPC Spawn Rule,Dunlending,Dunlending,Enemies,ModNPC,Natural spawn rules,1,—,400,70,40,No,No,No,SpawnChance,(0.1f) / (2),Hardmode + SuperHardmode,Neutral Overworld (Forest),Surface,Day and night / unspecified,—,Unspecified,(!(spawnInfo.Invasion || Sky(spawnInfo.Player) || spawnInfo.Player.ZoneSnow)) && (!(spawnInfo.Player.townNPCs > 1f)) && (spawnInfo.Player.ZoneOverworldHeight) && (!(Main.dayTime)) && (oUnderSurfaceByTile(spawnInfo.Player) || oUndergroundByTile(spawnInfo.Player) || oCavernByTile(spawnInfo.Player)) && (Main.dayTime && !spawnInfo.Player.ZoneCorrupt && !spawnInfo.Player.ZoneCrimson) && (!Main.dayTime && !spawnInfo.Player.ZoneCorrupt && !spawnInfo.Player.ZoneCrimson) && (Main.hardMode),NPCs/Enemies/Dunlending.cs,111
NPC Spawn Rule,Dunlending,Dunlending,Enemies,ModNPC,Natural spawn rules,1,—,400,70,40,No,No,No,SpawnChance,(0.067f) / (2),Hardmode + SuperHardmode,Neutral Overworld (Forest),Surface,Day and night / unspecified,—,Unspecified,(!(spawnInfo.Invasion || Sky(spawnInfo.Player) || spawnInfo.Player.ZoneSnow)) && (!(spawnInfo.Player.townNPCs > 1f)) && (spawnInfo.Player.ZoneOverworldHeight) && (!(Main.dayTime)) && (oUnderSurfaceByTile(spawnInfo.Player) || oUndergroundByTile(spawnInfo.Player) || oCavernByTile(spawnInfo.Player)) && (Main.dayTime && !spawnInfo.Player.ZoneCorrupt && !spawnInfo.Player.ZoneCrimson) && (!(!Main.dayTime && !spawnInfo.Player.ZoneCorrupt && !spawnInfo.Player.ZoneCrimson)) && (Main.hardMode),NPCs/Enemies/Dunlending.cs,111
NPC Spawn Rule,Dunlending,Dunlending,Enemies,ModNPC,Natural spawn rules,1,—,400,70,40,No,No,No,SpawnChance,(0.1f) / (2),Hardmode + SuperHardmode,Neutral Overworld (Forest),Surface,Night,—,Unspecified,(!(spawnInfo.Invasion || Sky(spawnInfo.Player) || spawnInfo.Player.ZoneSnow)) && (!(spawnInfo.Player.townNPCs > 1f)) && (spawnInfo.Player.ZoneOverworldHeight) && (!(Main.dayTime)) && (oUnderSurfaceByTile(spawnInfo.Player) || oUndergroundByTile(spawnInfo.Player) || oCavernByTile(spawnInfo.Player)) && (!(Main.dayTime && !spawnInfo.Player.ZoneCorrupt && !spawnInfo.Player.ZoneCrimson)) && (!Main.dayTime && !spawnInfo.Player.ZoneCorrupt && !spawnInfo.Player.ZoneCrimson) && (Main.hardMode),NPCs/Enemies/Dunlending.cs,111
NPC Spawn Rule,Dunlending,Dunlending,Enemies,ModNPC,Natural spawn rules,1,—,400,70,40,No,No,No,SpawnChance,(0.125f) / (2),Hardmode + SuperHardmode,Neutral Overworld (Forest),Surface,Night,—,Unspecified,(!(spawnInfo.Invasion || Sky(spawnInfo.Player) || spawnInfo.Player.ZoneSnow)) && (!(spawnInfo.Player.townNPCs > 1f)) && (spawnInfo.Player.ZoneOverworldHeight) && (!(Main.dayTime)) && (oUnderSurfaceByTile(spawnInfo.Player) || oUndergroundByTile(spawnInfo.Player) || oCavernByTile(spawnInfo.Player)) && (!(Main.dayTime && !spawnInfo.Player.ZoneCorrupt && !spawnInfo.Player.ZoneCrimson)) && (!(!Main.dayTime && !spawnInfo.Player.ZoneCorrupt && !spawnInfo.Player.ZoneCrimson)) && (Main.hardMode),NPCs/Enemies/Dunlending.cs,111
NPC Spawn Rule,Dunlending,Dunlending,Enemies,ModNPC,Natural spawn rules,1,—,400,70,40,No,No,No,SpawnChance,(0.125f) / (2),Hardmode + SuperHardmode,Neutral Overworld (Forest),Surface,Night,—,Unspecified,(!(spawnInfo.Invasion || Sky(spawnInfo.Player) || spawnInfo.Player.ZoneSnow)) && (!(spawnInfo.Player.townNPCs > 1f)) && (spawnInfo.Player.ZoneOverworldHeight) && (!(Main.dayTime)) && (!(oUnderSurfaceByTile(spawnInfo.Player) || oUndergroundByTile(spawnInfo.Player) || oCavernByTile(spawnInfo.Player))) && (Main.hardMode),NPCs/Enemies/Dunlending.cs,111
NPC Spawn Rule,Dunlending,Dunlending,Enemies,ModNPC,Natural spawn rules,1,—,400,70,40,No,No,No,SpawnChance,(0.1f) / (2),Hardmode + SuperHardmode,General / Custom,Any / condition-defined depth,Day and night / unspecified,—,Unspecified,(!(spawnInfo.Invasion || Sky(spawnInfo.Player) || spawnInfo.Player.ZoneSnow)) && (!(spawnInfo.Player.townNPCs > 1f)) && (!(spawnInfo.Player.ZoneOverworldHeight)) && (oUnderSurfaceByTile(spawnInfo.Player) || oUndergroundByTile(spawnInfo.Player) || oCavernByTile(spawnInfo.Player)) && (Main.dayTime && !spawnInfo.Player.ZoneCorrupt && !spawnInfo.Player.ZoneCrimson) && (!Main.dayTime && !spawnInfo.Player.ZoneCorrupt && !spawnInfo.Player.ZoneCrimson) && (Main.hardMode),NPCs/Enemies/Dunlending.cs,111
NPC Spawn Rule,Dunlending,Dunlending,Enemies,ModNPC,Natural spawn rules,1,—,400,70,40,No,No,No,SpawnChance,(0.067f) / (2),Hardmode + SuperHardmode,General / Custom,Any / condition-defined depth,Day,—,Unspecified,(!(spawnInfo.Invasion || Sky(spawnInfo.Player) || spawnInfo.Player.ZoneSnow)) && (!(spawnInfo.Player.townNPCs > 1f)) && (!(spawnInfo.Player.ZoneOverworldHeight)) && (oUnderSurfaceByTile(spawnInfo.Player) || oUndergroundByTile(spawnInfo.Player) || oCavernByTile(spawnInfo.Player)) && (Main.dayTime && !spawnInfo.Player.ZoneCorrupt && !spawnInfo.Player.ZoneCrimson) && (!(!Main.dayTime && !spawnInfo.Player.ZoneCorrupt && !spawnInfo.Player.ZoneCrimson)) && (Main.hardMode),NPCs/Enemies/Dunlending.cs,111
NPC Spawn Rule,Dunlending,Dunlending,Enemies,ModNPC,Natural spawn rules,1,—,400,70,40,No,No,No,SpawnChance,(0.1f) / (2),Hardmode + SuperHardmode,General / Custom,Any / condition-defined depth,Night,—,Unspecified,(!(spawnInfo.Invasion || Sky(spawnInfo.Player) || spawnInfo.Player.ZoneSnow)) && (!(spawnInfo.Player.townNPCs > 1f)) && (!(spawnInfo.Player.ZoneOverworldHeight)) && (oUnderSurfaceByTile(spawnInfo.Player) || oUndergroundByTile(spawnInfo.Player) || oCavernByTile(spawnInfo.Player)) && (!(Main.dayTime && !spawnInfo.Player.ZoneCorrupt && !spawnInfo.Player.ZoneCrimson)) && (!Main.dayTime && !spawnInfo.Player.ZoneCorrupt && !spawnInfo.Player.ZoneCrimson) && (Main.hardMode),NPCs/Enemies/Dunlending.cs,111
NPC Spawn Rule,Dunlending,Dunlending,Enemies,ModNPC,Natural spawn rules,1,—,400,70,40,No,No,No,SpawnChance,(0) / (2),Hardmode + SuperHardmode,General / Custom,Any / condition-defined depth,Day and night / unspecified,—,Unspecified,(!(spawnInfo.Invasion || Sky(spawnInfo.Player) || spawnInfo.Player.ZoneSnow)) && (!(spawnInfo.Player.townNPCs > 1f)) && (!(spawnInfo.Player.ZoneOverworldHeight)) && (oUnderSurfaceByTile(spawnInfo.Player) || oUndergroundByTile(spawnInfo.Player) || oCavernByTile(spawnInfo.Player)) && (!(Main.dayTime && !spawnInfo.Player.ZoneCorrupt && !spawnInfo.Player.ZoneCrimson)) && (!(!Main.dayTime && !spawnInfo.Player.ZoneCorrupt && !spawnInfo.Player.ZoneCrimson)) && (Main.hardMode),NPCs/Enemies/Dunlending.cs,111
NPC Spawn Rule,Dunlending,Dunlending,Enemies,ModNPC,Natural spawn rules,1,—,400,70,40,No,No,No,SpawnChance,(0) / (2),Hardmode + SuperHardmode,General / Custom,Any / condition-defined depth,Day and night / unspecified,—,Unspecified,(!(spawnInfo.Invasion || Sky(spawnInfo.Player) || spawnInfo.Player.ZoneSnow)) && (!(spawnInfo.Player.townNPCs > 1f)) && (!(spawnInfo.Player.ZoneOverworldHeight)) && (!(oUnderSurfaceByTile(spawnInfo.Player) || oUndergroundByTile(spawnInfo.Player) || oCavernByTile(spawnInfo.Player))) && (Main.hardMode),NPCs/Enemies/Dunlending.cs,111
NPC Spawn Rule,Dunlending,Dunlending,Enemies,ModNPC,Natural spawn rules,1,—,400,70,40,No,No,No,SpawnChance,(0.1f) / (0),SuperHardmode,Neutral Overworld (Forest),Surface,Day and night / unspecified,—,Unspecified,(!(spawnInfo.Invasion || Sky(spawnInfo.Player) || spawnInfo.Player.ZoneSnow)) && (!(spawnInfo.Player.townNPCs > 1f)) && (spawnInfo.Player.ZoneOverworldHeight) && (Main.dayTime) && (oUnderSurfaceByTile(spawnInfo.Player) || oUndergroundByTile(spawnInfo.Player) || oCavernByTile(spawnInfo.Player)) && (Main.dayTime && !spawnInfo.Player.ZoneCorrupt && !spawnInfo.Player.ZoneCrimson) && (!Main.dayTime && !spawnInfo.Player.ZoneCorrupt && !spawnInfo.Player.ZoneCrimson) && (!(Main.hardMode)) && (tsorcRevampWorld.SuperHardMode),NPCs/Enemies/Dunlending.cs,115
NPC Spawn Rule,Dunlending,Dunlending,Enemies,ModNPC,Natural spawn rules,1,—,400,70,40,No,No,No,SpawnChance,(0.067f) / (0),SuperHardmode,Neutral Overworld (Forest),Surface,Day,—,Unspecified,(!(spawnInfo.Invasion || Sky(spawnInfo.Player) || spawnInfo.Player.ZoneSnow)) && (!(spawnInfo.Player.townNPCs > 1f)) && (spawnInfo.Player.ZoneOverworldHeight) && (Main.dayTime) && (oUnderSurfaceByTile(spawnInfo.Player) || oUndergroundByTile(spawnInfo.Player) || oCavernByTile(spawnInfo.Player)) && (Main.dayTime && !spawnInfo.Player.ZoneCorrupt && !spawnInfo.Player.ZoneCrimson) && (!(!Main.dayTime && !spawnInfo.Player.ZoneCorrupt && !spawnInfo.Player.ZoneCrimson)) && (!(Main.hardMode)) && (tsorcRevampWorld.SuperHardMode),NPCs/Enemies/Dunlending.cs,115
NPC Spawn Rule,Dunlending,Dunlending,Enemies,ModNPC,Natural spawn rules,1,—,400,70,40,No,No,No,SpawnChance,(0.1f) / (0),SuperHardmode,Neutral Overworld (Forest),Surface,Day and night / unspecified,—,Unspecified,(!(spawnInfo.Invasion || Sky(spawnInfo.Player) || spawnInfo.Player.ZoneSnow)) && (!(spawnInfo.Player.townNPCs > 1f)) && (spawnInfo.Player.ZoneOverworldHeight) && (Main.dayTime) && (oUnderSurfaceByTile(spawnInfo.Player) || oUndergroundByTile(spawnInfo.Player) || oCavernByTile(spawnInfo.Player)) && (!(Main.dayTime && !spawnInfo.Player.ZoneCorrupt && !spawnInfo.Player.ZoneCrimson)) && (!Main.dayTime && !spawnInfo.Player.ZoneCorrupt && !spawnInfo.Player.ZoneCrimson) && (!(Main.hardMode)) && (tsorcRevampWorld.SuperHardMode),NPCs/Enemies/Dunlending.cs,115
NPC Spawn Rule,Dunlending,Dunlending,Enemies,ModNPC,Natural spawn rules,1,—,400,70,40,No,No,No,SpawnChance,(0.067f) / (0),SuperHardmode,Neutral Overworld (Forest),Surface,Day,—,Unspecified,(!(spawnInfo.Invasion || Sky(spawnInfo.Player) || spawnInfo.Player.ZoneSnow)) && (!(spawnInfo.Player.townNPCs > 1f)) && (spawnInfo.Player.ZoneOverworldHeight) && (Main.dayTime) && (oUnderSurfaceByTile(spawnInfo.Player) || oUndergroundByTile(spawnInfo.Player) || oCavernByTile(spawnInfo.Player)) && (!(Main.dayTime && !spawnInfo.Player.ZoneCorrupt && !spawnInfo.Player.ZoneCrimson)) && (!(!Main.dayTime && !spawnInfo.Player.ZoneCorrupt && !spawnInfo.Player.ZoneCrimson)) && (!(Main.hardMode)) && (tsorcRevampWorld.SuperHardMode),NPCs/Enemies/Dunlending.cs,115
NPC Spawn Rule,Dunlending,Dunlending,Enemies,ModNPC,Natural spawn rules,1,—,400,70,40,No,No,No,SpawnChance,(0.067f) / (0),SuperHardmode,Neutral Overworld (Forest),Surface,Day,—,Unspecified,(!(spawnInfo.Invasion || Sky(spawnInfo.Player) || spawnInfo.Player.ZoneSnow)) && (!(spawnInfo.Player.townNPCs > 1f)) && (spawnInfo.Player.ZoneOverworldHeight) && (Main.dayTime) && (!(oUnderSurfaceByTile(spawnInfo.Player) || oUndergroundByTile(spawnInfo.Player) || oCavernByTile(spawnInfo.Player))) && (!(Main.hardMode)) && (tsorcRevampWorld.SuperHardMode),NPCs/Enemies/Dunlending.cs,115
NPC Spawn Rule,Dunlending,Dunlending,Enemies,ModNPC,Natural spawn rules,1,—,400,70,40,No,No,No,SpawnChance,(0.1f) / (0),SuperHardmode,Neutral Overworld (Forest),Surface,Day and night / unspecified,—,Unspecified,(!(spawnInfo.Invasion || Sky(spawnInfo.Player) || spawnInfo.Player.ZoneSnow)) && (!(spawnInfo.Player.townNPCs > 1f)) && (spawnInfo.Player.ZoneOverworldHeight) && (!(Main.dayTime)) && (oUnderSurfaceByTile(spawnInfo.Player) || oUndergroundByTile(spawnInfo.Player) || oCavernByTile(spawnInfo.Player)) && (Main.dayTime && !spawnInfo.Player.ZoneCorrupt && !spawnInfo.Player.ZoneCrimson) && (!Main.dayTime && !spawnInfo.Player.ZoneCorrupt && !spawnInfo.Player.ZoneCrimson) && (!(Main.hardMode)) && (tsorcRevampWorld.SuperHardMode),NPCs/Enemies/Dunlending.cs,115
NPC Spawn Rule,Dunlending,Dunlending,Enemies,ModNPC,Natural spawn rules,1,—,400,70,40,No,No,No,SpawnChance,(0.067f) / (0),SuperHardmode,Neutral Overworld (Forest),Surface,Day and night / unspecified,—,Unspecified,(!(spawnInfo.Invasion || Sky(spawnInfo.Player) || spawnInfo.Player.ZoneSnow)) && (!(spawnInfo.Player.townNPCs > 1f)) && (spawnInfo.Player.ZoneOverworldHeight) && (!(Main.dayTime)) && (oUnderSurfaceByTile(spawnInfo.Player) || oUndergroundByTile(spawnInfo.Player) || oCavernByTile(spawnInfo.Player)) && (Main.dayTime && !spawnInfo.Player.ZoneCorrupt && !spawnInfo.Player.ZoneCrimson) && (!(!Main.dayTime && !spawnInfo.Player.ZoneCorrupt && !spawnInfo.Player.ZoneCrimson)) && (!(Main.hardMode)) && (tsorcRevampWorld.SuperHardMode),NPCs/Enemies/Dunlending.cs,115
NPC Spawn Rule,Dunlending,Dunlending,Enemies,ModNPC,Natural spawn rules,1,—,400,70,40,No,No,No,SpawnChance,(0.1f) / (0),SuperHardmode,Neutral Overworld (Forest),Surface,Night,—,Unspecified,(!(spawnInfo.Invasion || Sky(spawnInfo.Player) || spawnInfo.Player.ZoneSnow)) && (!(spawnInfo.Player.townNPCs > 1f)) && (spawnInfo.Player.ZoneOverworldHeight) && (!(Main.dayTime)) && (oUnderSurfaceByTile(spawnInfo.Player) || oUndergroundByTile(spawnInfo.Player) || oCavernByTile(spawnInfo.Player)) && (!(Main.dayTime && !spawnInfo.Player.ZoneCorrupt && !spawnInfo.Player.ZoneCrimson)) && (!Main.dayTime && !spawnInfo.Player.ZoneCorrupt && !spawnInfo.Player.ZoneCrimson) && (!(Main.hardMode)) && (tsorcRevampWorld.SuperHardMode),NPCs/Enemies/Dunlending.cs,115
NPC Spawn Rule,Dunlending,Dunlending,Enemies,ModNPC,Natural spawn rules,1,—,400,70,40,No,No,No,SpawnChance,(0.125f) / (0),SuperHardmode,Neutral Overworld (Forest),Surface,Night,—,Unspecified,(!(spawnInfo.Invasion || Sky(spawnInfo.Player) || spawnInfo.Player.ZoneSnow)) && (!(spawnInfo.Player.townNPCs > 1f)) && (spawnInfo.Player.ZoneOverworldHeight) && (!(Main.dayTime)) && (oUnderSurfaceByTile(spawnInfo.Player) || oUndergroundByTile(spawnInfo.Player) || oCavernByTile(spawnInfo.Player)) && (!(Main.dayTime && !spawnInfo.Player.ZoneCorrupt && !spawnInfo.Player.ZoneCrimson)) && (!(!Main.dayTime && !spawnInfo.Player.ZoneCorrupt && !spawnInfo.Player.ZoneCrimson)) && (!(Main.hardMode)) && (tsorcRevampWorld.SuperHardMode),NPCs/Enemies/Dunlending.cs,115
NPC Spawn Rule,Dunlending,Dunlending,Enemies,ModNPC,Natural spawn rules,1,—,400,70,40,No,No,No,SpawnChance,(0.125f) / (0),SuperHardmode,Neutral Overworld (Forest),Surface,Night,—,Unspecified,(!(spawnInfo.Invasion || Sky(spawnInfo.Player) || spawnInfo.Player.ZoneSnow)) && (!(spawnInfo.Player.townNPCs > 1f)) && (spawnInfo.Player.ZoneOverworldHeight) && (!(Main.dayTime)) && (!(oUnderSurfaceByTile(spawnInfo.Player) || oUndergroundByTile(spawnInfo.Player) || oCavernByTile(spawnInfo.Player))) && (!(Main.hardMode)) && (tsorcRevampWorld.SuperHardMode),NPCs/Enemies/Dunlending.cs,115
NPC Spawn Rule,Dunlending,Dunlending,Enemies,ModNPC,Natural spawn rules,1,—,400,70,40,No,No,No,SpawnChance,(0.1f) / (0),SuperHardmode,General / Custom,Any / condition-defined depth,Day and night / unspecified,—,Unspecified,(!(spawnInfo.Invasion || Sky(spawnInfo.Player) || spawnInfo.Player.ZoneSnow)) && (!(spawnInfo.Player.townNPCs > 1f)) && (!(spawnInfo.Player.ZoneOverworldHeight)) && (oUnderSurfaceByTile(spawnInfo.Player) || oUndergroundByTile(spawnInfo.Player) || oCavernByTile(spawnInfo.Player)) && (Main.dayTime && !spawnInfo.Player.ZoneCorrupt && !spawnInfo.Player.ZoneCrimson) && (!Main.dayTime && !spawnInfo.Player.ZoneCorrupt && !spawnInfo.Player.ZoneCrimson) && (!(Main.hardMode)) && (tsorcRevampWorld.SuperHardMode),NPCs/Enemies/Dunlending.cs,115
NPC Spawn Rule,Dunlending,Dunlending,Enemies,ModNPC,Natural spawn rules,1,—,400,70,40,No,No,No,SpawnChance,(0.067f) / (0),SuperHardmode,General / Custom,Any / condition-defined depth,Day,—,Unspecified,(!(spawnInfo.Invasion || Sky(spawnInfo.Player) || spawnInfo.Player.ZoneSnow)) && (!(spawnInfo.Player.townNPCs > 1f)) && (!(spawnInfo.Player.ZoneOverworldHeight)) && (oUnderSurfaceByTile(spawnInfo.Player) || oUndergroundByTile(spawnInfo.Player) || oCavernByTile(spawnInfo.Player)) && (Main.dayTime && !spawnInfo.Player.ZoneCorrupt && !spawnInfo.Player.ZoneCrimson) && (!(!Main.dayTime && !spawnInfo.Player.ZoneCorrupt && !spawnInfo.Player.ZoneCrimson)) && (!(Main.hardMode)) && (tsorcRevampWorld.SuperHardMode),NPCs/Enemies/Dunlending.cs,115
NPC Spawn Rule,Dunlending,Dunlending,Enemies,ModNPC,Natural spawn rules,1,—,400,70,40,No,No,No,SpawnChance,(0.1f) / (0),SuperHardmode,General / Custom,Any / condition-defined depth,Night,—,Unspecified,(!(spawnInfo.Invasion || Sky(spawnInfo.Player) || spawnInfo.Player.ZoneSnow)) && (!(spawnInfo.Player.townNPCs > 1f)) && (!(spawnInfo.Player.ZoneOverworldHeight)) && (oUnderSurfaceByTile(spawnInfo.Player) || oUndergroundByTile(spawnInfo.Player) || oCavernByTile(spawnInfo.Player)) && (!(Main.dayTime && !spawnInfo.Player.ZoneCorrupt && !spawnInfo.Player.ZoneCrimson)) && (!Main.dayTime && !spawnInfo.Player.ZoneCorrupt && !spawnInfo.Player.ZoneCrimson) && (!(Main.hardMode)) && (tsorcRevampWorld.SuperHardMode),NPCs/Enemies/Dunlending.cs,115
NPC Spawn Rule,Dunlending,Dunlending,Enemies,ModNPC,Natural spawn rules,1,—,400,70,40,No,No,No,SpawnChance,(0) / (0),SuperHardmode,General / Custom,Any / condition-defined depth,Day and night / unspecified,—,Unspecified,(!(spawnInfo.Invasion || Sky(spawnInfo.Player) || spawnInfo.Player.ZoneSnow)) && (!(spawnInfo.Player.townNPCs > 1f)) && (!(spawnInfo.Player.ZoneOverworldHeight)) && (oUnderSurfaceByTile(spawnInfo.Player) || oUndergroundByTile(spawnInfo.Player) || oCavernByTile(spawnInfo.Player)) && (!(Main.dayTime && !spawnInfo.Player.ZoneCorrupt && !spawnInfo.Player.ZoneCrimson)) && (!(!Main.dayTime && !spawnInfo.Player.ZoneCorrupt && !spawnInfo.Player.ZoneCrimson)) && (!(Main.hardMode)) && (tsorcRevampWorld.SuperHardMode),NPCs/Enemies/Dunlending.cs,115
NPC Spawn Rule,Dunlending,Dunlending,Enemies,ModNPC,Natural spawn rules,1,—,400,70,40,No,No,No,SpawnChance,(0) / (0),SuperHardmode,General / Custom,Any / condition-defined depth,Day and night / unspecified,—,Unspecified,(!(spawnInfo.Invasion || Sky(spawnInfo.Player) || spawnInfo.Player.ZoneSnow)) && (!(spawnInfo.Player.townNPCs > 1f)) && (!(spawnInfo.Player.ZoneOverworldHeight)) && (!(oUnderSurfaceByTile(spawnInfo.Player) || oUndergroundByTile(spawnInfo.Player) || oCavernByTile(spawnInfo.Player))) && (!(Main.hardMode)) && (tsorcRevampWorld.SuperHardMode),NPCs/Enemies/Dunlending.cs,115
NPC Spawn Rule,Dunlending,Dunlending,Enemies,ModNPC,Natural spawn rules,1,—,400,70,40,No,No,No,SpawnChance,0.1f,Pre-Hardmode,Neutral Overworld (Forest),Surface,Day and night / unspecified,—,Unspecified,(!(spawnInfo.Invasion || Sky(spawnInfo.Player) || spawnInfo.Player.ZoneSnow)) && (!(spawnInfo.Player.townNPCs > 1f)) && (spawnInfo.Player.ZoneOverworldHeight) && (Main.dayTime) && (oUnderSurfaceByTile(spawnInfo.Player) || oUndergroundByTile(spawnInfo.Player) || oCavernByTile(spawnInfo.Player)) && (Main.dayTime && !spawnInfo.Player.ZoneCorrupt && !spawnInfo.Player.ZoneCrimson) && (!Main.dayTime && !spawnInfo.Player.ZoneCorrupt && !spawnInfo.Player.ZoneCrimson) && (!(Main.hardMode)) && (!(tsorcRevampWorld.SuperHardMode)),NPCs/Enemies/Dunlending.cs,117
NPC Spawn Rule,Dunlending,Dunlending,Enemies,ModNPC,Natural spawn rules,1,—,400,70,40,No,No,No,SpawnChance,0.067f,Pre-Hardmode,Neutral Overworld (Forest),Surface,Day,—,Unspecified,(!(spawnInfo.Invasion || Sky(spawnInfo.Player) || spawnInfo.Player.ZoneSnow)) && (!(spawnInfo.Player.townNPCs > 1f)) && (spawnInfo.Player.ZoneOverworldHeight) && (Main.dayTime) && (oUnderSurfaceByTile(spawnInfo.Player) || oUndergroundByTile(spawnInfo.Player) || oCavernByTile(spawnInfo.Player)) && (Main.dayTime && !spawnInfo.Player.ZoneCorrupt && !spawnInfo.Player.ZoneCrimson) && (!(!Main.dayTime && !spawnInfo.Player.ZoneCorrupt && !spawnInfo.Player.ZoneCrimson)) && (!(Main.hardMode)) && (!(tsorcRevampWorld.SuperHardMode)),NPCs/Enemies/Dunlending.cs,117
NPC Spawn Rule,Dunlending,Dunlending,Enemies,ModNPC,Natural spawn rules,1,—,400,70,40,No,No,No,SpawnChance,0.1f,Pre-Hardmode,Neutral Overworld (Forest),Surface,Day and night / unspecified,—,Unspecified,(!(spawnInfo.Invasion || Sky(spawnInfo.Player) || spawnInfo.Player.ZoneSnow)) && (!(spawnInfo.Player.townNPCs > 1f)) && (spawnInfo.Player.ZoneOverworldHeight) && (Main.dayTime) && (oUnderSurfaceByTile(spawnInfo.Player) || oUndergroundByTile(spawnInfo.Player) || oCavernByTile(spawnInfo.Player)) && (!(Main.dayTime && !spawnInfo.Player.ZoneCorrupt && !spawnInfo.Player.ZoneCrimson)) && (!Main.dayTime && !spawnInfo.Player.ZoneCorrupt && !spawnInfo.Player.ZoneCrimson) && (!(Main.hardMode)) && (!(tsorcRevampWorld.SuperHardMode)),NPCs/Enemies/Dunlending.cs,117
NPC Spawn Rule,Dunlending,Dunlending,Enemies,ModNPC,Natural spawn rules,1,—,400,70,40,No,No,No,SpawnChance,0.067f,Pre-Hardmode,Neutral Overworld (Forest),Surface,Day,—,Unspecified,(!(spawnInfo.Invasion || Sky(spawnInfo.Player) || spawnInfo.Player.ZoneSnow)) && (!(spawnInfo.Player.townNPCs > 1f)) && (spawnInfo.Player.ZoneOverworldHeight) && (Main.dayTime) && (oUnderSurfaceByTile(spawnInfo.Player) || oUndergroundByTile(spawnInfo.Player) || oCavernByTile(spawnInfo.Player)) && (!(Main.dayTime && !spawnInfo.Player.ZoneCorrupt && !spawnInfo.Player.ZoneCrimson)) && (!(!Main.dayTime && !spawnInfo.Player.ZoneCorrupt && !spawnInfo.Player.ZoneCrimson)) && (!(Main.hardMode)) && (!(tsorcRevampWorld.SuperHardMode)),NPCs/Enemies/Dunlending.cs,117
NPC Spawn Rule,Dunlending,Dunlending,Enemies,ModNPC,Natural spawn rules,1,—,400,70,40,No,No,No,SpawnChance,0.067f,Pre-Hardmode,Neutral Overworld (Forest),Surface,Day,—,Unspecified,(!(spawnInfo.Invasion || Sky(spawnInfo.Player) || spawnInfo.Player.ZoneSnow)) && (!(spawnInfo.Player.townNPCs > 1f)) && (spawnInfo.Player.ZoneOverworldHeight) && (Main.dayTime) && (!(oUnderSurfaceByTile(spawnInfo.Player) || oUndergroundByTile(spawnInfo.Player) || oCavernByTile(spawnInfo.Player))) && (!(Main.hardMode)) && (!(tsorcRevampWorld.SuperHardMode)),NPCs/Enemies/Dunlending.cs,117
NPC Spawn Rule,Dunlending,Dunlending,Enemies,ModNPC,Natural spawn rules,1,—,400,70,40,No,No,No,SpawnChance,0.1f,Pre-Hardmode,Neutral Overworld (Forest),Surface,Day and night / unspecified,—,Unspecified,(!(spawnInfo.Invasion || Sky(spawnInfo.Player) || spawnInfo.Player.ZoneSnow)) && (!(spawnInfo.Player.townNPCs > 1f)) && (spawnInfo.Player.ZoneOverworldHeight) && (!(Main.dayTime)) && (oUnderSurfaceByTile(spawnInfo.Player) || oUndergroundByTile(spawnInfo.Player) || oCavernByTile(spawnInfo.Player)) && (Main.dayTime && !spawnInfo.Player.ZoneCorrupt && !spawnInfo.Player.ZoneCrimson) && (!Main.dayTime && !spawnInfo.Player.ZoneCorrupt && !spawnInfo.Player.ZoneCrimson) && (!(Main.hardMode)) && (!(tsorcRevampWorld.SuperHardMode)),NPCs/Enemies/Dunlending.cs,117
NPC Spawn Rule,Dunlending,Dunlending,Enemies,ModNPC,Natural spawn rules,1,—,400,70,40,No,No,No,SpawnChance,0.067f,Pre-Hardmode,Neutral Overworld (Forest),Surface,Day and night / unspecified,—,Unspecified,(!(spawnInfo.Invasion || Sky(spawnInfo.Player) || spawnInfo.Player.ZoneSnow)) && (!(spawnInfo.Player.townNPCs > 1f)) && (spawnInfo.Player.ZoneOverworldHeight) && (!(Main.dayTime)) && (oUnderSurfaceByTile(spawnInfo.Player) || oUndergroundByTile(spawnInfo.Player) || oCavernByTile(spawnInfo.Player)) && (Main.dayTime && !spawnInfo.Player.ZoneCorrupt && !spawnInfo.Player.ZoneCrimson) && (!(!Main.dayTime && !spawnInfo.Player.ZoneCorrupt && !spawnInfo.Player.ZoneCrimson)) && (!(Main.hardMode)) && (!(tsorcRevampWorld.SuperHardMode)),NPCs/Enemies/Dunlending.cs,117
NPC Spawn Rule,Dunlending,Dunlending,Enemies,ModNPC,Natural spawn rules,1,—,400,70,40,No,No,No,SpawnChance,0.1f,Pre-Hardmode,Neutral Overworld (Forest),Surface,Night,—,Unspecified,(!(spawnInfo.Invasion || Sky(spawnInfo.Player) || spawnInfo.Player.ZoneSnow)) && (!(spawnInfo.Player.townNPCs > 1f)) && (spawnInfo.Player.ZoneOverworldHeight) && (!(Main.dayTime)) && (oUnderSurfaceByTile(spawnInfo.Player) || oUndergroundByTile(spawnInfo.Player) || oCavernByTile(spawnInfo.Player)) && (!(Main.dayTime && !spawnInfo.Player.ZoneCorrupt && !spawnInfo.Player.ZoneCrimson)) && (!Main.dayTime && !spawnInfo.Player.ZoneCorrupt && !spawnInfo.Player.ZoneCrimson) && (!(Main.hardMode)) && (!(tsorcRevampWorld.SuperHardMode)),NPCs/Enemies/Dunlending.cs,117
NPC Spawn Rule,Dunlending,Dunlending,Enemies,ModNPC,Natural spawn rules,1,—,400,70,40,No,No,No,SpawnChance,0.125f,Pre-Hardmode,Neutral Overworld (Forest),Surface,Night,—,Unspecified,(!(spawnInfo.Invasion || Sky(spawnInfo.Player) || spawnInfo.Player.ZoneSnow)) && (!(spawnInfo.Player.townNPCs > 1f)) && (spawnInfo.Player.ZoneOverworldHeight) && (!(Main.dayTime)) && (oUnderSurfaceByTile(spawnInfo.Player) || oUndergroundByTile(spawnInfo.Player) || oCavernByTile(spawnInfo.Player)) && (!(Main.dayTime && !spawnInfo.Player.ZoneCorrupt && !spawnInfo.Player.ZoneCrimson)) && (!(!Main.dayTime && !spawnInfo.Player.ZoneCorrupt && !spawnInfo.Player.ZoneCrimson)) && (!(Main.hardMode)) && (!(tsorcRevampWorld.SuperHardMode)),NPCs/Enemies/Dunlending.cs,117
NPC Spawn Rule,Dunlending,Dunlending,Enemies,ModNPC,Natural spawn rules,1,—,400,70,40,No,No,No,SpawnChance,0.125f,Pre-Hardmode,Neutral Overworld (Forest),Surface,Night,—,Unspecified,(!(spawnInfo.Invasion || Sky(spawnInfo.Player) || spawnInfo.Player.ZoneSnow)) && (!(spawnInfo.Player.townNPCs > 1f)) && (spawnInfo.Player.ZoneOverworldHeight) && (!(Main.dayTime)) && (!(oUnderSurfaceByTile(spawnInfo.Player) || oUndergroundByTile(spawnInfo.Player) || oCavernByTile(spawnInfo.Player))) && (!(Main.hardMode)) && (!(tsorcRevampWorld.SuperHardMode)),NPCs/Enemies/Dunlending.cs,117
NPC Spawn Rule,Dunlending,Dunlending,Enemies,ModNPC,Natural spawn rules,1,—,400,70,40,No,No,No,SpawnChance,0.1f,Pre-Hardmode,General / Custom,Any / condition-defined depth,Day and night / unspecified,—,Unspecified,(!(spawnInfo.Invasion || Sky(spawnInfo.Player) || spawnInfo.Player.ZoneSnow)) && (!(spawnInfo.Player.townNPCs > 1f)) && (!(spawnInfo.Player.ZoneOverworldHeight)) && (oUnderSurfaceByTile(spawnInfo.Player) || oUndergroundByTile(spawnInfo.Player) || oCavernByTile(spawnInfo.Player)) && (Main.dayTime && !spawnInfo.Player.ZoneCorrupt && !spawnInfo.Player.ZoneCrimson) && (!Main.dayTime && !spawnInfo.Player.ZoneCorrupt && !spawnInfo.Player.ZoneCrimson) && (!(Main.hardMode)) && (!(tsorcRevampWorld.SuperHardMode)),NPCs/Enemies/Dunlending.cs,117
NPC Spawn Rule,Dunlending,Dunlending,Enemies,ModNPC,Natural spawn rules,1,—,400,70,40,No,No,No,SpawnChance,0.067f,Pre-Hardmode,General / Custom,Any / condition-defined depth,Day,—,Unspecified,(!(spawnInfo.Invasion || Sky(spawnInfo.Player) || spawnInfo.Player.ZoneSnow)) && (!(spawnInfo.Player.townNPCs > 1f)) && (!(spawnInfo.Player.ZoneOverworldHeight)) && (oUnderSurfaceByTile(spawnInfo.Player) || oUndergroundByTile(spawnInfo.Player) || oCavernByTile(spawnInfo.Player)) && (Main.dayTime && !spawnInfo.Player.ZoneCorrupt && !spawnInfo.Player.ZoneCrimson) && (!(!Main.dayTime && !spawnInfo.Player.ZoneCorrupt && !spawnInfo.Player.ZoneCrimson)) && (!(Main.hardMode)) && (!(tsorcRevampWorld.SuperHardMode)),NPCs/Enemies/Dunlending.cs,117
NPC Spawn Rule,Dunlending,Dunlending,Enemies,ModNPC,Natural spawn rules,1,—,400,70,40,No,No,No,SpawnChance,0.1f,Pre-Hardmode,General / Custom,Any / condition-defined depth,Night,—,Unspecified,(!(spawnInfo.Invasion || Sky(spawnInfo.Player) || spawnInfo.Player.ZoneSnow)) && (!(spawnInfo.Player.townNPCs > 1f)) && (!(spawnInfo.Player.ZoneOverworldHeight)) && (oUnderSurfaceByTile(spawnInfo.Player) || oUndergroundByTile(spawnInfo.Player) || oCavernByTile(spawnInfo.Player)) && (!(Main.dayTime && !spawnInfo.Player.ZoneCorrupt && !spawnInfo.Player.ZoneCrimson)) && (!Main.dayTime && !spawnInfo.Player.ZoneCorrupt && !spawnInfo.Player.ZoneCrimson) && (!(Main.hardMode)) && (!(tsorcRevampWorld.SuperHardMode)),NPCs/Enemies/Dunlending.cs,117
NPC Spawn Rule,Dunlending,Dunlending,Enemies,ModNPC,Natural spawn rules,1,—,400,70,40,No,No,No,SpawnChance,0,Pre-Hardmode,General / Custom,Any / condition-defined depth,Day and night / unspecified,—,Unspecified,(!(spawnInfo.Invasion || Sky(spawnInfo.Player) || spawnInfo.Player.ZoneSnow)) && (!(spawnInfo.Player.townNPCs > 1f)) && (!(spawnInfo.Player.ZoneOverworldHeight)) && (oUnderSurfaceByTile(spawnInfo.Player) || oUndergroundByTile(spawnInfo.Player) || oCavernByTile(spawnInfo.Player)) && (!(Main.dayTime && !spawnInfo.Player.ZoneCorrupt && !spawnInfo.Player.ZoneCrimson)) && (!(!Main.dayTime && !spawnInfo.Player.ZoneCorrupt && !spawnInfo.Player.ZoneCrimson)) && (!(Main.hardMode)) && (!(tsorcRevampWorld.SuperHardMode)),NPCs/Enemies/Dunlending.cs,117
NPC Spawn Rule,Dunlending,Dunlending,Enemies,ModNPC,Natural spawn rules,1,—,400,70,40,No,No,No,SpawnChance,0,Pre-Hardmode,General / Custom,Any / condition-defined depth,Day and night / unspecified,—,Unspecified,(!(spawnInfo.Invasion || Sky(spawnInfo.Player) || spawnInfo.Player.ZoneSnow)) && (!(spawnInfo.Player.townNPCs > 1f)) && (!(spawnInfo.Player.ZoneOverworldHeight)) && (!(oUnderSurfaceByTile(spawnInfo.Player) || oUndergroundByTile(spawnInfo.Player) || oCavernByTile(spawnInfo.Player))) && (!(Main.hardMode)) && (!(tsorcRevampWorld.SuperHardMode)),NPCs/Enemies/Dunlending.cs,117
NPC Spawn Rule,DworcAbysswalker,Dworc Abysswalker,Enemies,ModNPC,Natural spawn rules,5,—,3500,0,72,No,No,No,SpawnChance,(((0.1f) * (1.3f)) * (1.5f)) * (2),SuperHardmode,Jungle + Meteor,Underground or Caverns,Day and night / unspecified,—,Unspecified,((spawnInfo.Player.ZoneMeteor || spawnInfo.Player.ZoneJungle) && tsorcRevampWorld.SuperHardMode && !spawnInfo.Player.ZoneDungeon && !(spawnInfo.Player.ZoneCorrupt || spawnInfo.Player.ZoneCrimson)) && (spawnInfo.Player.ZoneDirtLayerHeight) && (spawnInfo.Player.ZoneRockLayerHeight) && (Main.bloodMoon),NPCs/Enemies/Dworc/DworcAbysswalker.cs,113
NPC Spawn Rule,DworcAbysswalker,Dworc Abysswalker,Enemies,ModNPC,Natural spawn rules,5,—,3500,0,72,No,No,No,SpawnChance,((0.1f) * (1.3f)) * (1.5f),SuperHardmode,Jungle + Meteor,Underground or Caverns,Day and night / unspecified,—,Unspecified,((spawnInfo.Player.ZoneMeteor || spawnInfo.Player.ZoneJungle) && tsorcRevampWorld.SuperHardMode && !spawnInfo.Player.ZoneDungeon && !(spawnInfo.Player.ZoneCorrupt || spawnInfo.Player.ZoneCrimson)) && (spawnInfo.Player.ZoneDirtLayerHeight) && (spawnInfo.Player.ZoneRockLayerHeight) && (!(Main.bloodMoon)),NPCs/Enemies/Dworc/DworcAbysswalker.cs,113
NPC Spawn Rule,DworcAbysswalker,Dworc Abysswalker,Enemies,ModNPC,Natural spawn rules,5,—,3500,0,72,No,No,No,SpawnChance,((0.1f) * (1.3f)) * (2),SuperHardmode,Jungle + Meteor,Underground,Day and night / unspecified,—,Unspecified,((spawnInfo.Player.ZoneMeteor || spawnInfo.Player.ZoneJungle) && tsorcRevampWorld.SuperHardMode && !spawnInfo.Player.ZoneDungeon && !(spawnInfo.Player.ZoneCorrupt || spawnInfo.Player.ZoneCrimson)) && (spawnInfo.Player.ZoneDirtLayerHeight) && (!(spawnInfo.Player.ZoneRockLayerHeight)) && (Main.bloodMoon),NPCs/Enemies/Dworc/DworcAbysswalker.cs,113
NPC Spawn Rule,DworcAbysswalker,Dworc Abysswalker,Enemies,ModNPC,Natural spawn rules,5,—,3500,0,72,No,No,No,SpawnChance,(0.1f) * (1.3f),SuperHardmode,Jungle + Meteor,Underground,Day and night / unspecified,—,Unspecified,((spawnInfo.Player.ZoneMeteor || spawnInfo.Player.ZoneJungle) && tsorcRevampWorld.SuperHardMode && !spawnInfo.Player.ZoneDungeon && !(spawnInfo.Player.ZoneCorrupt || spawnInfo.Player.ZoneCrimson)) && (spawnInfo.Player.ZoneDirtLayerHeight) && (!(spawnInfo.Player.ZoneRockLayerHeight)) && (!(Main.bloodMoon)),NPCs/Enemies/Dworc/DworcAbysswalker.cs,113
NPC Spawn Rule,DworcAbysswalker,Dworc Abysswalker,Enemies,ModNPC,Natural spawn rules,5,—,3500,0,72,No,No,No,SpawnChance,((0.1f) * (1.5f)) * (2),SuperHardmode,Jungle + Meteor,Caverns,Day and night / unspecified,—,Unspecified,((spawnInfo.Player.ZoneMeteor || spawnInfo.Player.ZoneJungle) && tsorcRevampWorld.SuperHardMode && !spawnInfo.Player.ZoneDungeon && !(spawnInfo.Player.ZoneCorrupt || spawnInfo.Player.ZoneCrimson)) && (!(spawnInfo.Player.ZoneDirtLayerHeight)) && (spawnInfo.Player.ZoneRockLayerHeight) && (Main.bloodMoon),NPCs/Enemies/Dworc/DworcAbysswalker.cs,113
NPC Spawn Rule,DworcAbysswalker,Dworc Abysswalker,Enemies,ModNPC,Natural spawn rules,5,—,3500,0,72,No,No,No,SpawnChance,(0.1f) * (1.5f),SuperHardmode,Jungle + Meteor,Caverns,Day and night / unspecified,—,Unspecified,((spawnInfo.Player.ZoneMeteor || spawnInfo.Player.ZoneJungle) && tsorcRevampWorld.SuperHardMode && !spawnInfo.Player.ZoneDungeon && !(spawnInfo.Player.ZoneCorrupt || spawnInfo.Player.ZoneCrimson)) && (!(spawnInfo.Player.ZoneDirtLayerHeight)) && (spawnInfo.Player.ZoneRockLayerHeight) && (!(Main.bloodMoon)),NPCs/Enemies/Dworc/DworcAbysswalker.cs,113
NPC Spawn Rule,DworcAbysswalker,Dworc Abysswalker,Enemies,ModNPC,Natural spawn rules,5,—,3500,0,72,No,No,No,SpawnChance,(0.1f) * (2),SuperHardmode,Jungle + Meteor,Any / condition-defined depth,Day and night / unspecified,—,Unspecified,((spawnInfo.Player.ZoneMeteor || spawnInfo.Player.ZoneJungle) && tsorcRevampWorld.SuperHardMode && !spawnInfo.Player.ZoneDungeon && !(spawnInfo.Player.ZoneCorrupt || spawnInfo.Player.ZoneCrimson)) && (!(spawnInfo.Player.ZoneDirtLayerHeight)) && (!(spawnInfo.Player.ZoneRockLayerHeight)) && (Main.bloodMoon),NPCs/Enemies/Dworc/DworcAbysswalker.cs,113
NPC Spawn Rule,DworcAbysswalker,Dworc Abysswalker,Enemies,ModNPC,Natural spawn rules,5,—,3500,0,72,No,No,No,SpawnChance,0.1f,SuperHardmode,Jungle + Meteor,Any / condition-defined depth,Day and night / unspecified,—,Unspecified,((spawnInfo.Player.ZoneMeteor || spawnInfo.Player.ZoneJungle) && tsorcRevampWorld.SuperHardMode && !spawnInfo.Player.ZoneDungeon && !(spawnInfo.Player.ZoneCorrupt || spawnInfo.Player.ZoneCrimson)) && (!(spawnInfo.Player.ZoneDirtLayerHeight)) && (!(spawnInfo.Player.ZoneRockLayerHeight)) && (!(Main.bloodMoon)),NPCs/Enemies/Dworc/DworcAbysswalker.cs,113
NPC Spawn Rule,DworcAbysswalker,Dworc Abysswalker,Enemies,ModNPC,Natural spawn rules,5,—,3500,0,72,No,No,No,SpawnChance,(((0) * (1.3f)) * (1.5f)) * (2),Pre-Hardmode + Hardmode + SuperHardmode,General / Custom,Underground or Caverns,Day and night / unspecified,—,Unspecified,(!((spawnInfo.Player.ZoneMeteor || spawnInfo.Player.ZoneJungle) && tsorcRevampWorld.SuperHardMode && !spawnInfo.Player.ZoneDungeon && !(spawnInfo.Player.ZoneCorrupt || spawnInfo.Player.ZoneCrimson))) && (spawnInfo.Player.ZoneDirtLayerHeight) && (spawnInfo.Player.ZoneRockLayerHeight) && (Main.bloodMoon),NPCs/Enemies/Dworc/DworcAbysswalker.cs,113
NPC Spawn Rule,DworcAbysswalker,Dworc Abysswalker,Enemies,ModNPC,Natural spawn rules,5,—,3500,0,72,No,No,No,SpawnChance,((0) * (1.3f)) * (1.5f),Pre-Hardmode + Hardmode + SuperHardmode,General / Custom,Underground or Caverns,Day and night / unspecified,—,Unspecified,(!((spawnInfo.Player.ZoneMeteor || spawnInfo.Player.ZoneJungle) && tsorcRevampWorld.SuperHardMode && !spawnInfo.Player.ZoneDungeon && !(spawnInfo.Player.ZoneCorrupt || spawnInfo.Player.ZoneCrimson))) && (spawnInfo.Player.ZoneDirtLayerHeight) && (spawnInfo.Player.ZoneRockLayerHeight) && (!(Main.bloodMoon)),NPCs/Enemies/Dworc/DworcAbysswalker.cs,113
NPC Spawn Rule,DworcAbysswalker,Dworc Abysswalker,Enemies,ModNPC,Natural spawn rules,5,—,3500,0,72,No,No,No,SpawnChance,((0) * (1.3f)) * (2),Pre-Hardmode + Hardmode + SuperHardmode,General / Custom,Underground,Day and night / unspecified,—,Unspecified,(!((spawnInfo.Player.ZoneMeteor || spawnInfo.Player.ZoneJungle) && tsorcRevampWorld.SuperHardMode && !spawnInfo.Player.ZoneDungeon && !(spawnInfo.Player.ZoneCorrupt || spawnInfo.Player.ZoneCrimson))) && (spawnInfo.Player.ZoneDirtLayerHeight) && (!(spawnInfo.Player.ZoneRockLayerHeight)) && (Main.bloodMoon),NPCs/Enemies/Dworc/DworcAbysswalker.cs,113
NPC Spawn Rule,DworcAbysswalker,Dworc Abysswalker,Enemies,ModNPC,Natural spawn rules,5,—,3500,0,72,No,No,No,SpawnChance,(0) * (1.3f),Pre-Hardmode + Hardmode + SuperHardmode,General / Custom,Underground,Day and night / unspecified,—,Unspecified,(!((spawnInfo.Player.ZoneMeteor || spawnInfo.Player.ZoneJungle) && tsorcRevampWorld.SuperHardMode && !spawnInfo.Player.ZoneDungeon && !(spawnInfo.Player.ZoneCorrupt || spawnInfo.Player.ZoneCrimson))) && (spawnInfo.Player.ZoneDirtLayerHeight) && (!(spawnInfo.Player.ZoneRockLayerHeight)) && (!(Main.bloodMoon)),NPCs/Enemies/Dworc/DworcAbysswalker.cs,113
NPC Spawn Rule,DworcAbysswalker,Dworc Abysswalker,Enemies,ModNPC,Natural spawn rules,5,—,3500,0,72,No,No,No,SpawnChance,((0) * (1.5f)) * (2),Pre-Hardmode + Hardmode + SuperHardmode,General / Custom,Caverns,Day and night / unspecified,—,Unspecified,(!((spawnInfo.Player.ZoneMeteor || spawnInfo.Player.ZoneJungle) && tsorcRevampWorld.SuperHardMode && !spawnInfo.Player.ZoneDungeon && !(spawnInfo.Player.ZoneCorrupt || spawnInfo.Player.ZoneCrimson))) && (!(spawnInfo.Player.ZoneDirtLayerHeight)) && (spawnInfo.Player.ZoneRockLayerHeight) && (Main.bloodMoon),NPCs/Enemies/Dworc/DworcAbysswalker.cs,113
NPC Spawn Rule,DworcAbysswalker,Dworc Abysswalker,Enemies,ModNPC,Natural spawn rules,5,—,3500,0,72,No,No,No,SpawnChance,(0) * (1.5f),Pre-Hardmode + Hardmode + SuperHardmode,General / Custom,Caverns,Day and night / unspecified,—,Unspecified,(!((spawnInfo.Player.ZoneMeteor || spawnInfo.Player.ZoneJungle) && tsorcRevampWorld.SuperHardMode && !spawnInfo.Player.ZoneDungeon && !(spawnInfo.Player.ZoneCorrupt || spawnInfo.Player.ZoneCrimson))) && (!(spawnInfo.Player.ZoneDirtLayerHeight)) && (spawnInfo.Player.ZoneRockLayerHeight) && (!(Main.bloodMoon)),NPCs/Enemies/Dworc/DworcAbysswalker.cs,113
NPC Spawn Rule,DworcAbysswalker,Dworc Abysswalker,Enemies,ModNPC,Natural spawn rules,5,—,3500,0,72,No,No,No,SpawnChance,(0) * (2),Pre-Hardmode + Hardmode + SuperHardmode,General / Custom,Any / condition-defined depth,Day and night / unspecified,—,Unspecified,(!((spawnInfo.Player.ZoneMeteor || spawnInfo.Player.ZoneJungle) && tsorcRevampWorld.SuperHardMode && !spawnInfo.Player.ZoneDungeon && !(spawnInfo.Player.ZoneCorrupt || spawnInfo.Player.ZoneCrimson))) && (!(spawnInfo.Player.ZoneDirtLayerHeight)) && (!(spawnInfo.Player.ZoneRockLayerHeight)) && (Main.bloodMoon),NPCs/Enemies/Dworc/DworcAbysswalker.cs,113
NPC Spawn Rule,DworcAbysswalker,Dworc Abysswalker,Enemies,ModNPC,Natural spawn rules,5,—,3500,0,72,No,No,No,SpawnChance,0,Pre-Hardmode + Hardmode + SuperHardmode,General / Custom,Any / condition-defined depth,Day and night / unspecified,—,Unspecified,(!((spawnInfo.Player.ZoneMeteor || spawnInfo.Player.ZoneJungle) && tsorcRevampWorld.SuperHardMode && !spawnInfo.Player.ZoneDungeon && !(spawnInfo.Player.ZoneCorrupt || spawnInfo.Player.ZoneCrimson))) && (!(spawnInfo.Player.ZoneDirtLayerHeight)) && (!(spawnInfo.Player.ZoneRockLayerHeight)) && (!(Main.bloodMoon)),NPCs/Enemies/Dworc/DworcAbysswalker.cs,113
NPC Spawn Rule,DworcAlchemist,Dworc Alchemist,Enemies,ModNPC,Natural spawn rules,3,—,500,42,14,No,No,No,SpawnChance,0f,Pre-Hardmode + Hardmode + SuperHardmode,General / Custom,Any / condition-defined depth,Day and night / unspecified,—,Required,(spawnInfo.Water),NPCs/Enemies/Dworc/DworcAlchemist.cs,127
NPC Spawn Rule,DworcAlchemist,Dworc Alchemist,Enemies,ModNPC,Natural spawn rules,3,—,500,42,14,No,No,No,SpawnChance,0.004f,Pre-Hardmode + Hardmode + SuperHardmode,Jungle + Meteor,Surface,Day and night / unspecified,—,Excluded,(!(spawnInfo.Water)) && ((spawnInfo.Player.ZoneMeteor || spawnInfo.Player.ZoneJungle) && !spawnInfo.Player.ZoneDungeon && !spawnInfo.Player.ZoneCorrupt && !spawnInfo.Player.ZoneCrimson) && (spawnInfo.Player.ZoneOverworldHeight),NPCs/Enemies/Dworc/DworcAlchemist.cs,131
NPC Spawn Rule,DworcAlchemist,Dworc Alchemist,Enemies,ModNPC,Natural spawn rules,3,—,500,42,14,No,No,No,SpawnChance,0.008f,Pre-Hardmode + Hardmode + SuperHardmode,Jungle + Meteor,Underground,Day and night / unspecified,—,Excluded,(!(spawnInfo.Water)) && ((spawnInfo.Player.ZoneMeteor || spawnInfo.Player.ZoneJungle) && !spawnInfo.Player.ZoneDungeon && !spawnInfo.Player.ZoneCorrupt && !spawnInfo.Player.ZoneCrimson) && (!(spawnInfo.Player.ZoneOverworldHeight)) && (spawnInfo.Player.ZoneDirtLayerHeight),NPCs/Enemies/Dworc/DworcAlchemist.cs,132
NPC Spawn Rule,DworcAlchemist,Dworc Alchemist,Enemies,ModNPC,Natural spawn rules,3,—,500,42,14,No,No,No,SpawnChance,0.095f,Pre-Hardmode + Hardmode + SuperHardmode,Jungle + Meteor,Caverns,Day,—,Excluded,(!(spawnInfo.Water)) && ((spawnInfo.Player.ZoneMeteor || spawnInfo.Player.ZoneJungle) && !spawnInfo.Player.ZoneDungeon && !spawnInfo.Player.ZoneCorrupt && !spawnInfo.Player.ZoneCrimson) && (!(spawnInfo.Player.ZoneOverworldHeight)) && (!(spawnInfo.Player.ZoneDirtLayerHeight)) && (spawnInfo.Player.ZoneRockLayerHeight && Main.dayTime),NPCs/Enemies/Dworc/DworcAlchemist.cs,133
NPC Spawn Rule,DworcAlchemist,Dworc Alchemist,Enemies,ModNPC,Natural spawn rules,3,—,500,42,14,No,No,No,SpawnChance,0.035f,Pre-Hardmode + Hardmode + SuperHardmode,Jungle + Meteor,Caverns,Night,—,Excluded,(!(spawnInfo.Water)) && ((spawnInfo.Player.ZoneMeteor || spawnInfo.Player.ZoneJungle) && !spawnInfo.Player.ZoneDungeon && !spawnInfo.Player.ZoneCorrupt && !spawnInfo.Player.ZoneCrimson) && (!(spawnInfo.Player.ZoneOverworldHeight)) && (!(spawnInfo.Player.ZoneDirtLayerHeight)) && (!(spawnInfo.Player.ZoneRockLayerHeight && Main.dayTime)) && (spawnInfo.Player.ZoneRockLayerHeight && !Main.dayTime),NPCs/Enemies/Dworc/DworcAlchemist.cs,134
NPC Spawn Rule,DworcAlchemist,Dworc Alchemist,Enemies,ModNPC,Natural spawn rules,3,—,500,42,14,No,No,No,SpawnChance,0.005f,Hardmode + SuperHardmode,Jungle + Meteor,Any / condition-defined depth,Day and night / unspecified,—,Excluded,(!(spawnInfo.Water)) && ((spawnInfo.Player.ZoneMeteor || spawnInfo.Player.ZoneJungle) && !spawnInfo.Player.ZoneDungeon && !spawnInfo.Player.ZoneCorrupt && !spawnInfo.Player.ZoneCrimson) && (!(spawnInfo.Player.ZoneOverworldHeight)) && (!(spawnInfo.Player.ZoneDirtLayerHeight)) && (!(spawnInfo.Player.ZoneRockLayerHeight && Main.dayTime)) && (!(spawnInfo.Player.ZoneRockLayerHeight && !Main.dayTime)) && (Main.hardMode && spawnInfo.Player.ZoneJungle && !spawnInfo.Player.ZoneMeteor && !spawnInfo.Player.ZoneBeach && !spawnInfo.Player.ZoneCorrupt && !spawnInfo.Player.ZoneCrimson),NPCs/Enemies/Dworc/DworcAlchemist.cs,136
NPC Spawn Rule,DworcAlchemist,Dworc Alchemist,Enemies,ModNPC,Natural spawn rules,3,—,500,42,14,No,No,No,SpawnChance,0.005f,Hardmode + SuperHardmode,Jungle,Any / condition-defined depth,Day and night / unspecified,—,Excluded,(!(spawnInfo.Water)) && (!((spawnInfo.Player.ZoneMeteor || spawnInfo.Player.ZoneJungle) && !spawnInfo.Player.ZoneDungeon && !spawnInfo.Player.ZoneCorrupt && !spawnInfo.Player.ZoneCrimson)) && (Main.hardMode && spawnInfo.Player.ZoneJungle && !spawnInfo.Player.ZoneMeteor && !spawnInfo.Player.ZoneBeach && !spawnInfo.Player.ZoneCorrupt && !spawnInfo.Player.ZoneCrimson),NPCs/Enemies/Dworc/DworcAlchemist.cs,136
NPC Spawn Rule,DworcAlchemist,Dworc Alchemist,Enemies,ModNPC,Natural spawn rules,3,—,500,42,14,No,No,No,SpawnChance,0f,Pre-Hardmode + Hardmode + SuperHardmode,Jungle + Meteor,Any / condition-defined depth,Day and night / unspecified,—,Excluded,(!(spawnInfo.Water)) && ((spawnInfo.Player.ZoneMeteor || spawnInfo.Player.ZoneJungle) && !spawnInfo.Player.ZoneDungeon && !spawnInfo.Player.ZoneCorrupt && !spawnInfo.Player.ZoneCrimson) && (!(spawnInfo.Player.ZoneOverworldHeight)) && (!(spawnInfo.Player.ZoneDirtLayerHeight)) && (!(spawnInfo.Player.ZoneRockLayerHeight && Main.dayTime)) && (!(spawnInfo.Player.ZoneRockLayerHeight && !Main.dayTime)) && (!(Main.hardMode && spawnInfo.Player.ZoneJungle && !spawnInfo.Player.ZoneMeteor && !spawnInfo.Player.ZoneBeach && !spawnInfo.Player.ZoneCorrupt && !spawnInfo.Player.ZoneCrimson)),NPCs/Enemies/Dworc/DworcAlchemist.cs,138
NPC Spawn Rule,DworcAlchemist,Dworc Alchemist,Enemies,ModNPC,Natural spawn rules,3,—,500,42,14,No,No,No,SpawnChance,0f,Pre-Hardmode + Hardmode + SuperHardmode,General / Custom,Any / condition-defined depth,Day and night / unspecified,—,Excluded,(!(spawnInfo.Water)) && (!((spawnInfo.Player.ZoneMeteor || spawnInfo.Player.ZoneJungle) && !spawnInfo.Player.ZoneDungeon && !spawnInfo.Player.ZoneCorrupt && !spawnInfo.Player.ZoneCrimson)) && (!(Main.hardMode && spawnInfo.Player.ZoneJungle && !spawnInfo.Player.ZoneMeteor && !spawnInfo.Player.ZoneBeach && !spawnInfo.Player.ZoneCorrupt && !spawnInfo.Player.ZoneCrimson)),NPCs/Enemies/Dworc/DworcAlchemist.cs,138
NPC Spawn Rule,DworcFleshhunter,Dworc Fleshhunter,Enemies,ModNPC,Natural spawn rules,1,—,100,42,18,No,No,No,SpawnChance,0f,Pre-Hardmode + Hardmode + SuperHardmode,General / Custom,Any / condition-defined depth,Day and night / unspecified,—,Required,(spawnInfo.Water),NPCs/Enemies/Dworc/DworcFleshhunter.cs,76
NPC Spawn Rule,DworcFleshhunter,Dworc Fleshhunter,Enemies,ModNPC,Natural spawn rules,1,—,100,42,18,No,No,No,SpawnChance,0f,Pre-Hardmode + Hardmode + SuperHardmode,Dungeon,Any / condition-defined depth,Day and night / unspecified,—,Excluded,(!(spawnInfo.Water)) && (spawnInfo.Player.ZoneDungeon),NPCs/Enemies/Dworc/DworcFleshhunter.cs,80
NPC Spawn Rule,DworcFleshhunter,Dworc Fleshhunter,Enemies,ModNPC,Natural spawn rules,1,—,100,42,18,No,No,No,SpawnChance,0.265f,Pre-Hardmode,Jungle,Surface,Day and night / unspecified,—,Excluded,(!(spawnInfo.Water)) && (!(spawnInfo.Player.ZoneDungeon)) && (!Main.hardMode && spawnInfo.Player.ZoneJungle && spawnInfo.Player.ZoneOverworldHeight),NPCs/Enemies/Dworc/DworcFleshhunter.cs,84
NPC Spawn Rule,DworcFleshhunter,Dworc Fleshhunter,Enemies,ModNPC,Natural spawn rules,1,—,100,42,18,No,No,No,SpawnChance,0.37f,Pre-Hardmode,Jungle,Underground or Caverns,Day,—,Excluded,(!(spawnInfo.Water)) && (!(spawnInfo.Player.ZoneDungeon)) && (!(!Main.hardMode && spawnInfo.Player.ZoneJungle && spawnInfo.Player.ZoneOverworldHeight)) && (Main.dayTime && !Main.hardMode && spawnInfo.Player.ZoneJungle && (spawnInfo.Player.ZoneDirtLayerHeight || spawnInfo.Player.ZoneRockLayerHeight)),NPCs/Enemies/Dworc/DworcFleshhunter.cs,88
NPC Spawn Rule,DworcFleshhunter,Dworc Fleshhunter,Enemies,ModNPC,Natural spawn rules,1,—,100,42,18,No,No,No,SpawnChance,0.25f,Pre-Hardmode,Jungle,Underground or Caverns,Night,—,Excluded,(!(spawnInfo.Water)) && (!(spawnInfo.Player.ZoneDungeon)) && (!(!Main.hardMode && spawnInfo.Player.ZoneJungle && spawnInfo.Player.ZoneOverworldHeight)) && (!(Main.dayTime && !Main.hardMode && spawnInfo.Player.ZoneJungle && (spawnInfo.Player.ZoneDirtLayerHeight || spawnInfo.Player.ZoneRockLayerHeight))) && (!Main.dayTime && !Main.hardMode && spawnInfo.Player.ZoneJungle && (spawnInfo.Player.ZoneDirtLayerHeight || spawnInfo.Player.ZoneRockLayerHeight)),NPCs/Enemies/Dworc/DworcFleshhunter.cs,92
NPC Spawn Rule,DworcFleshhunter,Dworc Fleshhunter,Enemies,ModNPC,Natural spawn rules,1,—,100,42,18,No,No,No,SpawnChance,0f,Pre-Hardmode + Hardmode + SuperHardmode,General / Custom,Any / condition-defined depth,Day and night / unspecified,—,Excluded,(!(spawnInfo.Water)) && (!(spawnInfo.Player.ZoneDungeon)) && (!(!Main.hardMode && spawnInfo.Player.ZoneJungle && spawnInfo.Player.ZoneOverworldHeight)) && (!(Main.dayTime && !Main.hardMode && spawnInfo.Player.ZoneJungle && (spawnInfo.Player.ZoneDirtLayerHeight || spawnInfo.Player.ZoneRockLayerHeight))) && (!(!Main.dayTime && !Main.hardMode && spawnInfo.Player.ZoneJungle && (spawnInfo.Player.ZoneDirtLayerHeight || spawnInfo.Player.ZoneRockLayerHeight))),NPCs/Enemies/Dworc/DworcFleshhunter.cs,95
NPC Spawn Rule,DworcVenomsniper,Dworc Venomsniper,Enemies,ModNPC,Natural spawn rules,1,—,100,35,12,No,No,No,SpawnChance,0f,Pre-Hardmode + Hardmode + SuperHardmode,General / Custom,Any / condition-defined depth,Day and night / unspecified,—,Required,(spawnInfo.Water),NPCs/Enemies/Dworc/DworcVenomsniper.cs,76
NPC Spawn Rule,DworcVenomsniper,Dworc Venomsniper,Enemies,ModNPC,Natural spawn rules,1,—,100,35,12,No,No,No,SpawnChance,0f,Pre-Hardmode + Hardmode + SuperHardmode,Dungeon,Any / condition-defined depth,Day and night / unspecified,—,Excluded,(!(spawnInfo.Water)) && (spawnInfo.Player.ZoneDungeon),NPCs/Enemies/Dworc/DworcVenomsniper.cs,80
NPC Spawn Rule,DworcVenomsniper,Dworc Venomsniper,Enemies,ModNPC,Natural spawn rules,1,—,100,35,12,No,No,No,SpawnChance,0.2f,Pre-Hardmode,Jungle,Surface,Day and night / unspecified,—,Excluded,(!(spawnInfo.Water)) && (!(spawnInfo.Player.ZoneDungeon)) && (!Main.hardMode && spawnInfo.Player.ZoneJungle && spawnInfo.Player.ZoneOverworldHeight),NPCs/Enemies/Dworc/DworcVenomsniper.cs,84
NPC Spawn Rule,DworcVenomsniper,Dworc Venomsniper,Enemies,ModNPC,Natural spawn rules,1,—,100,35,12,No,No,No,SpawnChance,0.345f,Pre-Hardmode,Jungle,Underground or Caverns,Day and night / unspecified,—,Excluded,(!(spawnInfo.Water)) && (!(spawnInfo.Player.ZoneDungeon)) && (!(!Main.hardMode && spawnInfo.Player.ZoneJungle && spawnInfo.Player.ZoneOverworldHeight)) && (!Main.hardMode && spawnInfo.Player.ZoneJungle && (spawnInfo.Player.ZoneDirtLayerHeight || spawnInfo.Player.ZoneRockLayerHeight)),NPCs/Enemies/Dworc/DworcVenomsniper.cs,88
NPC Spawn Rule,DworcVenomsniper,Dworc Venomsniper,Enemies,ModNPC,Natural spawn rules,1,—,100,35,12,No,No,No,SpawnChance,0f,Pre-Hardmode + Hardmode + SuperHardmode,General / Custom,Any / condition-defined depth,Day and night / unspecified,—,Excluded,(!(spawnInfo.Water)) && (!(spawnInfo.Player.ZoneDungeon)) && (!(!Main.hardMode && spawnInfo.Player.ZoneJungle && spawnInfo.Player.ZoneOverworldHeight)) && (!(!Main.hardMode && spawnInfo.Player.ZoneJungle && (spawnInfo.Player.ZoneDirtLayerHeight || spawnInfo.Player.ZoneRockLayerHeight))),NPCs/Enemies/Dworc/DworcVenomsniper.cs,91
NPC Spawn Rule,DworcVoodooShaman,Dworc Shaman,Enemies,ModNPC,Natural spawn rules,1,—,750,0,28,No,No,No,SpawnChance,0f,Pre-Hardmode + Hardmode + SuperHardmode,General / Custom,Any / condition-defined depth,Day and night / unspecified,—,Required,(spawnInfo.Water),NPCs/Enemies/Dworc/DworcVoodooShaman.cs,111
NPC Spawn Rule,DworcVoodooShaman,Dworc Shaman,Enemies,ModNPC,Natural spawn rules,1,—,750,0,28,No,No,No,SpawnChance,0.01f,Hardmode + SuperHardmode,Jungle + Meteor,Surface,Day,—,Excluded,(!(spawnInfo.Water)) && (Main.hardMode && (spawnInfo.Player.ZoneMeteor || spawnInfo.Player.ZoneJungle) && !spawnInfo.Player.ZoneDungeon && !spawnInfo.Player.ZoneCorrupt && !spawnInfo.Player.ZoneCrimson) && (spawnInfo.Player.ZoneOverworldHeight && Main.dayTime),NPCs/Enemies/Dworc/DworcVoodooShaman.cs,115
NPC Spawn Rule,DworcVoodooShaman,Dworc Shaman,Enemies,ModNPC,Natural spawn rules,1,—,750,0,28,No,No,No,SpawnChance,0.035f,Hardmode + SuperHardmode,Jungle + Meteor,Surface,Night,—,Excluded,(!(spawnInfo.Water)) && (Main.hardMode && (spawnInfo.Player.ZoneMeteor || spawnInfo.Player.ZoneJungle) && !spawnInfo.Player.ZoneDungeon && !spawnInfo.Player.ZoneCorrupt && !spawnInfo.Player.ZoneCrimson) && (!(spawnInfo.Player.ZoneOverworldHeight && Main.dayTime)) && (spawnInfo.Player.ZoneOverworldHeight && !Main.dayTime),NPCs/Enemies/Dworc/DworcVoodooShaman.cs,116
NPC Spawn Rule,DworcVoodooShaman,Dworc Shaman,Enemies,ModNPC,Natural spawn rules,1,—,750,0,28,No,No,No,SpawnChance,0.025f,Hardmode + SuperHardmode,Jungle + Meteor,Underground,Day and night / unspecified,—,Excluded,(!(spawnInfo.Water)) && (Main.hardMode && (spawnInfo.Player.ZoneMeteor || spawnInfo.Player.ZoneJungle) && !spawnInfo.Player.ZoneDungeon && !spawnInfo.Player.ZoneCorrupt && !spawnInfo.Player.ZoneCrimson) && (!(spawnInfo.Player.ZoneOverworldHeight && Main.dayTime)) && (!(spawnInfo.Player.ZoneOverworldHeight && !Main.dayTime)) && (spawnInfo.Player.ZoneDirtLayerHeight),NPCs/Enemies/Dworc/DworcVoodooShaman.cs,117
NPC Spawn Rule,DworcVoodooShaman,Dworc Shaman,Enemies,ModNPC,Natural spawn rules,1,—,750,0,28,No,No,No,SpawnChance,0.03f,Hardmode + SuperHardmode,Jungle + Meteor,Caverns,Day and night / unspecified,—,Excluded,(!(spawnInfo.Water)) && (Main.hardMode && (spawnInfo.Player.ZoneMeteor || spawnInfo.Player.ZoneJungle) && !spawnInfo.Player.ZoneDungeon && !spawnInfo.Player.ZoneCorrupt && !spawnInfo.Player.ZoneCrimson) && (!(spawnInfo.Player.ZoneOverworldHeight && Main.dayTime)) && (!(spawnInfo.Player.ZoneOverworldHeight && !Main.dayTime)) && (!(spawnInfo.Player.ZoneDirtLayerHeight)) && (spawnInfo.Player.ZoneRockLayerHeight),NPCs/Enemies/Dworc/DworcVoodooShaman.cs,118
NPC Spawn Rule,DworcVoodooShaman,Dworc Shaman,Enemies,ModNPC,Natural spawn rules,1,—,750,0,28,No,No,No,SpawnChance,0.045f,Hardmode + SuperHardmode,Jungle + Meteor,Any / condition-defined depth,Day and night / unspecified,—,Excluded,(!(spawnInfo.Water)) && (Main.hardMode && (spawnInfo.Player.ZoneMeteor || spawnInfo.Player.ZoneJungle) && !spawnInfo.Player.ZoneDungeon && !spawnInfo.Player.ZoneCorrupt && !spawnInfo.Player.ZoneCrimson) && (!(spawnInfo.Player.ZoneOverworldHeight && Main.dayTime)) && (!(spawnInfo.Player.ZoneOverworldHeight && !Main.dayTime)) && (!(spawnInfo.Player.ZoneDirtLayerHeight)) && (!(spawnInfo.Player.ZoneRockLayerHeight)) && (Main.hardMode && (spawnInfo.Player.position.X < 3600) && spawnInfo.Player.ZoneJungle),NPCs/Enemies/Dworc/DworcVoodooShaman.cs,120
NPC Spawn Rule,DworcVoodooShaman,Dworc Shaman,Enemies,ModNPC,Natural spawn rules,1,—,750,0,28,No,No,No,SpawnChance,0.045f,Hardmode + SuperHardmode,Jungle,Any / condition-defined depth,Day and night / unspecified,—,Excluded,(!(spawnInfo.Water)) && (!(Main.hardMode && (spawnInfo.Player.ZoneMeteor || spawnInfo.Player.ZoneJungle) && !spawnInfo.Player.ZoneDungeon && !spawnInfo.Player.ZoneCorrupt && !spawnInfo.Player.ZoneCrimson)) && (Main.hardMode && (spawnInfo.Player.position.X < 3600) && spawnInfo.Player.ZoneJungle),NPCs/Enemies/Dworc/DworcVoodooShaman.cs,120
NPC Spawn Rule,DworcVoodooShaman,Dworc Shaman,Enemies,ModNPC,Natural spawn rules,1,—,750,0,28,No,No,No,SpawnChance,0f,Hardmode + SuperHardmode,Jungle + Meteor,Any / condition-defined depth,Day and night / unspecified,—,Excluded,(!(spawnInfo.Water)) && (Main.hardMode && (spawnInfo.Player.ZoneMeteor || spawnInfo.Player.ZoneJungle) && !spawnInfo.Player.ZoneDungeon && !spawnInfo.Player.ZoneCorrupt && !spawnInfo.Player.ZoneCrimson) && (!(spawnInfo.Player.ZoneOverworldHeight && Main.dayTime)) && (!(spawnInfo.Player.ZoneOverworldHeight && !Main.dayTime)) && (!(spawnInfo.Player.ZoneDirtLayerHeight)) && (!(spawnInfo.Player.ZoneRockLayerHeight)) && (!(Main.hardMode && (spawnInfo.Player.position.X < 3600) && spawnInfo.Player.ZoneJungle)),NPCs/Enemies/Dworc/DworcVoodooShaman.cs,122
NPC Spawn Rule,DworcVoodooShaman,Dworc Shaman,Enemies,ModNPC,Natural spawn rules,1,—,750,0,28,No,No,No,SpawnChance,0f,Pre-Hardmode + Hardmode + SuperHardmode,General / Custom,Any / condition-defined depth,Day and night / unspecified,—,Excluded,(!(spawnInfo.Water)) && (!(Main.hardMode && (spawnInfo.Player.ZoneMeteor || spawnInfo.Player.ZoneJungle) && !spawnInfo.Player.ZoneDungeon && !spawnInfo.Player.ZoneCorrupt && !spawnInfo.Player.ZoneCrimson)) && (!(Main.hardMode && (spawnInfo.Player.position.X < 3600) && spawnInfo.Player.ZoneJungle)),NPCs/Enemies/Dworc/DworcVoodooShaman.cs,122
NPC,EarthFiendLich,Earth Fiend Lich,Bosses,ModNPC,No natural spawn method,10,—,350000,120,82,Yes,No,No,None,—,—,—,—,—,—,—,—,NPCs/Bosses/SuperHardMode/Fiends/EarthFiendLich.cs,18
NPC Spawn Rule,Eland,Eland,Enemies,ModNPC,Natural spawn rules,1,—,1000,60,6,No,No,No,SpawnChance,0f,Pre-Hardmode + Hardmode + SuperHardmode,General / Custom,Any / condition-defined depth,Day and night / unspecified,—,Unspecified,(!(spawnInfo.Player.ZoneJungle && (spawnInfo.Player.ZoneDirtLayerHeight || spawnInfo.Player.ZoneRockLayerHeight))),NPCs/Enemies/Eland.cs,54
NPC Spawn Rule,Eland,Eland,Enemies,ModNPC,Natural spawn rules,1,—,1000,60,6,No,No,No,SpawnChance,0.05f,Hardmode + SuperHardmode,Jungle,Underground or Caverns,Day and night / unspecified,—,Unspecified,(!(!(spawnInfo.Player.ZoneJungle && (spawnInfo.Player.ZoneDirtLayerHeight || spawnInfo.Player.ZoneRockLayerHeight)))) && (Main.hardMode),NPCs/Enemies/Eland.cs,56
NPC Spawn Rule,Eland,Eland,Enemies,ModNPC,Natural spawn rules,1,—,1000,60,6,No,No,No,SpawnChance,0.02f,Pre-Hardmode,Jungle,Underground or Caverns,Day and night / unspecified,—,Unspecified,(!(!(spawnInfo.Player.ZoneJungle && (spawnInfo.Player.ZoneDirtLayerHeight || spawnInfo.Player.ZoneRockLayerHeight)))) && (!(Main.hardMode)),NPCs/Enemies/Eland.cs,56
NPC Spawn Rule,EvilEye,Evil Eye,Enemies,ModNPC,Natural spawn rules,100,—,400,(int)BaseContactDamage,5,No,No,No,SpawnChance,0f,Pre-Hardmode,General / Custom,Any / condition-defined depth,Day and night / unspecified,—,Unspecified,(!Main.hardMode),NPCs/Enemies/EvilEye.cs,118
NPC Spawn Rule,EvilEye,Evil Eye,Enemies,ModNPC,Natural spawn rules,100,—,400,(int)BaseContactDamage,5,No,No,No,SpawnChance,0f,Hardmode + SuperHardmode,General / Custom,Any / condition-defined depth,Day and night / unspecified,—,Unspecified,(!(!Main.hardMode)) && (!spawnInfo.Player.ZoneHallow || !spawnInfo.Player.ZoneOverworldHeight),NPCs/Enemies/EvilEye.cs,119
NPC Spawn Rule,EvilEye,Evil Eye,Enemies,ModNPC,Natural spawn rules,100,—,400,(int)BaseContactDamage,5,No,No,No,SpawnChance,0f,Hardmode + SuperHardmode,Hallow,Surface,Day and night / unspecified,—,Unspecified,(!(!Main.hardMode)) && (!(!spawnInfo.Player.ZoneHallow || !spawnInfo.Player.ZoneOverworldHeight)) && (NPC.AnyNPCs(ModContent.NPCType<EvilEye>())),NPCs/Enemies/EvilEye.cs,120
NPC Spawn Rule,EvilEye,Evil Eye,Enemies,ModNPC,Natural spawn rules,100,—,400,(int)BaseContactDamage,5,No,No,No,SpawnChance,0f,Hardmode + SuperHardmode,Hallow,Surface,Day and night / unspecified,—,Unspecified,(!(!Main.hardMode)) && (!(!spawnInfo.Player.ZoneHallow || !spawnInfo.Player.ZoneOverworldHeight)) && (!(NPC.AnyNPCs(ModContent.NPCType<EvilEye>()))) && (!Main.rand.NextBool(150)),NPCs/Enemies/EvilEye.cs,121
NPC Spawn Rule,EvilEye,Evil Eye,Enemies,ModNPC,Natural spawn rules,100,—,400,(int)BaseContactDamage,5,No,No,No,SpawnChance,0.3f,Hardmode + SuperHardmode,Hallow,Surface,Day and night / unspecified,1/150,Unspecified,(!(!Main.hardMode)) && (!(!spawnInfo.Player.ZoneHallow || !spawnInfo.Player.ZoneOverworldHeight)) && (!(NPC.AnyNPCs(ModContent.NPCType<EvilEye>()))) && (!(!Main.rand.NextBool(150))),NPCs/Enemies/EvilEye.cs,122
NPC,ExampleBoss,Example Boss,Bosses,BossBase,No natural spawn method,1,—,325000,50,35,No,No,No,None,—,—,—,—,—,—,—,—,NPCs/Bosses/ExampleBoss.cs,12
NPC Spawn Rule,FallenNecromancer,Fallen Necromancer,Enemies,ModNPC,Natural spawn rules,1,—,4000,35,30,No,No,No,SpawnChance,0,Pre-Hardmode + Hardmode + SuperHardmode,Jungle + Meteor,Any / condition-defined depth,Day and night / unspecified,—,Unspecified,(spawnInfo.Player.townNPCs > 0f || spawnInfo.Player.ZoneJungle || spawnInfo.Player.ZoneMeteor),NPCs/Enemies/FallenNecromancer.cs,55
NPC Spawn Rule,FallenNecromancer,Fallen Necromancer,Enemies,ModNPC,Natural spawn rules,1,—,4000,35,30,No,No,No,SpawnChance,1,Hardmode + SuperHardmode,General / Custom,Any / condition-defined depth,Day and night / unspecified,1/350,Unspecified,(!(spawnInfo.Player.townNPCs > 0f || spawnInfo.Player.ZoneJungle || spawnInfo.Player.ZoneMeteor)) && (Main.hardMode && ((spawnInfo.SpawnTileY >= (Main.maxTilesY * 0.3f) && spawnInfo.SpawnTileY < (Main.maxTilesY * 0.4f)) || (spawnInfo.SpawnTileY >= (Main.maxTilesY * 0.4f) && spawnInfo.SpawnTileY < (Main.maxTilesY * 0.6f)))) && ((spawnInfo.SpawnTileX < Main.maxTilesX * 0.45f || spawnInfo.SpawnTileX > Main.maxTilesX * 0.75f) && Main.rand.NextBool(350)),NPCs/Enemies/FallenNecromancer.cs,60
NPC Spawn Rule,FallenNecromancer,Fallen Necromancer,Enemies,ModNPC,Natural spawn rules,1,—,4000,35,30,No,No,No,SpawnChance,1,Hardmode + SuperHardmode,General / Custom,Any / condition-defined depth,Day and night / unspecified,1/150,Unspecified,(!(spawnInfo.Player.townNPCs > 0f || spawnInfo.Player.ZoneJungle || spawnInfo.Player.ZoneMeteor)) && (!(Main.hardMode && ((spawnInfo.SpawnTileY >= (Main.maxTilesY * 0.3f) && spawnInfo.SpawnTileY < (Main.maxTilesY * 0.4f)) || (spawnInfo.SpawnTileY >= (Main.maxTilesY * 0.4f) && spawnInfo.SpawnTileY < (Main.maxTilesY * 0.6f))))) && (Main.hardMode && (spawnInfo.SpawnTileY >= (Main.maxTilesY * 0.8f))) && (Main.rand.NextBool(150)),NPCs/Enemies/FallenNecromancer.cs,65
NPC Spawn Rule,FallenNecromancer,Fallen Necromancer,Enemies,ModNPC,Natural spawn rules,1,—,4000,35,30,No,No,No,SpawnChance,0,Hardmode + SuperHardmode,General / Custom,Any / condition-defined depth,Day and night / unspecified,—,Unspecified,(!(spawnInfo.Player.townNPCs > 0f || spawnInfo.Player.ZoneJungle || spawnInfo.Player.ZoneMeteor)) && (Main.hardMode && ((spawnInfo.SpawnTileY >= (Main.maxTilesY * 0.3f) && spawnInfo.SpawnTileY < (Main.maxTilesY * 0.4f)) || (spawnInfo.SpawnTileY >= (Main.maxTilesY * 0.4f) && spawnInfo.SpawnTileY < (Main.maxTilesY * 0.6f)))) && (!((spawnInfo.SpawnTileX < Main.maxTilesX * 0.45f || spawnInfo.SpawnTileX > Main.maxTilesX * 0.75f) && Main.rand.NextBool(350))),NPCs/Enemies/FallenNecromancer.cs,68
NPC Spawn Rule,FallenNecromancer,Fallen Necromancer,Enemies,ModNPC,Natural spawn rules,1,—,4000,35,30,No,No,No,SpawnChance,0,Hardmode + SuperHardmode,General / Custom,Any / condition-defined depth,Day and night / unspecified,—,Unspecified,(!(spawnInfo.Player.townNPCs > 0f || spawnInfo.Player.ZoneJungle || spawnInfo.Player.ZoneMeteor)) && (!(Main.hardMode && ((spawnInfo.SpawnTileY >= (Main.maxTilesY * 0.3f) && spawnInfo.SpawnTileY < (Main.maxTilesY * 0.4f)) || (spawnInfo.SpawnTileY >= (Main.maxTilesY * 0.4f) && spawnInfo.SpawnTileY < (Main.maxTilesY * 0.6f))))) && (Main.hardMode && (spawnInfo.SpawnTileY >= (Main.maxTilesY * 0.8f))) && (!(Main.rand.NextBool(150))),NPCs/Enemies/FallenNecromancer.cs,68
NPC Spawn Rule,FallenNecromancer,Fallen Necromancer,Enemies,ModNPC,Natural spawn rules,1,—,4000,35,30,No,No,No,SpawnChance,0,Pre-Hardmode + Hardmode + SuperHardmode,General / Custom,Any / condition-defined depth,Day and night / unspecified,—,Unspecified,(!(spawnInfo.Player.townNPCs > 0f || spawnInfo.Player.ZoneJungle || spawnInfo.Player.ZoneMeteor)) && (!(Main.hardMode && ((spawnInfo.SpawnTileY >= (Main.maxTilesY * 0.3f) && spawnInfo.SpawnTileY < (Main.maxTilesY * 0.4f)) || (spawnInfo.SpawnTileY >= (Main.maxTilesY * 0.4f) && spawnInfo.SpawnTileY < (Main.maxTilesY * 0.6f))))) && (!(Main.hardMode && (spawnInfo.SpawnTileY >= (Main.maxTilesY * 0.8f)))),NPCs/Enemies/FallenNecromancer.cs,68
NPC,Faraam,Faraam,Special,ModNPC,No natural spawn method,200,—,2500,12,8,Yes,No,No,None,—,—,—,—,—,—,—,—,NPCs/Special/Faraam.cs,13
NPC,FireFiendMarilith,Fire Fiend Marilith,Bosses,ModNPC,No natural spawn method,10,—,400000,39,50,Yes,No,No,None,—,—,—,—,—,—,—,—,NPCs/Bosses/SuperHardMode/Fiends/FireFiendMarilith.cs,21
NPC Spawn Rule,FireLurker,Fire Lurker,Enemies,ModNPC,Natural spawn rules,3,—,1200,65,70,No,No,No,SpawnChance,0,Pre-Hardmode + Hardmode + SuperHardmode,General / Custom,Any / condition-defined depth,Day and night / unspecified,—,Unspecified,(spawnInfo.Invasion),NPCs/Enemies/FireLurker.cs,112
NPC Spawn Rule,FireLurker,Fire Lurker,Enemies,ModNPC,Natural spawn rules,3,—,1200,65,70,No,No,No,SpawnChance,0f,Pre-Hardmode + Hardmode + SuperHardmode,General / Custom,Any / condition-defined depth,Day and night / unspecified,—,Required,(!(spawnInfo.Invasion)) && (spawnInfo.Water),NPCs/Enemies/FireLurker.cs,115
NPC Spawn Rule,FireLurker,Fire Lurker,Enemies,ModNPC,Natural spawn rules,3,—,1200,65,70,No,No,No,SpawnChance,1,Pre-Hardmode,Underworld,Underworld,Day and night / unspecified,1/6,Excluded,(!(spawnInfo.Invasion)) && (!(spawnInfo.Water)) && (!Main.hardMode && spawnInfo.Player.ZoneUnderworldHeight && Main.rand.NextBool(6)),NPCs/Enemies/FireLurker.cs,118
NPC Spawn Rule,FireLurker,Fire Lurker,Enemies,ModNPC,Natural spawn rules,3,—,1200,65,70,No,No,No,SpawnChance,1,Hardmode,Underworld,Underworld,Day and night / unspecified,1/5,Excluded,(!(spawnInfo.Invasion)) && (!(spawnInfo.Water)) && (!(!Main.hardMode && spawnInfo.Player.ZoneUnderworldHeight && Main.rand.NextBool(6))) && (Main.hardMode && !tsorcRevampWorld.SuperHardMode && spawnInfo.Player.ZoneUnderworldHeight && Main.rand.NextBool(5)),NPCs/Enemies/FireLurker.cs,120
NPC Spawn Rule,FireLurker,Fire Lurker,Enemies,ModNPC,Natural spawn rules,3,—,1200,65,70,No,No,No,SpawnChance,1,Hardmode,Corruption + Crimson,Any / condition-defined depth,Day and night / unspecified,1/20,Excluded,(!(spawnInfo.Invasion)) && (!(spawnInfo.Water)) && (!(!Main.hardMode && spawnInfo.Player.ZoneUnderworldHeight && Main.rand.NextBool(6))) && (!(Main.hardMode && !tsorcRevampWorld.SuperHardMode && spawnInfo.Player.ZoneUnderworldHeight && Main.rand.NextBool(5))) && (Main.hardMode && !tsorcRevampWorld.SuperHardMode && (spawnInfo.Player.ZoneCorrupt || spawnInfo.Player.ZoneCrimson) && Main.rand.NextBool(20)),NPCs/Enemies/FireLurker.cs,122
NPC Spawn Rule,FireLurker,Fire Lurker,Enemies,ModNPC,Natural spawn rules,3,—,1200,65,70,No,No,No,SpawnChance,1,SuperHardmode,Underworld,Underworld,Day and night / unspecified,1/20,Excluded,(!(spawnInfo.Invasion)) && (!(spawnInfo.Water)) && (!(!Main.hardMode && spawnInfo.Player.ZoneUnderworldHeight && Main.rand.NextBool(6))) && (!(Main.hardMode && !tsorcRevampWorld.SuperHardMode && spawnInfo.Player.ZoneUnderworldHeight && Main.rand.NextBool(5))) && (!(Main.hardMode && !tsorcRevampWorld.SuperHardMode && (spawnInfo.Player.ZoneCorrupt || spawnInfo.Player.ZoneCrimson) && Main.rand.NextBool(20))) && (tsorcRevampWorld.SuperHardMode && spawnInfo.Player.ZoneUnderworldHeight && Main.rand.NextBool(20)),NPCs/Enemies/FireLurker.cs,124
NPC Spawn Rule,FireLurker,Fire Lurker,Enemies,ModNPC,Natural spawn rules,3,—,1200,65,70,No,No,No,SpawnChance,0,Pre-Hardmode + Hardmode + SuperHardmode,General / Custom,Any / condition-defined depth,Day and night / unspecified,—,Excluded,(!(spawnInfo.Invasion)) && (!(spawnInfo.Water)) && (!(!Main.hardMode && spawnInfo.Player.ZoneUnderworldHeight && Main.rand.NextBool(6))) && (!(Main.hardMode && !tsorcRevampWorld.SuperHardMode && spawnInfo.Player.ZoneUnderworldHeight && Main.rand.NextBool(5))) && (!(Main.hardMode && !tsorcRevampWorld.SuperHardMode && (spawnInfo.Player.ZoneCorrupt || spawnInfo.Player.ZoneCrimson) && Main.rand.NextBool(20))) && (!(tsorcRevampWorld.SuperHardMode && spawnInfo.Player.ZoneUnderworldHeight && Main.rand.NextBool(20))),NPCs/Enemies/FireLurker.cs,125
NPC Spawn Rule,FirebombHollow,Firebomb Hollow,Enemies,ModNPC,Natural spawn rules,1,—,2000,74,80,No,No,No,SpawnChance,0,Pre-Hardmode + Hardmode + SuperHardmode,General / Custom,Any / condition-defined depth,Day and night / unspecified,—,Unspecified,(spawnInfo.Invasion),NPCs/Enemies/FirebombHollow.cs,74
NPC Spawn Rule,FirebombHollow,Firebomb Hollow,Enemies,ModNPC,Natural spawn rules,1,—,2000,74,80,No,No,No,SpawnChance,0f,Pre-Hardmode + Hardmode + SuperHardmode,General / Custom,Any / condition-defined depth,Day and night / unspecified,—,Unspecified,(!(spawnInfo.Invasion)) && (spawnInfo.Player.townNPCs > 1f),NPCs/Enemies/FirebombHollow.cs,76
NPC Spawn Rule,FirebombHollow,Firebomb Hollow,Enemies,ModNPC,Natural spawn rules,1,—,2000,74,80,No,No,No,SpawnChance,0f,Pre-Hardmode + Hardmode + SuperHardmode,General / Custom,Any / condition-defined depth,Day and night / unspecified,—,Conditional / mixed,(!(spawnInfo.Invasion)) && (!(spawnInfo.Player.townNPCs > 1f)) && (spawnInfo.Water || Sky(spawnInfo.Player)),NPCs/Enemies/FirebombHollow.cs,77
NPC Spawn Rule,FirebombHollow,Firebomb Hollow,Enemies,ModNPC,Natural spawn rules,1,—,2000,74,80,No,No,No,SpawnChance,0f,Pre-Hardmode + Hardmode + SuperHardmode,Glowing Mushroom,Any / condition-defined depth,Day and night / unspecified,—,Excluded,(!(spawnInfo.Invasion)) && (!(spawnInfo.Player.townNPCs > 1f)) && (!(spawnInfo.Water || Sky(spawnInfo.Player))) && (spawnInfo.Player.ZoneGlowshroom),NPCs/Enemies/FirebombHollow.cs,78
NPC Spawn Rule,FirebombHollow,Firebomb Hollow,Enemies,ModNPC,Natural spawn rules,1,—,2000,74,80,No,No,No,SpawnChance,0.05f,Pre-Hardmode + Hardmode + SuperHardmode,Graveyard,Any / condition-defined depth,Day and night / unspecified,—,Excluded,(!(spawnInfo.Invasion)) && (!(spawnInfo.Player.townNPCs > 1f)) && (!(spawnInfo.Water || Sky(spawnInfo.Player))) && (!(spawnInfo.Player.ZoneGlowshroom)) && (spawnInfo.Player.ZoneGraveyard),NPCs/Enemies/FirebombHollow.cs,81
NPC Spawn Rule,FirebombHollow,Firebomb Hollow,Enemies,ModNPC,Natural spawn rules,1,—,2000,74,80,No,No,No,SpawnChance,0.1f,Pre-Hardmode,Machine Temple,Any / condition-defined depth,Day and night / unspecified,—,Excluded,"(!(spawnInfo.Invasion)) && (!(spawnInfo.Player.townNPCs > 1f)) && (!(spawnInfo.Water || Sky(spawnInfo.Player))) && (!(spawnInfo.Player.ZoneGlowshroom)) && (!(spawnInfo.Player.ZoneGraveyard)) && (!spawnInfo.Water && (Main.tile[spawnInfo.SpawnTileX, spawnInfo.SpawnTileY].WallType == WallID.GreenDungeonSlabUnsafe || Main.tile[spawnInfo.SpawnTileX, spawnInfo.SpawnTileY].WallType == WallID.GreenDungeonUnsafe) && !Main.hardMode && !tsorcRevampWorld.SuperHardMode)",NPCs/Enemies/FirebombHollow.cs,84
NPC Spawn Rule,FirebombHollow,Firebomb Hollow,Enemies,ModNPC,Natural spawn rules,1,—,2000,74,80,No,No,No,SpawnChance,0.01f,Pre-Hardmode + Hardmode + SuperHardmode,Machine Temple,Surface,Day,—,Excluded,"(!(spawnInfo.Invasion)) && (!(spawnInfo.Player.townNPCs > 1f)) && (!(spawnInfo.Water || Sky(spawnInfo.Player))) && (!(spawnInfo.Player.ZoneGlowshroom)) && (!(spawnInfo.Player.ZoneGraveyard)) && (!(!spawnInfo.Water && (Main.tile[spawnInfo.SpawnTileX, spawnInfo.SpawnTileY].WallType == WallID.GreenDungeonSlabUnsafe || Main.tile[spawnInfo.SpawnTileX, spawnInfo.SpawnTileY].WallType == WallID.GreenDungeonUnsafe) && !Main.hardMode && !tsorcRevampWorld.SuperHardMode)) && ((NPC.downedBoss1 || NPC.downedBoss2) && spawnInfo.Player.ZoneForest && Main.dayTime && !((spawnInfo.SpawnTileX < 800 || (spawnInfo.SpawnTileX > (Main.maxTilesX - 800))) || spawnInfo.Player.ZoneCorrupt || spawnInfo.Player.ZoneCrimson))",NPCs/Enemies/FirebombHollow.cs,87
NPC Spawn Rule,FirebombHollow,Firebomb Hollow,Enemies,ModNPC,Natural spawn rules,1,—,2000,74,80,No,No,No,SpawnChance,0.02f,Pre-Hardmode + Hardmode + SuperHardmode,Machine Temple,Surface,Night,—,Excluded,"(!(spawnInfo.Invasion)) && (!(spawnInfo.Player.townNPCs > 1f)) && (!(spawnInfo.Water || Sky(spawnInfo.Player))) && (!(spawnInfo.Player.ZoneGlowshroom)) && (!(spawnInfo.Player.ZoneGraveyard)) && (!(!spawnInfo.Water && (Main.tile[spawnInfo.SpawnTileX, spawnInfo.SpawnTileY].WallType == WallID.GreenDungeonSlabUnsafe || Main.tile[spawnInfo.SpawnTileX, spawnInfo.SpawnTileY].WallType == WallID.GreenDungeonUnsafe) && !Main.hardMode && !tsorcRevampWorld.SuperHardMode)) && (!((NPC.downedBoss1 || NPC.downedBoss2) && spawnInfo.Player.ZoneForest && Main.dayTime && !((spawnInfo.SpawnTileX < 800 || (spawnInfo.SpawnTileX > (Main.maxTilesX - 800))) || spawnInfo.Player.ZoneCorrupt || spawnInfo.Player.ZoneCrimson))) && ((NPC.downedBoss1 || NPC.downedBoss2) && spawnInfo.Player.ZoneForest && !Main.dayTime && !((spawnInfo.SpawnTileX < 800 || (spawnInfo.SpawnTileX > (Main.maxTilesX - 800))) || spawnInfo.Player.ZoneCorrupt || spawnInfo.Player.ZoneCrimson))",NPCs/Enemies/FirebombHollow.cs,88
NPC Spawn Rule,FirebombHollow,Firebomb Hollow,Enemies,ModNPC,Natural spawn rules,1,—,2000,74,80,No,No,No,SpawnChance,0.04f,Pre-Hardmode + Hardmode + SuperHardmode,Machine Temple,Underground or Caverns,Day,—,Excluded,"(!(spawnInfo.Invasion)) && (!(spawnInfo.Player.townNPCs > 1f)) && (!(spawnInfo.Water || Sky(spawnInfo.Player))) && (!(spawnInfo.Player.ZoneGlowshroom)) && (!(spawnInfo.Player.ZoneGraveyard)) && (!(!spawnInfo.Water && (Main.tile[spawnInfo.SpawnTileX, spawnInfo.SpawnTileY].WallType == WallID.GreenDungeonSlabUnsafe || Main.tile[spawnInfo.SpawnTileX, spawnInfo.SpawnTileY].WallType == WallID.GreenDungeonUnsafe) && !Main.hardMode && !tsorcRevampWorld.SuperHardMode)) && (!((NPC.downedBoss1 || NPC.downedBoss2) && spawnInfo.Player.ZoneForest && Main.dayTime && !((spawnInfo.SpawnTileX < 800 || (spawnInfo.SpawnTileX > (Main.maxTilesX - 800))) || spawnInfo.Player.ZoneCorrupt || spawnInfo.Player.ZoneCrimson))) && (!((NPC.downedBoss1 || NPC.downedBoss2) && spawnInfo.Player.ZoneForest && !Main.dayTime && !((spawnInfo.SpawnTileX < 800 || (spawnInfo.SpawnTileX > (Main.maxTilesX - 800))) || spawnInfo.Player.ZoneCorrupt || spawnInfo.Player.ZoneCrimson))) && ((spawnInfo.Player.ZoneDirtLayerHeight || spawnInfo.Player.ZoneRockLayerHeight) && Main.dayTime && !((spawnInfo.SpawnTileX < 800 || (spawnInfo.SpawnTileX > (Main.maxTilesX - 800))) || spawnInfo.Player.ZoneJungle || spawnInfo.Player.ZoneHallow || spawnInfo.Player.ZoneCorrupt || spawnInfo.Player.ZoneCrimson || spawnInfo.Player.ZoneSnow))",NPCs/Enemies/FirebombHollow.cs,91
NPC Spawn Rule,FirebombHollow,Firebomb Hollow,Enemies,ModNPC,Natural spawn rules,1,—,2000,74,80,No,No,No,SpawnChance,0.06f,Pre-Hardmode + Hardmode + SuperHardmode,Machine Temple,Underground or Caverns,Night,—,Excluded,"(!(spawnInfo.Invasion)) && (!(spawnInfo.Player.townNPCs > 1f)) && (!(spawnInfo.Water || Sky(spawnInfo.Player))) && (!(spawnInfo.Player.ZoneGlowshroom)) && (!(spawnInfo.Player.ZoneGraveyard)) && (!(!spawnInfo.Water && (Main.tile[spawnInfo.SpawnTileX, spawnInfo.SpawnTileY].WallType == WallID.GreenDungeonSlabUnsafe || Main.tile[spawnInfo.SpawnTileX, spawnInfo.SpawnTileY].WallType == WallID.GreenDungeonUnsafe) && !Main.hardMode && !tsorcRevampWorld.SuperHardMode)) && (!((NPC.downedBoss1 || NPC.downedBoss2) && spawnInfo.Player.ZoneForest && Main.dayTime && !((spawnInfo.SpawnTileX < 800 || (spawnInfo.SpawnTileX > (Main.maxTilesX - 800))) || spawnInfo.Player.ZoneCorrupt || spawnInfo.Player.ZoneCrimson))) && (!((NPC.downedBoss1 || NPC.downedBoss2) && spawnInfo.Player.ZoneForest && !Main.dayTime && !((spawnInfo.SpawnTileX < 800 || (spawnInfo.SpawnTileX > (Main.maxTilesX - 800))) || spawnInfo.Player.ZoneCorrupt || spawnInfo.Player.ZoneCrimson))) && (!((spawnInfo.Player.ZoneDirtLayerHeight || spawnInfo.Player.ZoneRockLayerHeight) && Main.dayTime && !((spawnInfo.SpawnTileX < 800 || (spawnInfo.SpawnTileX > (Main.maxTilesX - 800))) || spawnInfo.Player.ZoneJungle || spawnInfo.Player.ZoneHallow || spawnInfo.Player.ZoneCorrupt || spawnInfo.Player.ZoneCrimson || spawnInfo.Player.ZoneSnow))) && ((spawnInfo.Player.ZoneDirtLayerHeight || spawnInfo.Player.ZoneRockLayerHeight) && !Main.dayTime && !((spawnInfo.SpawnTileX < 800 || (spawnInfo.SpawnTileX > (Main.maxTilesX - 800))) || spawnInfo.Player.ZoneJungle || spawnInfo.Player.ZoneHallow || spawnInfo.Player.ZoneCorrupt || spawnInfo.Player.ZoneCrimson || spawnInfo.Player.ZoneSnow))",NPCs/Enemies/FirebombHollow.cs,92
NPC Spawn Rule,FirebombHollow,Firebomb Hollow,Enemies,ModNPC,Natural spawn rules,1,—,2000,74,80,No,No,No,SpawnChance,0.08f,Pre-Hardmode + Hardmode + SuperHardmode,Machine Temple,Underground or Caverns,Day,—,Excluded,"(!(spawnInfo.Invasion)) && (!(spawnInfo.Player.townNPCs > 1f)) && (!(spawnInfo.Water || Sky(spawnInfo.Player))) && (!(spawnInfo.Player.ZoneGlowshroom)) && (!(spawnInfo.Player.ZoneGraveyard)) && (!(!spawnInfo.Water && (Main.tile[spawnInfo.SpawnTileX, spawnInfo.SpawnTileY].WallType == WallID.GreenDungeonSlabUnsafe || Main.tile[spawnInfo.SpawnTileX, spawnInfo.SpawnTileY].WallType == WallID.GreenDungeonUnsafe) && !Main.hardMode && !tsorcRevampWorld.SuperHardMode)) && (!((NPC.downedBoss1 || NPC.downedBoss2) && spawnInfo.Player.ZoneForest && Main.dayTime && !((spawnInfo.SpawnTileX < 800 || (spawnInfo.SpawnTileX > (Main.maxTilesX - 800))) || spawnInfo.Player.ZoneCorrupt || spawnInfo.Player.ZoneCrimson))) && (!((NPC.downedBoss1 || NPC.downedBoss2) && spawnInfo.Player.ZoneForest && !Main.dayTime && !((spawnInfo.SpawnTileX < 800 || (spawnInfo.SpawnTileX > (Main.maxTilesX - 800))) || spawnInfo.Player.ZoneCorrupt || spawnInfo.Player.ZoneCrimson))) && (!((spawnInfo.Player.ZoneDirtLayerHeight || spawnInfo.Player.ZoneRockLayerHeight) && Main.dayTime && !((spawnInfo.SpawnTileX < 800 || (spawnInfo.SpawnTileX > (Main.maxTilesX - 800))) || spawnInfo.Player.ZoneJungle || spawnInfo.Player.ZoneHallow || spawnInfo.Player.ZoneCorrupt || spawnInfo.Player.ZoneCrimson || spawnInfo.Player.ZoneSnow))) && (!((spawnInfo.Player.ZoneDirtLayerHeight || spawnInfo.Player.ZoneRockLayerHeight) && !Main.dayTime && !((spawnInfo.SpawnTileX < 800 || (spawnInfo.SpawnTileX > (Main.maxTilesX - 800))) || spawnInfo.Player.ZoneJungle || spawnInfo.Player.ZoneHallow || spawnInfo.Player.ZoneCorrupt || spawnInfo.Player.ZoneCrimson || spawnInfo.Player.ZoneSnow))) && ((NPC.downedBoss1 || NPC.downedBoss2) && (spawnInfo.Player.ZoneDirtLayerHeight || spawnInfo.Player.ZoneRockLayerHeight) && Main.dayTime && !((spawnInfo.SpawnTileX < 800 || (spawnInfo.SpawnTileX > (Main.maxTilesX - 800))) || spawnInfo.Player.ZoneJungle || spawnInfo.Player.ZoneHallow || spawnInfo.Player.ZoneCorrupt || spawnInfo.Player.ZoneCrimson || spawnInfo.Player.ZoneSnow))",NPCs/Enemies/FirebombHollow.cs,95
NPC Spawn Rule,FirebombHollow,Firebomb Hollow,Enemies,ModNPC,Natural spawn rules,1,—,2000,74,80,No,No,No,SpawnChance,0.1f,Pre-Hardmode + Hardmode + SuperHardmode,Machine Temple,Underground or Caverns,Night,—,Excluded,"(!(spawnInfo.Invasion)) && (!(spawnInfo.Player.townNPCs > 1f)) && (!(spawnInfo.Water || Sky(spawnInfo.Player))) && (!(spawnInfo.Player.ZoneGlowshroom)) && (!(spawnInfo.Player.ZoneGraveyard)) && (!(!spawnInfo.Water && (Main.tile[spawnInfo.SpawnTileX, spawnInfo.SpawnTileY].WallType == WallID.GreenDungeonSlabUnsafe || Main.tile[spawnInfo.SpawnTileX, spawnInfo.SpawnTileY].WallType == WallID.GreenDungeonUnsafe) && !Main.hardMode && !tsorcRevampWorld.SuperHardMode)) && (!((NPC.downedBoss1 || NPC.downedBoss2) && spawnInfo.Player.ZoneForest && Main.dayTime && !((spawnInfo.SpawnTileX < 800 || (spawnInfo.SpawnTileX > (Main.maxTilesX - 800))) || spawnInfo.Player.ZoneCorrupt || spawnInfo.Player.ZoneCrimson))) && (!((NPC.downedBoss1 || NPC.downedBoss2) && spawnInfo.Player.ZoneForest && !Main.dayTime && !((spawnInfo.SpawnTileX < 800 || (spawnInfo.SpawnTileX > (Main.maxTilesX - 800))) || spawnInfo.Player.ZoneCorrupt || spawnInfo.Player.ZoneCrimson))) && (!((spawnInfo.Player.ZoneDirtLayerHeight || spawnInfo.Player.ZoneRockLayerHeight) && Main.dayTime && !((spawnInfo.SpawnTileX < 800 || (spawnInfo.SpawnTileX > (Main.maxTilesX - 800))) || spawnInfo.Player.ZoneJungle || spawnInfo.Player.ZoneHallow || spawnInfo.Player.ZoneCorrupt || spawnInfo.Player.ZoneCrimson || spawnInfo.Player.ZoneSnow))) && (!((spawnInfo.Player.ZoneDirtLayerHeight || spawnInfo.Player.ZoneRockLayerHeight) && !Main.dayTime && !((spawnInfo.SpawnTileX < 800 || (spawnInfo.SpawnTileX > (Main.maxTilesX - 800))) || spawnInfo.Player.ZoneJungle || spawnInfo.Player.ZoneHallow || spawnInfo.Player.ZoneCorrupt || spawnInfo.Player.ZoneCrimson || spawnInfo.Player.ZoneSnow))) && (!((NPC.downedBoss1 || NPC.downedBoss2) && (spawnInfo.Player.ZoneDirtLayerHeight || spawnInfo.Player.ZoneRockLayerHeight) && Main.dayTime && !((spawnInfo.SpawnTileX < 800 || (spawnInfo.SpawnTileX > (Main.maxTilesX - 800))) || spawnInfo.Player.ZoneJungle || spawnInfo.Player.ZoneHallow || spawnInfo.Player.ZoneCorrupt || spawnInfo.Player.ZoneCrimson || spawnInfo.Player.ZoneSnow))) && ((NPC.downedBoss1 || NPC.downedBoss2) && (spawnInfo.Player.ZoneDirtLayerHeight || spawnInfo.Player.ZoneRockLayerHeight) && !Main.dayTime && !((spawnInfo.SpawnTileX < 800 || (spawnInfo.SpawnTileX > (Main.maxTilesX - 800))) || spawnInfo.Player.ZoneJungle || spawnInfo.Player.ZoneHallow || spawnInfo.Player.ZoneCorrupt || spawnInfo.Player.ZoneCrimson || spawnInfo.Player.ZoneSnow))",NPCs/Enemies/FirebombHollow.cs,96
NPC Spawn Rule,FirebombHollow,Firebomb Hollow,Enemies,ModNPC,Natural spawn rules,1,—,2000,74,80,No,No,No,SpawnChance,0.1f,Pre-Hardmode,Machine Temple,Any / condition-defined depth,Day and night / unspecified,—,Excluded,"(!(spawnInfo.Invasion)) && (!(spawnInfo.Player.townNPCs > 1f)) && (!(spawnInfo.Water || Sky(spawnInfo.Player))) && (!(spawnInfo.Player.ZoneGlowshroom)) && (!(spawnInfo.Player.ZoneGraveyard)) && (!(!spawnInfo.Water && (Main.tile[spawnInfo.SpawnTileX, spawnInfo.SpawnTileY].WallType == WallID.GreenDungeonSlabUnsafe || Main.tile[spawnInfo.SpawnTileX, spawnInfo.SpawnTileY].WallType == WallID.GreenDungeonUnsafe) && !Main.hardMode && !tsorcRevampWorld.SuperHardMode)) && (!((NPC.downedBoss1 || NPC.downedBoss2) && spawnInfo.Player.ZoneForest && Main.dayTime && !((spawnInfo.SpawnTileX < 800 || (spawnInfo.SpawnTileX > (Main.maxTilesX - 800))) || spawnInfo.Player.ZoneCorrupt || spawnInfo.Player.ZoneCrimson))) && (!((NPC.downedBoss1 || NPC.downedBoss2) && spawnInfo.Player.ZoneForest && !Main.dayTime && !((spawnInfo.SpawnTileX < 800 || (spawnInfo.SpawnTileX > (Main.maxTilesX - 800))) || spawnInfo.Player.ZoneCorrupt || spawnInfo.Player.ZoneCrimson))) && (!((spawnInfo.Player.ZoneDirtLayerHeight || spawnInfo.Player.ZoneRockLayerHeight) && Main.dayTime && !((spawnInfo.SpawnTileX < 800 || (spawnInfo.SpawnTileX > (Main.maxTilesX - 800))) || spawnInfo.Player.ZoneJungle || spawnInfo.Player.ZoneHallow || spawnInfo.Player.ZoneCorrupt || spawnInfo.Player.ZoneCrimson || spawnInfo.Player.ZoneSnow))) && (!((spawnInfo.Player.ZoneDirtLayerHeight || spawnInfo.Player.ZoneRockLayerHeight) && !Main.dayTime && !((spawnInfo.SpawnTileX < 800 || (spawnInfo.SpawnTileX > (Main.maxTilesX - 800))) || spawnInfo.Player.ZoneJungle || spawnInfo.Player.ZoneHallow || spawnInfo.Player.ZoneCorrupt || spawnInfo.Player.ZoneCrimson || spawnInfo.Player.ZoneSnow))) && (!((NPC.downedBoss1 || NPC.downedBoss2) && (spawnInfo.Player.ZoneDirtLayerHeight || spawnInfo.Player.ZoneRockLayerHeight) && Main.dayTime && !((spawnInfo.SpawnTileX < 800 || (spawnInfo.SpawnTileX > (Main.maxTilesX - 800))) || spawnInfo.Player.ZoneJungle || spawnInfo.Player.ZoneHallow || spawnInfo.Player.ZoneCorrupt || spawnInfo.Player.ZoneCrimson || spawnInfo.Player.ZoneSnow))) && (!((NPC.downedBoss1 || NPC.downedBoss2) && (spawnInfo.Player.ZoneDirtLayerHeight || spawnInfo.Player.ZoneRockLayerHeight) && !Main.dayTime && !((spawnInfo.SpawnTileX < 800 || (spawnInfo.SpawnTileX > (Main.maxTilesX - 800))) || spawnInfo.Player.ZoneJungle || spawnInfo.Player.ZoneHallow || spawnInfo.Player.ZoneCorrupt || spawnInfo.Player.ZoneCrimson || spawnInfo.Player.ZoneSnow))) && (!Main.hardMode && spawnInfo.Player.ZoneDungeon)",NPCs/Enemies/FirebombHollow.cs,99
NPC Spawn Rule,FirebombHollow,Firebomb Hollow,Enemies,ModNPC,Natural spawn rules,1,—,2000,74,80,No,No,No,SpawnChance,0.05f,Hardmode + SuperHardmode,Machine Temple,Any / condition-defined depth,Day and night / unspecified,—,Excluded,"(!(spawnInfo.Invasion)) && (!(spawnInfo.Player.townNPCs > 1f)) && (!(spawnInfo.Water || Sky(spawnInfo.Player))) && (!(spawnInfo.Player.ZoneGlowshroom)) && (!(spawnInfo.Player.ZoneGraveyard)) && (!(!spawnInfo.Water && (Main.tile[spawnInfo.SpawnTileX, spawnInfo.SpawnTileY].WallType == WallID.GreenDungeonSlabUnsafe || Main.tile[spawnInfo.SpawnTileX, spawnInfo.SpawnTileY].WallType == WallID.GreenDungeonUnsafe) && !Main.hardMode && !tsorcRevampWorld.SuperHardMode)) && (!((NPC.downedBoss1 || NPC.downedBoss2) && spawnInfo.Player.ZoneForest && Main.dayTime && !((spawnInfo.SpawnTileX < 800 || (spawnInfo.SpawnTileX > (Main.maxTilesX - 800))) || spawnInfo.Player.ZoneCorrupt || spawnInfo.Player.ZoneCrimson))) && (!((NPC.downedBoss1 || NPC.downedBoss2) && spawnInfo.Player.ZoneForest && !Main.dayTime && !((spawnInfo.SpawnTileX < 800 || (spawnInfo.SpawnTileX > (Main.maxTilesX - 800))) || spawnInfo.Player.ZoneCorrupt || spawnInfo.Player.ZoneCrimson))) && (!((spawnInfo.Player.ZoneDirtLayerHeight || spawnInfo.Player.ZoneRockLayerHeight) && Main.dayTime && !((spawnInfo.SpawnTileX < 800 || (spawnInfo.SpawnTileX > (Main.maxTilesX - 800))) || spawnInfo.Player.ZoneJungle || spawnInfo.Player.ZoneHallow || spawnInfo.Player.ZoneCorrupt || spawnInfo.Player.ZoneCrimson || spawnInfo.Player.ZoneSnow))) && (!((spawnInfo.Player.ZoneDirtLayerHeight || spawnInfo.Player.ZoneRockLayerHeight) && !Main.dayTime && !((spawnInfo.SpawnTileX < 800 || (spawnInfo.SpawnTileX > (Main.maxTilesX - 800))) || spawnInfo.Player.ZoneJungle || spawnInfo.Player.ZoneHallow || spawnInfo.Player.ZoneCorrupt || spawnInfo.Player.ZoneCrimson || spawnInfo.Player.ZoneSnow))) && (!((NPC.downedBoss1 || NPC.downedBoss2) && (spawnInfo.Player.ZoneDirtLayerHeight || spawnInfo.Player.ZoneRockLayerHeight) && Main.dayTime && !((spawnInfo.SpawnTileX < 800 || (spawnInfo.SpawnTileX > (Main.maxTilesX - 800))) || spawnInfo.Player.ZoneJungle || spawnInfo.Player.ZoneHallow || spawnInfo.Player.ZoneCorrupt || spawnInfo.Player.ZoneCrimson || spawnInfo.Player.ZoneSnow))) && (!((NPC.downedBoss1 || NPC.downedBoss2) && (spawnInfo.Player.ZoneDirtLayerHeight || spawnInfo.Player.ZoneRockLayerHeight) && !Main.dayTime && !((spawnInfo.SpawnTileX < 800 || (spawnInfo.SpawnTileX > (Main.maxTilesX - 800))) || spawnInfo.Player.ZoneJungle || spawnInfo.Player.ZoneHallow || spawnInfo.Player.ZoneCorrupt || spawnInfo.Player.ZoneCrimson || spawnInfo.Player.ZoneSnow))) && (!(!Main.hardMode && spawnInfo.Player.ZoneDungeon)) && (Main.hardMode && spawnInfo.Player.ZoneDungeon)",NPCs/Enemies/FirebombHollow.cs,100
NPC Spawn Rule,FirebombHollow,Firebomb Hollow,Enemies,ModNPC,Natural spawn rules,1,—,2000,74,80,No,No,No,SpawnChance,0.2f,Hardmode + SuperHardmode,Machine Temple,Any / condition-defined depth,Day and night / unspecified,—,Excluded,"(!(spawnInfo.Invasion)) && (!(spawnInfo.Player.townNPCs > 1f)) && (!(spawnInfo.Water || Sky(spawnInfo.Player))) && (!(spawnInfo.Player.ZoneGlowshroom)) && (!(spawnInfo.Player.ZoneGraveyard)) && (!(!spawnInfo.Water && (Main.tile[spawnInfo.SpawnTileX, spawnInfo.SpawnTileY].WallType == WallID.GreenDungeonSlabUnsafe || Main.tile[spawnInfo.SpawnTileX, spawnInfo.SpawnTileY].WallType == WallID.GreenDungeonUnsafe) && !Main.hardMode && !tsorcRevampWorld.SuperHardMode)) && (!((NPC.downedBoss1 || NPC.downedBoss2) && spawnInfo.Player.ZoneForest && Main.dayTime && !((spawnInfo.SpawnTileX < 800 || (spawnInfo.SpawnTileX > (Main.maxTilesX - 800))) || spawnInfo.Player.ZoneCorrupt || spawnInfo.Player.ZoneCrimson))) && (!((NPC.downedBoss1 || NPC.downedBoss2) && spawnInfo.Player.ZoneForest && !Main.dayTime && !((spawnInfo.SpawnTileX < 800 || (spawnInfo.SpawnTileX > (Main.maxTilesX - 800))) || spawnInfo.Player.ZoneCorrupt || spawnInfo.Player.ZoneCrimson))) && (!((spawnInfo.Player.ZoneDirtLayerHeight || spawnInfo.Player.ZoneRockLayerHeight) && Main.dayTime && !((spawnInfo.SpawnTileX < 800 || (spawnInfo.SpawnTileX > (Main.maxTilesX - 800))) || spawnInfo.Player.ZoneJungle || spawnInfo.Player.ZoneHallow || spawnInfo.Player.ZoneCorrupt || spawnInfo.Player.ZoneCrimson || spawnInfo.Player.ZoneSnow))) && (!((spawnInfo.Player.ZoneDirtLayerHeight || spawnInfo.Player.ZoneRockLayerHeight) && !Main.dayTime && !((spawnInfo.SpawnTileX < 800 || (spawnInfo.SpawnTileX > (Main.maxTilesX - 800))) || spawnInfo.Player.ZoneJungle || spawnInfo.Player.ZoneHallow || spawnInfo.Player.ZoneCorrupt || spawnInfo.Player.ZoneCrimson || spawnInfo.Player.ZoneSnow))) && (!((NPC.downedBoss1 || NPC.downedBoss2) && (spawnInfo.Player.ZoneDirtLayerHeight || spawnInfo.Player.ZoneRockLayerHeight) && Main.dayTime && !((spawnInfo.SpawnTileX < 800 || (spawnInfo.SpawnTileX > (Main.maxTilesX - 800))) || spawnInfo.Player.ZoneJungle || spawnInfo.Player.ZoneHallow || spawnInfo.Player.ZoneCorrupt || spawnInfo.Player.ZoneCrimson || spawnInfo.Player.ZoneSnow))) && (!((NPC.downedBoss1 || NPC.downedBoss2) && (spawnInfo.Player.ZoneDirtLayerHeight || spawnInfo.Player.ZoneRockLayerHeight) && !Main.dayTime && !((spawnInfo.SpawnTileX < 800 || (spawnInfo.SpawnTileX > (Main.maxTilesX - 800))) || spawnInfo.Player.ZoneJungle || spawnInfo.Player.ZoneHallow || spawnInfo.Player.ZoneCorrupt || spawnInfo.Player.ZoneCrimson || spawnInfo.Player.ZoneSnow))) && (!(!Main.hardMode && spawnInfo.Player.ZoneDungeon)) && (!(Main.hardMode && spawnInfo.Player.ZoneDungeon)) && (Main.hardMode && spawnInfo.Lihzahrd)",NPCs/Enemies/FirebombHollow.cs,101
NPC Spawn Rule,FirebombHollow,Firebomb Hollow,Enemies,ModNPC,Natural spawn rules,1,—,2000,74,80,No,No,No,SpawnChance,0.02f,SuperHardmode,Machine Temple,Any / condition-defined depth,Day and night / unspecified,—,Excluded,"(!(spawnInfo.Invasion)) && (!(spawnInfo.Player.townNPCs > 1f)) && (!(spawnInfo.Water || Sky(spawnInfo.Player))) && (!(spawnInfo.Player.ZoneGlowshroom)) && (!(spawnInfo.Player.ZoneGraveyard)) && (!(!spawnInfo.Water && (Main.tile[spawnInfo.SpawnTileX, spawnInfo.SpawnTileY].WallType == WallID.GreenDungeonSlabUnsafe || Main.tile[spawnInfo.SpawnTileX, spawnInfo.SpawnTileY].WallType == WallID.GreenDungeonUnsafe) && !Main.hardMode && !tsorcRevampWorld.SuperHardMode)) && (!((NPC.downedBoss1 || NPC.downedBoss2) && spawnInfo.Player.ZoneForest && Main.dayTime && !((spawnInfo.SpawnTileX < 800 || (spawnInfo.SpawnTileX > (Main.maxTilesX - 800))) || spawnInfo.Player.ZoneCorrupt || spawnInfo.Player.ZoneCrimson))) && (!((NPC.downedBoss1 || NPC.downedBoss2) && spawnInfo.Player.ZoneForest && !Main.dayTime && !((spawnInfo.SpawnTileX < 800 || (spawnInfo.SpawnTileX > (Main.maxTilesX - 800))) || spawnInfo.Player.ZoneCorrupt || spawnInfo.Player.ZoneCrimson))) && (!((spawnInfo.Player.ZoneDirtLayerHeight || spawnInfo.Player.ZoneRockLayerHeight) && Main.dayTime && !((spawnInfo.SpawnTileX < 800 || (spawnInfo.SpawnTileX > (Main.maxTilesX - 800))) || spawnInfo.Player.ZoneJungle || spawnInfo.Player.ZoneHallow || spawnInfo.Player.ZoneCorrupt || spawnInfo.Player.ZoneCrimson || spawnInfo.Player.ZoneSnow))) && (!((spawnInfo.Player.ZoneDirtLayerHeight || spawnInfo.Player.ZoneRockLayerHeight) && !Main.dayTime && !((spawnInfo.SpawnTileX < 800 || (spawnInfo.SpawnTileX > (Main.maxTilesX - 800))) || spawnInfo.Player.ZoneJungle || spawnInfo.Player.ZoneHallow || spawnInfo.Player.ZoneCorrupt || spawnInfo.Player.ZoneCrimson || spawnInfo.Player.ZoneSnow))) && (!((NPC.downedBoss1 || NPC.downedBoss2) && (spawnInfo.Player.ZoneDirtLayerHeight || spawnInfo.Player.ZoneRockLayerHeight) && Main.dayTime && !((spawnInfo.SpawnTileX < 800 || (spawnInfo.SpawnTileX > (Main.maxTilesX - 800))) || spawnInfo.Player.ZoneJungle || spawnInfo.Player.ZoneHallow || spawnInfo.Player.ZoneCorrupt || spawnInfo.Player.ZoneCrimson || spawnInfo.Player.ZoneSnow))) && (!((NPC.downedBoss1 || NPC.downedBoss2) && (spawnInfo.Player.ZoneDirtLayerHeight || spawnInfo.Player.ZoneRockLayerHeight) && !Main.dayTime && !((spawnInfo.SpawnTileX < 800 || (spawnInfo.SpawnTileX > (Main.maxTilesX - 800))) || spawnInfo.Player.ZoneJungle || spawnInfo.Player.ZoneHallow || spawnInfo.Player.ZoneCorrupt || spawnInfo.Player.ZoneCrimson || spawnInfo.Player.ZoneSnow))) && (!(!Main.hardMode && spawnInfo.Player.ZoneDungeon)) && (!(Main.hardMode && spawnInfo.Player.ZoneDungeon)) && (!(Main.hardMode && spawnInfo.Lihzahrd)) && (tsorcRevampWorld.SuperHardMode && !((spawnInfo.SpawnTileX < 800 || (spawnInfo.SpawnTileX > (Main.maxTilesX - 800))) || spawnInfo.Player.ZoneJungle || spawnInfo.Player.ZoneCorrupt || spawnInfo.Player.ZoneCrimson || spawnInfo.Player.ZoneUnderworldHeight))",NPCs/Enemies/FirebombHollow.cs,103
NPC Spawn Rule,FirebombHollow,Firebomb Hollow,Enemies,ModNPC,Natural spawn rules,1,—,2000,74,80,No,No,No,SpawnChance,0.13f,SuperHardmode,Machine Temple,Surface,Day and night / unspecified,—,Excluded,"(!(spawnInfo.Invasion)) && (!(spawnInfo.Player.townNPCs > 1f)) && (!(spawnInfo.Water || Sky(spawnInfo.Player))) && (!(spawnInfo.Player.ZoneGlowshroom)) && (!(spawnInfo.Player.ZoneGraveyard)) && (!(!spawnInfo.Water && (Main.tile[spawnInfo.SpawnTileX, spawnInfo.SpawnTileY].WallType == WallID.GreenDungeonSlabUnsafe || Main.tile[spawnInfo.SpawnTileX, spawnInfo.SpawnTileY].WallType == WallID.GreenDungeonUnsafe) && !Main.hardMode && !tsorcRevampWorld.SuperHardMode)) && (!((NPC.downedBoss1 || NPC.downedBoss2) && spawnInfo.Player.ZoneForest && Main.dayTime && !((spawnInfo.SpawnTileX < 800 || (spawnInfo.SpawnTileX > (Main.maxTilesX - 800))) || spawnInfo.Player.ZoneCorrupt || spawnInfo.Player.ZoneCrimson))) && (!((NPC.downedBoss1 || NPC.downedBoss2) && spawnInfo.Player.ZoneForest && !Main.dayTime && !((spawnInfo.SpawnTileX < 800 || (spawnInfo.SpawnTileX > (Main.maxTilesX - 800))) || spawnInfo.Player.ZoneCorrupt || spawnInfo.Player.ZoneCrimson))) && (!((spawnInfo.Player.ZoneDirtLayerHeight || spawnInfo.Player.ZoneRockLayerHeight) && Main.dayTime && !((spawnInfo.SpawnTileX < 800 || (spawnInfo.SpawnTileX > (Main.maxTilesX - 800))) || spawnInfo.Player.ZoneJungle || spawnInfo.Player.ZoneHallow || spawnInfo.Player.ZoneCorrupt || spawnInfo.Player.ZoneCrimson || spawnInfo.Player.ZoneSnow))) && (!((spawnInfo.Player.ZoneDirtLayerHeight || spawnInfo.Player.ZoneRockLayerHeight) && !Main.dayTime && !((spawnInfo.SpawnTileX < 800 || (spawnInfo.SpawnTileX > (Main.maxTilesX - 800))) || spawnInfo.Player.ZoneJungle || spawnInfo.Player.ZoneHallow || spawnInfo.Player.ZoneCorrupt || spawnInfo.Player.ZoneCrimson || spawnInfo.Player.ZoneSnow))) && (!((NPC.downedBoss1 || NPC.downedBoss2) && (spawnInfo.Player.ZoneDirtLayerHeight || spawnInfo.Player.ZoneRockLayerHeight) && Main.dayTime && !((spawnInfo.SpawnTileX < 800 || (spawnInfo.SpawnTileX > (Main.maxTilesX - 800))) || spawnInfo.Player.ZoneJungle || spawnInfo.Player.ZoneHallow || spawnInfo.Player.ZoneCorrupt || spawnInfo.Player.ZoneCrimson || spawnInfo.Player.ZoneSnow))) && (!((NPC.downedBoss1 || NPC.downedBoss2) && (spawnInfo.Player.ZoneDirtLayerHeight || spawnInfo.Player.ZoneRockLayerHeight) && !Main.dayTime && !((spawnInfo.SpawnTileX < 800 || (spawnInfo.SpawnTileX > (Main.maxTilesX - 800))) || spawnInfo.Player.ZoneJungle || spawnInfo.Player.ZoneHallow || spawnInfo.Player.ZoneCorrupt || spawnInfo.Player.ZoneCrimson || spawnInfo.Player.ZoneSnow))) && (!(!Main.hardMode && spawnInfo.Player.ZoneDungeon)) && (!(Main.hardMode && spawnInfo.Player.ZoneDungeon)) && (!(Main.hardMode && spawnInfo.Lihzahrd)) && (!(tsorcRevampWorld.SuperHardMode && !((spawnInfo.SpawnTileX < 800 || (spawnInfo.SpawnTileX > (Main.maxTilesX - 800))) || spawnInfo.Player.ZoneJungle || spawnInfo.Player.ZoneCorrupt || spawnInfo.Player.ZoneCrimson || spawnInfo.Player.ZoneUnderworldHeight))) && (tsorcRevampWorld.SuperHardMode && spawnInfo.Player.ZoneOverworldHeight && !((spawnInfo.SpawnTileX < 800 || (spawnInfo.SpawnTileX > (Main.maxTilesX - 800))) || spawnInfo.Player.ZoneJungle || spawnInfo.Player.ZoneCorrupt || spawnInfo.Player.ZoneCrimson))",NPCs/Enemies/FirebombHollow.cs,104
NPC Spawn Rule,FirebombHollow,Firebomb Hollow,Enemies,ModNPC,Natural spawn rules,1,—,2000,74,80,No,No,No,SpawnChance,0.15f,SuperHardmode,Machine Temple,Any / condition-defined depth,Day and night / unspecified,—,Excluded,"(!(spawnInfo.Invasion)) && (!(spawnInfo.Player.townNPCs > 1f)) && (!(spawnInfo.Water || Sky(spawnInfo.Player))) && (!(spawnInfo.Player.ZoneGlowshroom)) && (!(spawnInfo.Player.ZoneGraveyard)) && (!(!spawnInfo.Water && (Main.tile[spawnInfo.SpawnTileX, spawnInfo.SpawnTileY].WallType == WallID.GreenDungeonSlabUnsafe || Main.tile[spawnInfo.SpawnTileX, spawnInfo.SpawnTileY].WallType == WallID.GreenDungeonUnsafe) && !Main.hardMode && !tsorcRevampWorld.SuperHardMode)) && (!((NPC.downedBoss1 || NPC.downedBoss2) && spawnInfo.Player.ZoneForest && Main.dayTime && !((spawnInfo.SpawnTileX < 800 || (spawnInfo.SpawnTileX > (Main.maxTilesX - 800))) || spawnInfo.Player.ZoneCorrupt || spawnInfo.Player.ZoneCrimson))) && (!((NPC.downedBoss1 || NPC.downedBoss2) && spawnInfo.Player.ZoneForest && !Main.dayTime && !((spawnInfo.SpawnTileX < 800 || (spawnInfo.SpawnTileX > (Main.maxTilesX - 800))) || spawnInfo.Player.ZoneCorrupt || spawnInfo.Player.ZoneCrimson))) && (!((spawnInfo.Player.ZoneDirtLayerHeight || spawnInfo.Player.ZoneRockLayerHeight) && Main.dayTime && !((spawnInfo.SpawnTileX < 800 || (spawnInfo.SpawnTileX > (Main.maxTilesX - 800))) || spawnInfo.Player.ZoneJungle || spawnInfo.Player.ZoneHallow || spawnInfo.Player.ZoneCorrupt || spawnInfo.Player.ZoneCrimson || spawnInfo.Player.ZoneSnow))) && (!((spawnInfo.Player.ZoneDirtLayerHeight || spawnInfo.Player.ZoneRockLayerHeight) && !Main.dayTime && !((spawnInfo.SpawnTileX < 800 || (spawnInfo.SpawnTileX > (Main.maxTilesX - 800))) || spawnInfo.Player.ZoneJungle || spawnInfo.Player.ZoneHallow || spawnInfo.Player.ZoneCorrupt || spawnInfo.Player.ZoneCrimson || spawnInfo.Player.ZoneSnow))) && (!((NPC.downedBoss1 || NPC.downedBoss2) && (spawnInfo.Player.ZoneDirtLayerHeight || spawnInfo.Player.ZoneRockLayerHeight) && Main.dayTime && !((spawnInfo.SpawnTileX < 800 || (spawnInfo.SpawnTileX > (Main.maxTilesX - 800))) || spawnInfo.Player.ZoneJungle || spawnInfo.Player.ZoneHallow || spawnInfo.Player.ZoneCorrupt || spawnInfo.Player.ZoneCrimson || spawnInfo.Player.ZoneSnow))) && (!((NPC.downedBoss1 || NPC.downedBoss2) && (spawnInfo.Player.ZoneDirtLayerHeight || spawnInfo.Player.ZoneRockLayerHeight) && !Main.dayTime && !((spawnInfo.SpawnTileX < 800 || (spawnInfo.SpawnTileX > (Main.maxTilesX - 800))) || spawnInfo.Player.ZoneJungle || spawnInfo.Player.ZoneHallow || spawnInfo.Player.ZoneCorrupt || spawnInfo.Player.ZoneCrimson || spawnInfo.Player.ZoneSnow))) && (!(!Main.hardMode && spawnInfo.Player.ZoneDungeon)) && (!(Main.hardMode && spawnInfo.Player.ZoneDungeon)) && (!(Main.hardMode && spawnInfo.Lihzahrd)) && (!(tsorcRevampWorld.SuperHardMode && !((spawnInfo.SpawnTileX < 800 || (spawnInfo.SpawnTileX > (Main.maxTilesX - 800))) || spawnInfo.Player.ZoneJungle || spawnInfo.Player.ZoneCorrupt || spawnInfo.Player.ZoneCrimson || spawnInfo.Player.ZoneUnderworldHeight))) && (!(tsorcRevampWorld.SuperHardMode && spawnInfo.Player.ZoneOverworldHeight && !((spawnInfo.SpawnTileX < 800 || (spawnInfo.SpawnTileX > (Main.maxTilesX - 800))) || spawnInfo.Player.ZoneJungle || spawnInfo.Player.ZoneCorrupt || spawnInfo.Player.ZoneCrimson))) && (tsorcRevampWorld.SuperHardMode && spawnInfo.Player.ZoneDesert && !(spawnInfo.SpawnTileX < 800 || (spawnInfo.SpawnTileX > (Main.maxTilesX - 800))))",NPCs/Enemies/FirebombHollow.cs,105
NPC Spawn Rule,FirebombHollow,Firebomb Hollow,Enemies,ModNPC,Natural spawn rules,1,—,2000,74,80,No,No,No,SpawnChance,0.17f,SuperHardmode,Machine Temple,Any / condition-defined depth,Day and night / unspecified,—,Excluded,"(!(spawnInfo.Invasion)) && (!(spawnInfo.Player.townNPCs > 1f)) && (!(spawnInfo.Water || Sky(spawnInfo.Player))) && (!(spawnInfo.Player.ZoneGlowshroom)) && (!(spawnInfo.Player.ZoneGraveyard)) && (!(!spawnInfo.Water && (Main.tile[spawnInfo.SpawnTileX, spawnInfo.SpawnTileY].WallType == WallID.GreenDungeonSlabUnsafe || Main.tile[spawnInfo.SpawnTileX, spawnInfo.SpawnTileY].WallType == WallID.GreenDungeonUnsafe) && !Main.hardMode && !tsorcRevampWorld.SuperHardMode)) && (!((NPC.downedBoss1 || NPC.downedBoss2) && spawnInfo.Player.ZoneForest && Main.dayTime && !((spawnInfo.SpawnTileX < 800 || (spawnInfo.SpawnTileX > (Main.maxTilesX - 800))) || spawnInfo.Player.ZoneCorrupt || spawnInfo.Player.ZoneCrimson))) && (!((NPC.downedBoss1 || NPC.downedBoss2) && spawnInfo.Player.ZoneForest && !Main.dayTime && !((spawnInfo.SpawnTileX < 800 || (spawnInfo.SpawnTileX > (Main.maxTilesX - 800))) || spawnInfo.Player.ZoneCorrupt || spawnInfo.Player.ZoneCrimson))) && (!((spawnInfo.Player.ZoneDirtLayerHeight || spawnInfo.Player.ZoneRockLayerHeight) && Main.dayTime && !((spawnInfo.SpawnTileX < 800 || (spawnInfo.SpawnTileX > (Main.maxTilesX - 800))) || spawnInfo.Player.ZoneJungle || spawnInfo.Player.ZoneHallow || spawnInfo.Player.ZoneCorrupt || spawnInfo.Player.ZoneCrimson || spawnInfo.Player.ZoneSnow))) && (!((spawnInfo.Player.ZoneDirtLayerHeight || spawnInfo.Player.ZoneRockLayerHeight) && !Main.dayTime && !((spawnInfo.SpawnTileX < 800 || (spawnInfo.SpawnTileX > (Main.maxTilesX - 800))) || spawnInfo.Player.ZoneJungle || spawnInfo.Player.ZoneHallow || spawnInfo.Player.ZoneCorrupt || spawnInfo.Player.ZoneCrimson || spawnInfo.Player.ZoneSnow))) && (!((NPC.downedBoss1 || NPC.downedBoss2) && (spawnInfo.Player.ZoneDirtLayerHeight || spawnInfo.Player.ZoneRockLayerHeight) && Main.dayTime && !((spawnInfo.SpawnTileX < 800 || (spawnInfo.SpawnTileX > (Main.maxTilesX - 800))) || spawnInfo.Player.ZoneJungle || spawnInfo.Player.ZoneHallow || spawnInfo.Player.ZoneCorrupt || spawnInfo.Player.ZoneCrimson || spawnInfo.Player.ZoneSnow))) && (!((NPC.downedBoss1 || NPC.downedBoss2) && (spawnInfo.Player.ZoneDirtLayerHeight || spawnInfo.Player.ZoneRockLayerHeight) && !Main.dayTime && !((spawnInfo.SpawnTileX < 800 || (spawnInfo.SpawnTileX > (Main.maxTilesX - 800))) || spawnInfo.Player.ZoneJungle || spawnInfo.Player.ZoneHallow || spawnInfo.Player.ZoneCorrupt || spawnInfo.Player.ZoneCrimson || spawnInfo.Player.ZoneSnow))) && (!(!Main.hardMode && spawnInfo.Player.ZoneDungeon)) && (!(Main.hardMode && spawnInfo.Player.ZoneDungeon)) && (!(Main.hardMode && spawnInfo.Lihzahrd)) && (!(tsorcRevampWorld.SuperHardMode && !((spawnInfo.SpawnTileX < 800 || (spawnInfo.SpawnTileX > (Main.maxTilesX - 800))) || spawnInfo.Player.ZoneJungle || spawnInfo.Player.ZoneCorrupt || spawnInfo.Player.ZoneCrimson || spawnInfo.Player.ZoneUnderworldHeight))) && (!(tsorcRevampWorld.SuperHardMode && spawnInfo.Player.ZoneOverworldHeight && !((spawnInfo.SpawnTileX < 800 || (spawnInfo.SpawnTileX > (Main.maxTilesX - 800))) || spawnInfo.Player.ZoneJungle || spawnInfo.Player.ZoneCorrupt || spawnInfo.Player.ZoneCrimson))) && (!(tsorcRevampWorld.SuperHardMode && spawnInfo.Player.ZoneDesert && !(spawnInfo.SpawnTileX < 800 || (spawnInfo.SpawnTileX > (Main.maxTilesX - 800))))) && (tsorcRevampWorld.SuperHardMode && spawnInfo.Player.ZoneDungeon)",NPCs/Enemies/FirebombHollow.cs,106
NPC Spawn Rule,FirebombHollow,Firebomb Hollow,Enemies,ModNPC,Natural spawn rules,1,—,2000,74,80,No,No,No,SpawnChance,0,Pre-Hardmode + Hardmode + SuperHardmode,Machine Temple,Any / condition-defined depth,Day and night / unspecified,—,Excluded,"(!(spawnInfo.Invasion)) && (!(spawnInfo.Player.townNPCs > 1f)) && (!(spawnInfo.Water || Sky(spawnInfo.Player))) && (!(spawnInfo.Player.ZoneGlowshroom)) && (!(spawnInfo.Player.ZoneGraveyard)) && (!(!spawnInfo.Water && (Main.tile[spawnInfo.SpawnTileX, spawnInfo.SpawnTileY].WallType == WallID.GreenDungeonSlabUnsafe || Main.tile[spawnInfo.SpawnTileX, spawnInfo.SpawnTileY].WallType == WallID.GreenDungeonUnsafe) && !Main.hardMode && !tsorcRevampWorld.SuperHardMode)) && (!((NPC.downedBoss1 || NPC.downedBoss2) && spawnInfo.Player.ZoneForest && Main.dayTime && !((spawnInfo.SpawnTileX < 800 || (spawnInfo.SpawnTileX > (Main.maxTilesX - 800))) || spawnInfo.Player.ZoneCorrupt || spawnInfo.Player.ZoneCrimson))) && (!((NPC.downedBoss1 || NPC.downedBoss2) && spawnInfo.Player.ZoneForest && !Main.dayTime && !((spawnInfo.SpawnTileX < 800 || (spawnInfo.SpawnTileX > (Main.maxTilesX - 800))) || spawnInfo.Player.ZoneCorrupt || spawnInfo.Player.ZoneCrimson))) && (!((spawnInfo.Player.ZoneDirtLayerHeight || spawnInfo.Player.ZoneRockLayerHeight) && Main.dayTime && !((spawnInfo.SpawnTileX < 800 || (spawnInfo.SpawnTileX > (Main.maxTilesX - 800))) || spawnInfo.Player.ZoneJungle || spawnInfo.Player.ZoneHallow || spawnInfo.Player.ZoneCorrupt || spawnInfo.Player.ZoneCrimson || spawnInfo.Player.ZoneSnow))) && (!((spawnInfo.Player.ZoneDirtLayerHeight || spawnInfo.Player.ZoneRockLayerHeight) && !Main.dayTime && !((spawnInfo.SpawnTileX < 800 || (spawnInfo.SpawnTileX > (Main.maxTilesX - 800))) || spawnInfo.Player.ZoneJungle || spawnInfo.Player.ZoneHallow || spawnInfo.Player.ZoneCorrupt || spawnInfo.Player.ZoneCrimson || spawnInfo.Player.ZoneSnow))) && (!((NPC.downedBoss1 || NPC.downedBoss2) && (spawnInfo.Player.ZoneDirtLayerHeight || spawnInfo.Player.ZoneRockLayerHeight) && Main.dayTime && !((spawnInfo.SpawnTileX < 800 || (spawnInfo.SpawnTileX > (Main.maxTilesX - 800))) || spawnInfo.Player.ZoneJungle || spawnInfo.Player.ZoneHallow || spawnInfo.Player.ZoneCorrupt || spawnInfo.Player.ZoneCrimson || spawnInfo.Player.ZoneSnow))) && (!((NPC.downedBoss1 || NPC.downedBoss2) && (spawnInfo.Player.ZoneDirtLayerHeight || spawnInfo.Player.ZoneRockLayerHeight) && !Main.dayTime && !((spawnInfo.SpawnTileX < 800 || (spawnInfo.SpawnTileX > (Main.maxTilesX - 800))) || spawnInfo.Player.ZoneJungle || spawnInfo.Player.ZoneHallow || spawnInfo.Player.ZoneCorrupt || spawnInfo.Player.ZoneCrimson || spawnInfo.Player.ZoneSnow))) && (!(!Main.hardMode && spawnInfo.Player.ZoneDungeon)) && (!(Main.hardMode && spawnInfo.Player.ZoneDungeon)) && (!(Main.hardMode && spawnInfo.Lihzahrd)) && (!(tsorcRevampWorld.SuperHardMode && !((spawnInfo.SpawnTileX < 800 || (spawnInfo.SpawnTileX > (Main.maxTilesX - 800))) || spawnInfo.Player.ZoneJungle || spawnInfo.Player.ZoneCorrupt || spawnInfo.Player.ZoneCrimson || spawnInfo.Player.ZoneUnderworldHeight))) && (!(tsorcRevampWorld.SuperHardMode && spawnInfo.Player.ZoneOverworldHeight && !((spawnInfo.SpawnTileX < 800 || (spawnInfo.SpawnTileX > (Main.maxTilesX - 800))) || spawnInfo.Player.ZoneJungle || spawnInfo.Player.ZoneCorrupt || spawnInfo.Player.ZoneCrimson))) && (!(tsorcRevampWorld.SuperHardMode && spawnInfo.Player.ZoneDesert && !(spawnInfo.SpawnTileX < 800 || (spawnInfo.SpawnTileX > (Main.maxTilesX - 800))))) && (!(tsorcRevampWorld.SuperHardMode && spawnInfo.Player.ZoneDungeon))",NPCs/Enemies/FirebombHollow.cs,108
NPC,FirebombHollowOriginal,Old Firebomb Hollow,Enemies,ModNPC,No natural spawn method,1,—,2000,74,80,No,No,No,None,—,—,—,—,—,—,—,—,NPCs/Enemies/FirebombHollowOriginal.cs,13
NPC Spawn Rule,FrozenGigasStatue,Frozen Echo,Enemies,ModNPC,Natural spawning disabled,0f,—,250,0,18,No,No,No,SpawnChance,0f,Pre-Hardmode + Hardmode + SuperHardmode,General / Custom,Any / condition-defined depth,Day and night / unspecified,—,Unspecified,Always,NPCs/Enemies/FrozenGigasStatue.cs,62
NPC,Gaibon,Gaibon,Bosses,ModNPC,No natural spawn method,5,—,4000,40,22,Yes,No,No,None,—,—,—,—,—,—,—,—,NPCs/Bosses/Gaibon.cs,20
NPC,GaibonFireball,Gaibon Fireball,Enemies,ModNPC,No natural spawn method,1,—,1,30,0,No,No,No,None,—,—,—,—,—,—,—,—,NPCs/Enemies/GaibonFireball.cs,9
NPC,GhostDragonBody,Ghost Wyvern,Bosses,ModNPC,No natural spawn method,1,—,35000,49,145,No,No,No,None,—,—,—,—,—,—,—,—,NPCs/Bosses/SuperHardMode/GhostWyvernMage/GhostDragonBody.cs,11
NPC,GhostDragonBody2,Ghost Wyvern,Bosses,ModNPC,No natural spawn method,1,—,35000,0,20,No,No,No,None,—,—,—,—,—,—,—,—,NPCs/Bosses/SuperHardMode/GhostWyvernMage/GhostDragonBody2.cs,11
NPC,GhostDragonBody3,Ghost Wyvern,Bosses,ModNPC,No natural spawn method,1,—,35000,0,25,No,No,No,None,—,—,—,—,—,—,—,—,NPCs/Bosses/SuperHardMode/GhostWyvernMage/GhostDragonBody3.cs,11
NPC,GhostDragonHead,Ghost Wyvern,Bosses,ModNPC,No natural spawn method,1,—,600000,100,120,Yes,No,No,None,—,—,—,—,—,—,—,—,NPCs/Bosses/SuperHardMode/GhostWyvernMage/GhostDragonHead.cs,16
NPC,GhostDragonLegs,Ghost Wyvern,Bosses,ModNPC,No natural spawn method,1,—,35000,15,50,No,No,No,None,—,—,—,—,—,—,—,—,NPCs/Bosses/SuperHardMode/GhostWyvernMage/GhostDragonLegs.cs,10
NPC,GhostDragonTail,Ghost Wyvern,Bosses,ModNPC,No natural spawn method,1,—,35000,0,0,No,No,No,None,—,—,—,—,—,—,—,—,NPCs/Bosses/SuperHardMode/GhostWyvernMage/GhostDragonTail.cs,10
NPC Spawn Rule,GhostOfAHollowWarrior,Ghost of a Hollow Warrior,Enemies,ModNPC,Natural spawn rules,1,—,1000,38,45,No,No,No,SpawnChance,0,Pre-Hardmode + Hardmode + SuperHardmode,Snow,Any / condition-defined depth,Day and night / unspecified,—,Unspecified,(spawnInfo.Invasion || Sky(spawnInfo.Player) || spawnInfo.Player.ZoneSnow),NPCs/Enemies/GhostFighter/GhostOfAHollowWarrior.cs,700
NPC Spawn Rule,GhostOfAHollowWarrior,Ghost of a Hollow Warrior,Enemies,ModNPC,Natural spawn rules,1,—,1000,38,45,No,No,No,SpawnChance,0f,Pre-Hardmode + Hardmode + SuperHardmode,General / Custom,Any / condition-defined depth,Day and night / unspecified,—,Unspecified,(!(spawnInfo.Invasion || Sky(spawnInfo.Player) || spawnInfo.Player.ZoneSnow)) && (spawnInfo.Player.townNPCs > 1f),NPCs/Enemies/GhostFighter/GhostOfAHollowWarrior.cs,703
NPC Spawn Rule,GhostOfAHollowWarrior,Ghost of a Hollow Warrior,Enemies,ModNPC,Natural spawn rules,1,—,1000,38,45,No,No,No,SpawnChance,0f,Pre-Hardmode + Hardmode + SuperHardmode,Corruption + Crimson,Any / condition-defined depth,Day and night / unspecified,—,Conditional / mixed,(!(spawnInfo.Invasion || Sky(spawnInfo.Player) || spawnInfo.Player.ZoneSnow)) && (!(spawnInfo.Player.townNPCs > 1f)) && (spawnInfo.Water || spawnInfo.Player.ZoneCorrupt || spawnInfo.Player.ZoneCrimson),NPCs/Enemies/GhostFighter/GhostOfAHollowWarrior.cs,704
NPC Spawn Rule,GhostOfAHollowWarrior,Ghost of a Hollow Warrior,Enemies,ModNPC,Natural spawn rules,1,—,1000,38,45,No,No,No,SpawnChance,0f,Pre-Hardmode + Hardmode + SuperHardmode,Glowing Mushroom,Any / condition-defined depth,Day and night / unspecified,—,Excluded,(!(spawnInfo.Invasion || Sky(spawnInfo.Player) || spawnInfo.Player.ZoneSnow)) && (!(spawnInfo.Player.townNPCs > 1f)) && (!(spawnInfo.Water || spawnInfo.Player.ZoneCorrupt || spawnInfo.Player.ZoneCrimson)) && (spawnInfo.Player.ZoneGlowshroom),NPCs/Enemies/GhostFighter/GhostOfAHollowWarrior.cs,705
NPC Spawn Rule,GhostOfAHollowWarrior,Ghost of a Hollow Warrior,Enemies,ModNPC,Natural spawn rules,1,—,1000,38,45,No,No,No,SpawnChance,3f,Pre-Hardmode,Graveyard,Any / condition-defined depth,Day and night / unspecified,—,Excluded,"(!(spawnInfo.Invasion || Sky(spawnInfo.Player) || spawnInfo.Player.ZoneSnow)) && (!(spawnInfo.Player.townNPCs > 1f)) && (!(spawnInfo.Water || spawnInfo.Player.ZoneCorrupt || spawnInfo.Player.ZoneCrimson)) && (!(spawnInfo.Player.ZoneGlowshroom)) && (spawnInfo.Player.ZoneGraveyard && !Main.hardMode && (Main.tile[spawnInfo.SpawnTileX, spawnInfo.SpawnTileY].WallType == 185 || Main.tile[spawnInfo.SpawnTileX, spawnInfo.SpawnTileY].WallType == 215 || Main.tile[spawnInfo.SpawnTileX, spawnInfo.SpawnTileY].WallType == 301 || Main.tile[spawnInfo.SpawnTileX, spawnInfo.SpawnTileY].WallType == 214 || Main.tile[spawnInfo.SpawnTileX, spawnInfo.SpawnTileY].WallType == 302))",NPCs/Enemies/GhostFighter/GhostOfAHollowWarrior.cs,710
NPC Spawn Rule,GhostOfAHollowWarrior,Ghost of a Hollow Warrior,Enemies,ModNPC,Natural spawn rules,1,—,1000,38,45,No,No,No,SpawnChance,0,Pre-Hardmode + Hardmode + SuperHardmode,General / Custom,Any / condition-defined depth,Day and night / unspecified,—,Excluded,"(!(spawnInfo.Invasion || Sky(spawnInfo.Player) || spawnInfo.Player.ZoneSnow)) && (!(spawnInfo.Player.townNPCs > 1f)) && (!(spawnInfo.Water || spawnInfo.Player.ZoneCorrupt || spawnInfo.Player.ZoneCrimson)) && (!(spawnInfo.Player.ZoneGlowshroom)) && (!(spawnInfo.Player.ZoneGraveyard && !Main.hardMode && (Main.tile[spawnInfo.SpawnTileX, spawnInfo.SpawnTileY].WallType == 185 || Main.tile[spawnInfo.SpawnTileX, spawnInfo.SpawnTileY].WallType == 215 || Main.tile[spawnInfo.SpawnTileX, spawnInfo.SpawnTileY].WallType == 301 || Main.tile[spawnInfo.SpawnTileX, spawnInfo.SpawnTileY].WallType == 214 || Main.tile[spawnInfo.SpawnTileX, spawnInfo.SpawnTileY].WallType == 302)))",NPCs/Enemies/GhostFighter/GhostOfAHollowWarrior.cs,710
NPC Spawn Rule,GhostOfAHollowWarriorOriginal,Old Ghost of a Hollow Warrior,Enemies,ModNPC,Natural spawn rules,1,—,1000,38,45,No,No,No,SpawnChance,0,Pre-Hardmode + Hardmode + SuperHardmode,Snow,Any / condition-defined depth,Day and night / unspecified,—,Unspecified,(spawnInfo.Invasion || Sky(spawnInfo.Player) || spawnInfo.Player.ZoneSnow),NPCs/Enemies/GhostFighter/GhostOfAHollowWarriorOriginal.cs,833
NPC Spawn Rule,GhostOfAHollowWarriorOriginal,Old Ghost of a Hollow Warrior,Enemies,ModNPC,Natural spawn rules,1,—,1000,38,45,No,No,No,SpawnChance,0f,Pre-Hardmode + Hardmode + SuperHardmode,General / Custom,Any / condition-defined depth,Day and night / unspecified,—,Unspecified,(!(spawnInfo.Invasion || Sky(spawnInfo.Player) || spawnInfo.Player.ZoneSnow)) && (spawnInfo.Player.townNPCs > 1f),NPCs/Enemies/GhostFighter/GhostOfAHollowWarriorOriginal.cs,836
NPC Spawn Rule,GhostOfAHollowWarriorOriginal,Old Ghost of a Hollow Warrior,Enemies,ModNPC,Natural spawn rules,1,—,1000,38,45,No,No,No,SpawnChance,0f,Pre-Hardmode + Hardmode + SuperHardmode,Corruption + Crimson,Any / condition-defined depth,Day and night / unspecified,—,Conditional / mixed,(!(spawnInfo.Invasion || Sky(spawnInfo.Player) || spawnInfo.Player.ZoneSnow)) && (!(spawnInfo.Player.townNPCs > 1f)) && (spawnInfo.Water || spawnInfo.Player.ZoneCorrupt || spawnInfo.Player.ZoneCrimson),NPCs/Enemies/GhostFighter/GhostOfAHollowWarriorOriginal.cs,837
NPC Spawn Rule,GhostOfAHollowWarriorOriginal,Old Ghost of a Hollow Warrior,Enemies,ModNPC,Natural spawn rules,1,—,1000,38,45,No,No,No,SpawnChance,0f,Pre-Hardmode + Hardmode + SuperHardmode,Glowing Mushroom,Any / condition-defined depth,Day and night / unspecified,—,Excluded,(!(spawnInfo.Invasion || Sky(spawnInfo.Player) || spawnInfo.Player.ZoneSnow)) && (!(spawnInfo.Player.townNPCs > 1f)) && (!(spawnInfo.Water || spawnInfo.Player.ZoneCorrupt || spawnInfo.Player.ZoneCrimson)) && (spawnInfo.Player.ZoneGlowshroom),NPCs/Enemies/GhostFighter/GhostOfAHollowWarriorOriginal.cs,838
NPC Spawn Rule,GhostOfAHollowWarriorOriginal,Old Ghost of a Hollow Warrior,Enemies,ModNPC,Natural spawn rules,1,—,1000,38,45,No,No,No,SpawnChance,3f,Pre-Hardmode,Graveyard,Any / condition-defined depth,Day and night / unspecified,—,Excluded,"(!(spawnInfo.Invasion || Sky(spawnInfo.Player) || spawnInfo.Player.ZoneSnow)) && (!(spawnInfo.Player.townNPCs > 1f)) && (!(spawnInfo.Water || spawnInfo.Player.ZoneCorrupt || spawnInfo.Player.ZoneCrimson)) && (!(spawnInfo.Player.ZoneGlowshroom)) && (spawnInfo.Player.ZoneGraveyard && !Main.hardMode && (Main.tile[spawnInfo.SpawnTileX, spawnInfo.SpawnTileY].WallType == 185 || Main.tile[spawnInfo.SpawnTileX, spawnInfo.SpawnTileY].WallType == 215 || Main.tile[spawnInfo.SpawnTileX, spawnInfo.SpawnTileY].WallType == 301 || Main.tile[spawnInfo.SpawnTileX, spawnInfo.SpawnTileY].WallType == 214 || Main.tile[spawnInfo.SpawnTileX, spawnInfo.SpawnTileY].WallType == 302))",NPCs/Enemies/GhostFighter/GhostOfAHollowWarriorOriginal.cs,843
NPC Spawn Rule,GhostOfAHollowWarriorOriginal,Old Ghost of a Hollow Warrior,Enemies,ModNPC,Natural spawn rules,1,—,1000,38,45,No,No,No,SpawnChance,0,Pre-Hardmode + Hardmode + SuperHardmode,General / Custom,Any / condition-defined depth,Day and night / unspecified,—,Excluded,"(!(spawnInfo.Invasion || Sky(spawnInfo.Player) || spawnInfo.Player.ZoneSnow)) && (!(spawnInfo.Player.townNPCs > 1f)) && (!(spawnInfo.Water || spawnInfo.Player.ZoneCorrupt || spawnInfo.Player.ZoneCrimson)) && (!(spawnInfo.Player.ZoneGlowshroom)) && (!(spawnInfo.Player.ZoneGraveyard && !Main.hardMode && (Main.tile[spawnInfo.SpawnTileX, spawnInfo.SpawnTileY].WallType == 185 || Main.tile[spawnInfo.SpawnTileX, spawnInfo.SpawnTileY].WallType == 215 || Main.tile[spawnInfo.SpawnTileX, spawnInfo.SpawnTileY].WallType == 301 || Main.tile[spawnInfo.SpawnTileX, spawnInfo.SpawnTileY].WallType == 214 || Main.tile[spawnInfo.SpawnTileX, spawnInfo.SpawnTileY].WallType == 302)))",NPCs/Enemies/GhostFighter/GhostOfAHollowWarriorOriginal.cs,843
NPC Spawn Rule,GhostOfTheDarkmoonKnight,Ghost of the Darkmoon Knight,Enemies,ModNPC,Natural spawn rules,1,—,3000,55,65,No,No,No,SpawnChance,0.6f,SuperHardmode,Dungeon,Any / condition-defined depth,Day and night / unspecified,—,Unspecified,(tsorcRevampWorld.SuperHardMode && (spawnInfo.SpawnTileX < Main.maxTilesX * 0.6f || spawnInfo.SpawnTileX > Main.maxTilesX * 0.8f) && spawnInfo.Player.ZoneDungeon),NPCs/Enemies/GhostFighter/GhostOfTheDarkmoonKnight.cs,73
NPC Spawn Rule,GhostOfTheDarkmoonKnight,Ghost of the Darkmoon Knight,Enemies,ModNPC,Natural spawn rules,1,—,3000,55,65,No,No,No,SpawnChance,0.5f,SuperHardmode,Dungeon + Underworld,Underworld,Day and night / unspecified,—,Unspecified,(!(tsorcRevampWorld.SuperHardMode && (spawnInfo.SpawnTileX < Main.maxTilesX * 0.6f || spawnInfo.SpawnTileX > Main.maxTilesX * 0.8f) && spawnInfo.Player.ZoneDungeon)) && (tsorcRevampWorld.SuperHardMode && spawnInfo.Player.ZoneUnderworldHeight && spawnInfo.Player.ZoneDungeon),NPCs/Enemies/GhostFighter/GhostOfTheDarkmoonKnight.cs,77
NPC Spawn Rule,GhostOfTheDarkmoonKnight,Ghost of the Darkmoon Knight,Enemies,ModNPC,Natural spawn rules,1,—,3000,55,65,No,No,No,SpawnChance,0.4f,SuperHardmode,Dungeon,Any / condition-defined depth,Day and night / unspecified,—,Unspecified,(!(tsorcRevampWorld.SuperHardMode && (spawnInfo.SpawnTileX < Main.maxTilesX * 0.6f || spawnInfo.SpawnTileX > Main.maxTilesX * 0.8f) && spawnInfo.Player.ZoneDungeon)) && (!(tsorcRevampWorld.SuperHardMode && spawnInfo.Player.ZoneUnderworldHeight && spawnInfo.Player.ZoneDungeon)) && (tsorcRevampWorld.SuperHardMode && Main.bloodMoon && spawnInfo.Player.ZoneDungeon),NPCs/Enemies/GhostFighter/GhostOfTheDarkmoonKnight.cs,81
NPC Spawn Rule,GhostOfTheDarkmoonKnight,Ghost of the Darkmoon Knight,Enemies,ModNPC,Natural spawn rules,1,—,3000,55,65,No,No,No,SpawnChance,0.2f,SuperHardmode,Dungeon,Any / condition-defined depth,Day and night / unspecified,—,Unspecified,(!(tsorcRevampWorld.SuperHardMode && (spawnInfo.SpawnTileX < Main.maxTilesX * 0.6f || spawnInfo.SpawnTileX > Main.maxTilesX * 0.8f) && spawnInfo.Player.ZoneDungeon)) && (!(tsorcRevampWorld.SuperHardMode && spawnInfo.Player.ZoneUnderworldHeight && spawnInfo.Player.ZoneDungeon)) && (!(tsorcRevampWorld.SuperHardMode && Main.bloodMoon && spawnInfo.Player.ZoneDungeon)) && (tsorcRevampWorld.SuperHardMode && spawnInfo.Player.ZoneDungeon),NPCs/Enemies/GhostFighter/GhostOfTheDarkmoonKnight.cs,85
NPC Spawn Rule,GhostOfTheDarkmoonKnight,Ghost of the Darkmoon Knight,Enemies,ModNPC,Natural spawn rules,1,—,3000,55,65,No,No,No,SpawnChance,0.1f,SuperHardmode,Hallow,Any / condition-defined depth,Day and night / unspecified,—,Unspecified,(!(tsorcRevampWorld.SuperHardMode && (spawnInfo.SpawnTileX < Main.maxTilesX * 0.6f || spawnInfo.SpawnTileX > Main.maxTilesX * 0.8f) && spawnInfo.Player.ZoneDungeon)) && (!(tsorcRevampWorld.SuperHardMode && spawnInfo.Player.ZoneUnderworldHeight && spawnInfo.Player.ZoneDungeon)) && (!(tsorcRevampWorld.SuperHardMode && Main.bloodMoon && spawnInfo.Player.ZoneDungeon)) && (!(tsorcRevampWorld.SuperHardMode && spawnInfo.Player.ZoneDungeon)) && (tsorcRevampWorld.SuperHardMode && spawnInfo.Player.ZoneHallow),NPCs/Enemies/GhostFighter/GhostOfTheDarkmoonKnight.cs,89
NPC Spawn Rule,GhostOfTheDarkmoonKnight,Ghost of the Darkmoon Knight,Enemies,ModNPC,Natural spawn rules,1,—,3000,55,65,No,No,No,SpawnChance,0.3f,SuperHardmode,Neutral Overworld (Forest),Surface,Night,—,Unspecified,(!(tsorcRevampWorld.SuperHardMode && (spawnInfo.SpawnTileX < Main.maxTilesX * 0.6f || spawnInfo.SpawnTileX > Main.maxTilesX * 0.8f) && spawnInfo.Player.ZoneDungeon)) && (!(tsorcRevampWorld.SuperHardMode && spawnInfo.Player.ZoneUnderworldHeight && spawnInfo.Player.ZoneDungeon)) && (!(tsorcRevampWorld.SuperHardMode && Main.bloodMoon && spawnInfo.Player.ZoneDungeon)) && (!(tsorcRevampWorld.SuperHardMode && spawnInfo.Player.ZoneDungeon)) && (!(tsorcRevampWorld.SuperHardMode && spawnInfo.Player.ZoneHallow)) && (tsorcRevampWorld.SuperHardMode && spawnInfo.Player.ZoneForest && !Main.dayTime),NPCs/Enemies/GhostFighter/GhostOfTheDarkmoonKnight.cs,93
NPC Spawn Rule,GhostOfTheDarkmoonKnight,Ghost of the Darkmoon Knight,Enemies,ModNPC,Natural spawn rules,1,—,3000,55,65,No,No,No,SpawnChance,0,Pre-Hardmode + Hardmode + SuperHardmode,General / Custom,Any / condition-defined depth,Day and night / unspecified,—,Unspecified,(!(tsorcRevampWorld.SuperHardMode && (spawnInfo.SpawnTileX < Main.maxTilesX * 0.6f || spawnInfo.SpawnTileX > Main.maxTilesX * 0.8f) && spawnInfo.Player.ZoneDungeon)) && (!(tsorcRevampWorld.SuperHardMode && spawnInfo.Player.ZoneUnderworldHeight && spawnInfo.Player.ZoneDungeon)) && (!(tsorcRevampWorld.SuperHardMode && Main.bloodMoon && spawnInfo.Player.ZoneDungeon)) && (!(tsorcRevampWorld.SuperHardMode && spawnInfo.Player.ZoneDungeon)) && (!(tsorcRevampWorld.SuperHardMode && spawnInfo.Player.ZoneHallow)) && (!(tsorcRevampWorld.SuperHardMode && spawnInfo.Player.ZoneForest && !Main.dayTime)),NPCs/Enemies/GhostFighter/GhostOfTheDarkmoonKnight.cs,96
NPC Spawn Rule,GhostOfTheDrowned,Ghost of the Drowned,Enemies,ModNPC,Natural spawn rules,1,—,1300,38,48,No,No,No,SpawnChance,0.15f,Hardmode + SuperHardmode,Graveyard,Underground,Day and night / unspecified,—,Required,"(spawnInfo.Player.ZoneGraveyard && (Main.tile[spawnInfo.SpawnTileX, spawnInfo.SpawnTileY].WallType == 185 || Main.tile[spawnInfo.SpawnTileX, spawnInfo.SpawnTileY].WallType == 215 || Main.tile[spawnInfo.SpawnTileX, spawnInfo.SpawnTileY].WallType == 301 || Main.tile[spawnInfo.SpawnTileX, spawnInfo.SpawnTileY].WallType == 214 || Main.tile[spawnInfo.SpawnTileX, spawnInfo.SpawnTileY].WallType == 302)) && (spawnInfo.Water && Main.hardMode && spawnInfo.Player.ZoneNormalUnderground)",NPCs/Enemies/GhostFighter/GhostOfTheDrowned.cs,852
NPC Spawn Rule,GhostOfTheDrowned,Ghost of the Drowned,Enemies,ModNPC,Natural spawn rules,1,—,1300,38,48,No,No,No,SpawnChance,2.5f,Pre-Hardmode + Hardmode + SuperHardmode,Graveyard,Any / condition-defined depth,Day and night / unspecified,—,Unspecified,"(spawnInfo.Player.ZoneGraveyard && (Main.tile[spawnInfo.SpawnTileX, spawnInfo.SpawnTileY].WallType == 185 || Main.tile[spawnInfo.SpawnTileX, spawnInfo.SpawnTileY].WallType == 215 || Main.tile[spawnInfo.SpawnTileX, spawnInfo.SpawnTileY].WallType == 301 || Main.tile[spawnInfo.SpawnTileX, spawnInfo.SpawnTileY].WallType == 214 || Main.tile[spawnInfo.SpawnTileX, spawnInfo.SpawnTileY].WallType == 302)) && (!(spawnInfo.Water && Main.hardMode && spawnInfo.Player.ZoneNormalUnderground))",NPCs/Enemies/GhostFighter/GhostOfTheDrowned.cs,852
NPC Spawn Rule,GhostOfTheDrowned,Ghost of the Drowned,Enemies,ModNPC,Natural spawn rules,1,—,1300,38,48,No,No,No,SpawnChance,0.15f,Hardmode + SuperHardmode,General / Custom,Underground,Day and night / unspecified,—,Required,"(!(spawnInfo.Player.ZoneGraveyard && (Main.tile[spawnInfo.SpawnTileX, spawnInfo.SpawnTileY].WallType == 185 || Main.tile[spawnInfo.SpawnTileX, spawnInfo.SpawnTileY].WallType == 215 || Main.tile[spawnInfo.SpawnTileX, spawnInfo.SpawnTileY].WallType == 301 || Main.tile[spawnInfo.SpawnTileX, spawnInfo.SpawnTileY].WallType == 214 || Main.tile[spawnInfo.SpawnTileX, spawnInfo.SpawnTileY].WallType == 302))) && (spawnInfo.Water && Main.hardMode && spawnInfo.Player.ZoneNormalUnderground)",NPCs/Enemies/GhostFighter/GhostOfTheDrowned.cs,852
NPC Spawn Rule,GhostOfTheDrowned,Ghost of the Drowned,Enemies,ModNPC,Natural spawn rules,1,—,1300,38,48,No,No,No,SpawnChance,0,Pre-Hardmode + Hardmode + SuperHardmode,General / Custom,Any / condition-defined depth,Day and night / unspecified,—,Unspecified,"(!(spawnInfo.Player.ZoneGraveyard && (Main.tile[spawnInfo.SpawnTileX, spawnInfo.SpawnTileY].WallType == 185 || Main.tile[spawnInfo.SpawnTileX, spawnInfo.SpawnTileY].WallType == 215 || Main.tile[spawnInfo.SpawnTileX, spawnInfo.SpawnTileY].WallType == 301 || Main.tile[spawnInfo.SpawnTileX, spawnInfo.SpawnTileY].WallType == 214 || Main.tile[spawnInfo.SpawnTileX, spawnInfo.SpawnTileY].WallType == 302))) && (!(spawnInfo.Water && Main.hardMode && spawnInfo.Player.ZoneNormalUnderground))",NPCs/Enemies/GhostFighter/GhostOfTheDrowned.cs,852
NPC Spawn Rule,GhostOfTheDrownedOriginal,Old Ghost of the Drowned,Enemies,ModNPC,Natural spawn rules,1,—,1300,38,48,No,No,No,SpawnChance,0.15f,Hardmode + SuperHardmode,Graveyard,Underground,Day and night / unspecified,—,Required,"(spawnInfo.Player.ZoneGraveyard && (Main.tile[spawnInfo.SpawnTileX, spawnInfo.SpawnTileY].WallType == 185 || Main.tile[spawnInfo.SpawnTileX, spawnInfo.SpawnTileY].WallType == 215 || Main.tile[spawnInfo.SpawnTileX, spawnInfo.SpawnTileY].WallType == 301 || Main.tile[spawnInfo.SpawnTileX, spawnInfo.SpawnTileY].WallType == 214 || Main.tile[spawnInfo.SpawnTileX, spawnInfo.SpawnTileY].WallType == 302)) && (spawnInfo.Water && Main.hardMode && spawnInfo.Player.ZoneNormalUnderground)",NPCs/Enemies/GhostFighter/GhostOfTheDrownedOriginal.cs,863
NPC Spawn Rule,GhostOfTheDrownedOriginal,Old Ghost of the Drowned,Enemies,ModNPC,Natural spawn rules,1,—,1300,38,48,No,No,No,SpawnChance,2.5f,Pre-Hardmode + Hardmode + SuperHardmode,Graveyard,Any / condition-defined depth,Day and night / unspecified,—,Unspecified,"(spawnInfo.Player.ZoneGraveyard && (Main.tile[spawnInfo.SpawnTileX, spawnInfo.SpawnTileY].WallType == 185 || Main.tile[spawnInfo.SpawnTileX, spawnInfo.SpawnTileY].WallType == 215 || Main.tile[spawnInfo.SpawnTileX, spawnInfo.SpawnTileY].WallType == 301 || Main.tile[spawnInfo.SpawnTileX, spawnInfo.SpawnTileY].WallType == 214 || Main.tile[spawnInfo.SpawnTileX, spawnInfo.SpawnTileY].WallType == 302)) && (!(spawnInfo.Water && Main.hardMode && spawnInfo.Player.ZoneNormalUnderground))",NPCs/Enemies/GhostFighter/GhostOfTheDrownedOriginal.cs,863
NPC Spawn Rule,GhostOfTheDrownedOriginal,Old Ghost of the Drowned,Enemies,ModNPC,Natural spawn rules,1,—,1300,38,48,No,No,No,SpawnChance,0.15f,Hardmode + SuperHardmode,General / Custom,Underground,Day and night / unspecified,—,Required,"(!(spawnInfo.Player.ZoneGraveyard && (Main.tile[spawnInfo.SpawnTileX, spawnInfo.SpawnTileY].WallType == 185 || Main.tile[spawnInfo.SpawnTileX, spawnInfo.SpawnTileY].WallType == 215 || Main.tile[spawnInfo.SpawnTileX, spawnInfo.SpawnTileY].WallType == 301 || Main.tile[spawnInfo.SpawnTileX, spawnInfo.SpawnTileY].WallType == 214 || Main.tile[spawnInfo.SpawnTileX, spawnInfo.SpawnTileY].WallType == 302))) && (spawnInfo.Water && Main.hardMode && spawnInfo.Player.ZoneNormalUnderground)",NPCs/Enemies/GhostFighter/GhostOfTheDrownedOriginal.cs,863
NPC Spawn Rule,GhostOfTheDrownedOriginal,Old Ghost of the Drowned,Enemies,ModNPC,Natural spawn rules,1,—,1300,38,48,No,No,No,SpawnChance,0,Pre-Hardmode + Hardmode + SuperHardmode,General / Custom,Any / condition-defined depth,Day and night / unspecified,—,Unspecified,"(!(spawnInfo.Player.ZoneGraveyard && (Main.tile[spawnInfo.SpawnTileX, spawnInfo.SpawnTileY].WallType == 185 || Main.tile[spawnInfo.SpawnTileX, spawnInfo.SpawnTileY].WallType == 215 || Main.tile[spawnInfo.SpawnTileX, spawnInfo.SpawnTileY].WallType == 301 || Main.tile[spawnInfo.SpawnTileX, spawnInfo.SpawnTileY].WallType == 214 || Main.tile[spawnInfo.SpawnTileX, spawnInfo.SpawnTileY].WallType == 302))) && (!(spawnInfo.Water && Main.hardMode && spawnInfo.Player.ZoneNormalUnderground))",NPCs/Enemies/GhostFighter/GhostOfTheDrownedOriginal.cs,863
NPC Spawn Rule,GhostOfTheForgottenKnight,Ghost Of The Forgotten Knight,Enemies,ModNPC,Natural spawn rules,3,—,1000,50,80,No,No,No,SpawnChance,0.16f,Pre-Hardmode,Dungeon,Any / condition-defined depth,Day and night / unspecified,—,Unspecified,(!Main.hardMode && NPC.downedBoss3 && spawnInfo.Player.ZoneDungeon),NPCs/Enemies/GhostFighter/GhostOfTheForgottenKnight.cs,97
NPC Spawn Rule,GhostOfTheForgottenKnight,Ghost Of The Forgotten Knight,Enemies,ModNPC,Natural spawn rules,3,—,1000,50,80,No,No,No,SpawnChance,0.1f,Hardmode + SuperHardmode,Dungeon,Any / condition-defined depth,Day and night / unspecified,—,Unspecified,(!(!Main.hardMode && NPC.downedBoss3 && spawnInfo.Player.ZoneDungeon)) && (Main.hardMode && spawnInfo.Player.ZoneDungeon),NPCs/Enemies/GhostFighter/GhostOfTheForgottenKnight.cs,101
NPC Spawn Rule,GhostOfTheForgottenKnight,Ghost Of The Forgotten Knight,Enemies,ModNPC,Natural spawn rules,3,—,1000,50,80,No,No,No,SpawnChance,0.2f,Pre-Hardmode + Hardmode + SuperHardmode,Graveyard,Any / condition-defined depth,Day and night / unspecified,—,Unspecified,(!(!Main.hardMode && NPC.downedBoss3 && spawnInfo.Player.ZoneDungeon)) && (!(Main.hardMode && spawnInfo.Player.ZoneDungeon)) && (NPC.downedBoss3 && spawnInfo.Player.ZoneGraveyard),NPCs/Enemies/GhostFighter/GhostOfTheForgottenKnight.cs,105
NPC Spawn Rule,GhostOfTheForgottenKnight,Ghost Of The Forgotten Knight,Enemies,ModNPC,Natural spawn rules,3,—,1000,50,80,No,No,No,SpawnChance,0.05f,SuperHardmode,Dungeon,Any / condition-defined depth,Day and night / unspecified,—,Unspecified,(!(!Main.hardMode && NPC.downedBoss3 && spawnInfo.Player.ZoneDungeon)) && (!(Main.hardMode && spawnInfo.Player.ZoneDungeon)) && (!(NPC.downedBoss3 && spawnInfo.Player.ZoneGraveyard)) && (tsorcRevampWorld.SuperHardMode && spawnInfo.Player.ZoneDungeon),NPCs/Enemies/GhostFighter/GhostOfTheForgottenKnight.cs,109
NPC Spawn Rule,GhostOfTheForgottenKnight,Ghost Of The Forgotten Knight,Enemies,ModNPC,Natural spawn rules,3,—,1000,50,80,No,No,No,SpawnChance,0,Pre-Hardmode + Hardmode + SuperHardmode,General / Custom,Any / condition-defined depth,Day and night / unspecified,—,Unspecified,(!(!Main.hardMode && NPC.downedBoss3 && spawnInfo.Player.ZoneDungeon)) && (!(Main.hardMode && spawnInfo.Player.ZoneDungeon)) && (!(NPC.downedBoss3 && spawnInfo.Player.ZoneGraveyard)) && (!(tsorcRevampWorld.SuperHardMode && spawnInfo.Player.ZoneDungeon)),NPCs/Enemies/GhostFighter/GhostOfTheForgottenKnight.cs,112
NPC Spawn Rule,GhostOfTheForgottenWarrior,Ghost of the Forgotten Warrior,Enemies,ModNPC,Natural spawn rules,1,—,1000,90,90,No,No,No,SpawnChance,0.25f,Pre-Hardmode,Dungeon,Any / condition-defined depth,Day and night / unspecified,—,Unspecified,(!Main.hardMode && NPC.downedBoss3 && spawnInfo.Player.ZoneDungeon),NPCs/Enemies/GhostFighter/GhostOfTheForgottenWarrior.cs,102
NPC Spawn Rule,GhostOfTheForgottenWarrior,Ghost of the Forgotten Warrior,Enemies,ModNPC,Natural spawn rules,1,—,1000,90,90,No,No,No,SpawnChance,0.12f,Hardmode + SuperHardmode,Dungeon,Any / condition-defined depth,Day and night / unspecified,—,Unspecified,(!(!Main.hardMode && NPC.downedBoss3 && spawnInfo.Player.ZoneDungeon)) && (Main.hardMode && spawnInfo.Player.ZoneDungeon),NPCs/Enemies/GhostFighter/GhostOfTheForgottenWarrior.cs,106
NPC Spawn Rule,GhostOfTheForgottenWarrior,Ghost of the Forgotten Warrior,Enemies,ModNPC,Natural spawn rules,1,—,1000,90,90,No,No,No,SpawnChance,0.1f,SuperHardmode,Dungeon,Any / condition-defined depth,Day and night / unspecified,—,Unspecified,(!(!Main.hardMode && NPC.downedBoss3 && spawnInfo.Player.ZoneDungeon)) && (!(Main.hardMode && spawnInfo.Player.ZoneDungeon)) && (tsorcRevampWorld.SuperHardMode && spawnInfo.Player.ZoneDungeon),NPCs/Enemies/GhostFighter/GhostOfTheForgottenWarrior.cs,110
NPC Spawn Rule,GhostOfTheForgottenWarrior,Ghost of the Forgotten Warrior,Enemies,ModNPC,Natural spawn rules,1,—,1000,90,90,No,No,No,SpawnChance,0.2f,Pre-Hardmode + Hardmode + SuperHardmode,Graveyard,Any / condition-defined depth,Day and night / unspecified,—,Unspecified,(!(!Main.hardMode && NPC.downedBoss3 && spawnInfo.Player.ZoneDungeon)) && (!(Main.hardMode && spawnInfo.Player.ZoneDungeon)) && (!(tsorcRevampWorld.SuperHardMode && spawnInfo.Player.ZoneDungeon)) && (spawnInfo.Player.ZoneGraveyard),NPCs/Enemies/GhostFighter/GhostOfTheForgottenWarrior.cs,114
NPC Spawn Rule,GhostOfTheForgottenWarrior,Ghost of the Forgotten Warrior,Enemies,ModNPC,Natural spawn rules,1,—,1000,90,90,No,No,No,SpawnChance,0f,Pre-Hardmode + Hardmode + SuperHardmode,General / Custom,Any / condition-defined depth,Day and night / unspecified,—,Unspecified,(!(!Main.hardMode && NPC.downedBoss3 && spawnInfo.Player.ZoneDungeon)) && (!(Main.hardMode && spawnInfo.Player.ZoneDungeon)) && (!(tsorcRevampWorld.SuperHardMode && spawnInfo.Player.ZoneDungeon)) && (!(spawnInfo.Player.ZoneGraveyard)),NPCs/Enemies/GhostFighter/GhostOfTheForgottenWarrior.cs,116
NPC Spawn Rule,Gigas,Holy Gigas,Enemies,ModNPC,Natural spawning disabled,100,—,32000,110,38,No,No,No,SpawnChance,0f,Pre-Hardmode + Hardmode + SuperHardmode,General / Custom,Any / condition-defined depth,Day and night / unspecified,—,Unspecified,Always,NPCs/Enemies/Gigas.cs,151
NPC Spawn Rule,GravelordNito,Gravelord Nito,Bosses,ModNPC,Natural spawning disabled,100f,—,4000,0,12,Yes,No,No,SpawnChance,0f,Pre-Hardmode + Hardmode + SuperHardmode,General / Custom,Any / condition-defined depth,Day and night / unspecified,—,Unspecified,Always,NPCs/Bosses/GravelordNito/GravelordNito.cs,190
NPC Spawn Rule,GreatBlackKnight,Great Black Knight,Enemies,ModNPC,Natural spawn rules,1,—,30000,100,61,No,No,No,SpawnChance,0f,Pre-Hardmode + Hardmode + SuperHardmode,General / Custom,Any / condition-defined depth,Day and night / unspecified,—,Unspecified,(spawnInfo.Player.townNPCs > 1f),NPCs/Enemies/GreatBlackKnight.cs,180
NPC Spawn Rule,GreatBlackKnight,Great Black Knight,Enemies,ModNPC,Natural spawn rules,1,—,30000,100,61,No,No,No,SpawnChance,1,Hardmode + SuperHardmode,Neutral Overworld (Forest),Surface,Night,1/250,Unspecified,(!(spawnInfo.Player.townNPCs > 1f)) && (Main.hardMode && !spawnInfo.Player.ZoneMeteor && !spawnInfo.Player.ZoneDungeon && !(spawnInfo.Player.ZoneCorrupt || spawnInfo.Player.ZoneCrimson) && spawnInfo.Player.ZoneOverworldHeight && NPC.downedBoss3 && !Main.dayTime && Main.rand.NextBool(250)),NPCs/Enemies/GreatBlackKnight.cs,181
NPC Spawn Rule,GreatBlackKnight,Great Black Knight,Enemies,ModNPC,Natural spawn rules,1,—,30000,100,61,No,No,No,SpawnChance,1,Hardmode + SuperHardmode,Dungeon,Any / condition-defined depth,Day and night / unspecified,1/100,Unspecified,(!(spawnInfo.Player.townNPCs > 1f)) && (!(Main.hardMode && !spawnInfo.Player.ZoneMeteor && !spawnInfo.Player.ZoneDungeon && !(spawnInfo.Player.ZoneCorrupt || spawnInfo.Player.ZoneCrimson) && spawnInfo.Player.ZoneOverworldHeight && NPC.downedBoss3 && !Main.dayTime && Main.rand.NextBool(250))) && (Main.hardMode && spawnInfo.Player.ZoneDungeon && Main.rand.NextBool(100)),NPCs/Enemies/GreatBlackKnight.cs,182
NPC Spawn Rule,GreatBlackKnight,Great Black Knight,Enemies,ModNPC,Natural spawn rules,1,—,30000,100,61,No,No,No,SpawnChance,1,Hardmode + SuperHardmode,General / Custom,Any / condition-defined depth,Night,1/250,Unspecified,(!(spawnInfo.Player.townNPCs > 1f)) && (!(Main.hardMode && !spawnInfo.Player.ZoneMeteor && !spawnInfo.Player.ZoneDungeon && !(spawnInfo.Player.ZoneCorrupt || spawnInfo.Player.ZoneCrimson) && spawnInfo.Player.ZoneOverworldHeight && NPC.downedBoss3 && !Main.dayTime && Main.rand.NextBool(250))) && (!(Main.hardMode && spawnInfo.Player.ZoneDungeon && Main.rand.NextBool(100))) && (Main.hardMode && !(spawnInfo.Player.ZoneCorrupt || spawnInfo.Player.ZoneCrimson) && !spawnInfo.Player.ZoneBeach && !Main.dayTime && Main.rand.NextBool(250)),NPCs/Enemies/GreatBlackKnight.cs,183
NPC Spawn Rule,GreatBlackKnight,Great Black Knight,Enemies,ModNPC,Natural spawn rules,1,—,30000,100,61,No,No,No,SpawnChance,1,Hardmode + SuperHardmode,Underworld,Underworld,Night,1/160,Unspecified,(!(spawnInfo.Player.townNPCs > 1f)) && (!(Main.hardMode && !spawnInfo.Player.ZoneMeteor && !spawnInfo.Player.ZoneDungeon && !(spawnInfo.Player.ZoneCorrupt || spawnInfo.Player.ZoneCrimson) && spawnInfo.Player.ZoneOverworldHeight && NPC.downedBoss3 && !Main.dayTime && Main.rand.NextBool(250))) && (!(Main.hardMode && spawnInfo.Player.ZoneDungeon && Main.rand.NextBool(100))) && (!(Main.hardMode && !(spawnInfo.Player.ZoneCorrupt || spawnInfo.Player.ZoneCrimson) && !spawnInfo.Player.ZoneBeach && !Main.dayTime && Main.rand.NextBool(250))) && (Main.hardMode && spawnInfo.Player.ZoneUnderworldHeight && !Main.dayTime && Main.rand.NextBool(160)),NPCs/Enemies/GreatBlackKnight.cs,184
NPC Spawn Rule,GreatBlackKnight,Great Black Knight,Enemies,ModNPC,Natural spawn rules,1,—,30000,100,61,No,No,No,SpawnChance,1,SuperHardmode,Dungeon,Any / condition-defined depth,Day and night / unspecified,1/100,Unspecified,(!(spawnInfo.Player.townNPCs > 1f)) && (!(Main.hardMode && !spawnInfo.Player.ZoneMeteor && !spawnInfo.Player.ZoneDungeon && !(spawnInfo.Player.ZoneCorrupt || spawnInfo.Player.ZoneCrimson) && spawnInfo.Player.ZoneOverworldHeight && NPC.downedBoss3 && !Main.dayTime && Main.rand.NextBool(250))) && (!(Main.hardMode && spawnInfo.Player.ZoneDungeon && Main.rand.NextBool(100))) && (!(Main.hardMode && !(spawnInfo.Player.ZoneCorrupt || spawnInfo.Player.ZoneCrimson) && !spawnInfo.Player.ZoneBeach && !Main.dayTime && Main.rand.NextBool(250))) && (!(Main.hardMode && spawnInfo.Player.ZoneUnderworldHeight && !Main.dayTime && Main.rand.NextBool(160))) && (tsorcRevampWorld.SuperHardMode && spawnInfo.Player.ZoneDungeon && Main.rand.NextBool(100)),NPCs/Enemies/GreatBlackKnight.cs,185
NPC Spawn Rule,GreatBlackKnight,Great Black Knight,Enemies,ModNPC,Natural spawn rules,1,—,30000,100,61,No,No,No,SpawnChance,0,Pre-Hardmode + Hardmode + SuperHardmode,General / Custom,Any / condition-defined depth,Day and night / unspecified,—,Unspecified,(!(spawnInfo.Player.townNPCs > 1f)) && (!(Main.hardMode && !spawnInfo.Player.ZoneMeteor && !spawnInfo.Player.ZoneDungeon && !(spawnInfo.Player.ZoneCorrupt || spawnInfo.Player.ZoneCrimson) && spawnInfo.Player.ZoneOverworldHeight && NPC.downedBoss3 && !Main.dayTime && Main.rand.NextBool(250))) && (!(Main.hardMode && spawnInfo.Player.ZoneDungeon && Main.rand.NextBool(100))) && (!(Main.hardMode && !(spawnInfo.Player.ZoneCorrupt || spawnInfo.Player.ZoneCrimson) && !spawnInfo.Player.ZoneBeach && !Main.dayTime && Main.rand.NextBool(250))) && (!(Main.hardMode && spawnInfo.Player.ZoneUnderworldHeight && !Main.dayTime && Main.rand.NextBool(160))) && (!(tsorcRevampWorld.SuperHardMode && spawnInfo.Player.ZoneDungeon && Main.rand.NextBool(100))),NPCs/Enemies/GreatBlackKnight.cs,187
NPC,GreatRedKnight,Great Red Knight,Bosses,ModNPC,No natural spawn method,5,—,30000,100,61,Yes,No,No,None,—,—,—,—,—,—,—,—,NPCs/Bosses/SuperHardMode/GreatRedKnight.cs,17
NPC,GreatRedKnightTest,Great Red Knight Test,Bosses,ModNPC,No natural spawn method,5,—,30000,100,61,Yes,No,No,None,—,—,—,—,—,—,—,—,NPCs/Bosses/SuperHardMode/GreatRedKnightTest.cs,15
NPC,GreatRedThresher,Great Red Thresher,Bosses,ModNPC,No natural spawn method,5,—,50000,—,72,Yes,No,No,None,—,—,—,—,—,—,—,—,NPCs/Bosses/GreatRedThresher.cs,14
NPC,GreatSerpentBody,Great Serpent,Bosses,ModNPC,No natural spawn method,2,—,20000,0,40,No,No,No,None,—,—,—,—,—,—,—,—,NPCs/Bosses/SuperHardMode/OolacileSerpent/GreatSerpentBody.cs,9
NPC,GreatSerpentBody2,Great Serpent,Bosses,ModNPC,No natural spawn method,2,—,20000,0,50,No,No,No,None,—,—,—,—,—,—,—,—,NPCs/Bosses/SuperHardMode/OolacileSerpent/GreatSerpentBody2.cs,9
NPC,GreatSerpentBody3,Great Serpent,Bosses,ModNPC,No natural spawn method,2,—,20000,0,50,No,No,No,None,—,—,—,—,—,—,—,—,NPCs/Bosses/SuperHardMode/OolacileSerpent/GreatSerpentBody3.cs,9
NPC,GreatSerpentHead,Great Serpent,Bosses,ModNPC,No natural spawn method,6,—,(int)(650000 * (Main.masterMode ? 1.5f : 1)),0,100,Yes,No,No,None,—,—,—,—,—,—,—,—,NPCs/Bosses/SuperHardMode/OolacileSerpent/GreatSerpentHead.cs,13
NPC,GreatSerpentTail,Great Serpent,Bosses,ModNPC,No natural spawn method,2,—,20000,0,40,No,No,No,None,—,—,—,—,—,—,—,—,NPCs/Bosses/SuperHardMode/OolacileSerpent/GreatSerpentTail.cs,9
NPC Spawn Rule,GuardianCorruptor,Guardian Corruptor,Enemies,ModNPC,Natural spawn rules,3,—,2200,42,50,No,No,No,SpawnChance,0.5f,SuperHardmode,Corruption,Surface,Night,—,Unspecified,(tsorcRevampWorld.SuperHardMode) && (spawnInfo.Player.ZoneCorrupt && spawnInfo.Player.ZoneOverworldHeight && !Main.dayTime),NPCs/Enemies/SuperHardMode/GuardianCorruptor.cs,52
NPC Spawn Rule,GuardianCorruptor,Guardian Corruptor,Enemies,ModNPC,Natural spawn rules,3,—,2200,42,50,No,No,No,SpawnChance,0.5f,SuperHardmode,Corruption,Underground or Caverns,Night,—,Unspecified,(tsorcRevampWorld.SuperHardMode) && (!(spawnInfo.Player.ZoneCorrupt && spawnInfo.Player.ZoneOverworldHeight && !Main.dayTime)) && (spawnInfo.Player.ZoneCorrupt && (spawnInfo.Player.ZoneRockLayerHeight || spawnInfo.Player.ZoneDirtLayerHeight) && !Main.dayTime),NPCs/Enemies/SuperHardMode/GuardianCorruptor.cs,52
NPC Spawn Rule,GuardianCorruptor,Guardian Corruptor,Enemies,ModNPC,Natural spawn rules,3,—,2200,42,50,No,No,No,SpawnChance,0.25f,SuperHardmode,Corruption,Any / condition-defined depth,Day and night / unspecified,—,Unspecified,(tsorcRevampWorld.SuperHardMode) && (!(spawnInfo.Player.ZoneCorrupt && spawnInfo.Player.ZoneOverworldHeight && !Main.dayTime)) && (!(spawnInfo.Player.ZoneCorrupt && (spawnInfo.Player.ZoneRockLayerHeight || spawnInfo.Player.ZoneDirtLayerHeight) && !Main.dayTime)) && (spawnInfo.Player.ZoneCorrupt),NPCs/Enemies/SuperHardMode/GuardianCorruptor.cs,52
NPC Spawn Rule,GuardianCorruptor,Guardian Corruptor,Enemies,ModNPC,Natural spawn rules,3,—,2200,42,50,No,No,No,SpawnChance,0.025f,SuperHardmode,Corruption,Any / condition-defined depth,Day and night / unspecified,—,Required,(tsorcRevampWorld.SuperHardMode) && (!(spawnInfo.Player.ZoneCorrupt && spawnInfo.Player.ZoneOverworldHeight && !Main.dayTime)) && (!(spawnInfo.Player.ZoneCorrupt && (spawnInfo.Player.ZoneRockLayerHeight || spawnInfo.Player.ZoneDirtLayerHeight) && !Main.dayTime)) && (!(spawnInfo.Player.ZoneCorrupt)) && (spawnInfo.Player.ZoneCorrupt && spawnInfo.Water),NPCs/Enemies/SuperHardMode/GuardianCorruptor.cs,52
NPC Spawn Rule,GuardianCorruptor,Guardian Corruptor,Enemies,ModNPC,Natural spawn rules,3,—,2200,42,50,No,No,No,SpawnChance,0,SuperHardmode,General / Custom,Any / condition-defined depth,Day and night / unspecified,—,Unspecified,(tsorcRevampWorld.SuperHardMode) && (!(spawnInfo.Player.ZoneCorrupt && spawnInfo.Player.ZoneOverworldHeight && !Main.dayTime)) && (!(spawnInfo.Player.ZoneCorrupt && (spawnInfo.Player.ZoneRockLayerHeight || spawnInfo.Player.ZoneDirtLayerHeight) && !Main.dayTime)) && (!(spawnInfo.Player.ZoneCorrupt)) && (!(spawnInfo.Player.ZoneCorrupt && spawnInfo.Water)),NPCs/Enemies/SuperHardMode/GuardianCorruptor.cs,52
NPC Spawn Rule,GuardianCorruptor,Guardian Corruptor,Enemies,ModNPC,Natural spawn rules,3,—,2200,42,50,No,No,No,SpawnChance,0,Pre-Hardmode + Hardmode,General / Custom,Any / condition-defined depth,Day and night / unspecified,—,Unspecified,(!(tsorcRevampWorld.SuperHardMode)),NPCs/Enemies/SuperHardMode/GuardianCorruptor.cs,52
NPC,Gwyn,"Gwyn, Lord of Cinder",Bosses,PuppetNPC,No natural spawn method,1,—,750000,0,FightableDefense,Yes,No,No,None,—,—,—,—,—,—,—,—,NPCs/Bosses/SuperHardMode/Gwyn.cs,39
NPC,GwynBossVision,Gwyn Boss Vision,Special,ModNPC,No natural spawn method,10,—,300000,—,38,No,No,No,None,—,—,—,—,—,—,—,—,NPCs/Special/GwynBossVision.cs,13
NPC,HellkiteDragonBody,Hellkite Dragon,Bosses,ModNPC,No natural spawn method,2,—,20000,93,40,No,No,No,None,—,—,—,—,—,—,—,—,NPCs/Bosses/SuperHardMode/HellkiteDragon/HellkiteDragonBody.cs,10
NPC,HellkiteDragonBody2,Hellkite Dragon,Bosses,ModNPC,No natural spawn method,2,—,20000,40,50,No,No,No,None,—,—,—,—,—,—,—,—,NPCs/Bosses/SuperHardMode/HellkiteDragon/HellkiteDragonBody2.cs,10
NPC,HellkiteDragonBody3,Hellkite Dragon,Bosses,ModNPC,No natural spawn method,2,—,20000,35,50,No,No,No,None,—,—,—,—,—,—,—,—,NPCs/Bosses/SuperHardMode/HellkiteDragon/HellkiteDragonBody3.cs,10
NPC,HellkiteDragonHead,Hellkite Dragon,Bosses,ModNPC,No natural spawn method,6,—,(int)(650000 * (Main.masterMode ? 1.5f : 1)),145,100,Yes,No,No,None,—,—,—,—,—,—,—,—,NPCs/Bosses/SuperHardMode/HellkiteDragon/HellkiteDragonHead.cs,17
NPC,HellkiteDragonLegs,Hellkite Dragon,Bosses,ModNPC,No natural spawn method,2,—,20000,45,60,No,No,No,None,—,—,—,—,—,—,—,—,NPCs/Bosses/SuperHardMode/HellkiteDragon/HellkiteDragonLegs.cs,9
NPC,HellkiteDragonTail,Hellkite Dragon,Bosses,ModNPC,No natural spawn method,2,—,20000,50,40,No,No,No,None,—,—,—,—,—,—,—,—,NPCs/Bosses/SuperHardMode/HellkiteDragon/HellkiteDragonTail.cs,9
NPC Spawn Rule,HeroofLumelia,Hero of Lumelia,Bosses,PuppetNPC,Natural spawn rules,5f,—,8000,0,75,Yes,No,No,SpawnChance,1,Hardmode,Desert,Surface,Day and night / unspecified,1/500,Unspecified,(Main.hardMode && !tsorcRevampWorld.SuperHardMode && spawnInfo.Player.ZoneOverworldHeight && spawnInfo.Player.ZoneDesert && tsorcRevampWorld.NewSlain.ContainsKey(new NPCDefinition(ModContent.NPCType<NPCs.Bosses.HeroofLumelia>())) && !(spawnInfo.Player.ZoneCorrupt || spawnInfo.Player.ZoneCrimson) && !spawnInfo.Player.ZoneBeach && Main.rand.NextBool(500)),NPCs/Bosses/HeroofLumelia.cs,200
NPC Spawn Rule,HeroofLumelia,Hero of Lumelia,Bosses,PuppetNPC,Natural spawn rules,5f,—,8000,0,75,Yes,No,No,SpawnChance,0,Pre-Hardmode + Hardmode + SuperHardmode,General / Custom,Any / condition-defined depth,Day and night / unspecified,—,Unspecified,(!(Main.hardMode && !tsorcRevampWorld.SuperHardMode && spawnInfo.Player.ZoneOverworldHeight && spawnInfo.Player.ZoneDesert && tsorcRevampWorld.NewSlain.ContainsKey(new NPCDefinition(ModContent.NPCType<NPCs.Bosses.HeroofLumelia>())) && !(spawnInfo.Player.ZoneCorrupt || spawnInfo.Player.ZoneCrimson) && !spawnInfo.Player.ZoneBeach && Main.rand.NextBool(500))),NPCs/Bosses/HeroofLumelia.cs,203
NPC Spawn Rule,HollowSoldier,Hollow Soldier,Enemies,ModNPC,Natural spawn rules,1,—,1500,58,70,No,No,No,SpawnChance,0,Pre-Hardmode + Hardmode + SuperHardmode,Snow,Any / condition-defined depth,Day and night / unspecified,—,Unspecified,(spawnInfo.Invasion || Sky(spawnInfo.Player) || spawnInfo.Player.ZoneSnow),NPCs/Enemies/HollowSoldier.cs,692
NPC Spawn Rule,HollowSoldier,Hollow Soldier,Enemies,ModNPC,Natural spawn rules,1,—,1500,58,70,No,No,No,SpawnChance,0f,Pre-Hardmode + Hardmode + SuperHardmode,General / Custom,Any / condition-defined depth,Day and night / unspecified,—,Required,(!(spawnInfo.Invasion || Sky(spawnInfo.Player) || spawnInfo.Player.ZoneSnow)) && (spawnInfo.Water),NPCs/Enemies/HollowSoldier.cs,694
NPC Spawn Rule,HollowSoldier,Hollow Soldier,Enemies,ModNPC,Natural spawn rules,1,—,1500,58,70,No,No,No,SpawnChance,0f,Pre-Hardmode + Hardmode + SuperHardmode,Glowing Mushroom,Any / condition-defined depth,Day and night / unspecified,—,Excluded,(!(spawnInfo.Invasion || Sky(spawnInfo.Player) || spawnInfo.Player.ZoneSnow)) && (!(spawnInfo.Water)) && (spawnInfo.Player.ZoneGlowshroom),NPCs/Enemies/HollowSoldier.cs,695
NPC Spawn Rule,HollowSoldier,Hollow Soldier,Enemies,ModNPC,Natural spawn rules,1,—,1500,58,70,No,No,No,SpawnChance,0f,Pre-Hardmode + Hardmode + SuperHardmode,General / Custom,Any / condition-defined depth,Day and night / unspecified,—,Excluded,(!(spawnInfo.Invasion || Sky(spawnInfo.Player) || spawnInfo.Player.ZoneSnow)) && (!(spawnInfo.Water)) && (!(spawnInfo.Player.ZoneGlowshroom)) && (spawnInfo.Player.townNPCs > 1f),NPCs/Enemies/HollowSoldier.cs,697
NPC Spawn Rule,HollowSoldier,Hollow Soldier,Enemies,ModNPC,Natural spawn rules,1,—,1500,58,70,No,No,No,SpawnChance,0.12f,Pre-Hardmode,General / Custom,Any / condition-defined depth,Day and night / unspecified,—,Excluded,(!(spawnInfo.Invasion || Sky(spawnInfo.Player) || spawnInfo.Player.ZoneSnow)) && (!(spawnInfo.Water)) && (!(spawnInfo.Player.ZoneGlowshroom)) && (!(spawnInfo.Player.townNPCs > 1f)) && (!Main.hardMode && spawnInfo.SpawnTileType == TileID.GreenDungeonBrick && !spawnInfo.Water),NPCs/Enemies/HollowSoldier.cs,699
NPC Spawn Rule,HollowSoldier,Hollow Soldier,Enemies,ModNPC,Natural spawn rules,1,—,1500,58,70,No,No,No,SpawnChance,0.12f,Pre-Hardmode,Machine Temple,Any / condition-defined depth,Day and night / unspecified,—,Excluded,"(!(spawnInfo.Invasion || Sky(spawnInfo.Player) || spawnInfo.Player.ZoneSnow)) && (!(spawnInfo.Water)) && (!(spawnInfo.Player.ZoneGlowshroom)) && (!(spawnInfo.Player.townNPCs > 1f)) && (!(!Main.hardMode && spawnInfo.SpawnTileType == TileID.GreenDungeonBrick && !spawnInfo.Water)) && (!spawnInfo.Water && (Main.tile[spawnInfo.SpawnTileX, spawnInfo.SpawnTileY].WallType == WallID.GreenDungeonSlabUnsafe || Main.tile[spawnInfo.SpawnTileX, spawnInfo.SpawnTileY].WallType == WallID.GreenDungeonUnsafe) && !Main.hardMode && !tsorcRevampWorld.SuperHardMode)",NPCs/Enemies/HollowSoldier.cs,700
NPC Spawn Rule,HollowSoldier,Hollow Soldier,Enemies,ModNPC,Natural spawn rules,1,—,1500,58,70,No,No,No,SpawnChance,0.2f,Hardmode + SuperHardmode,Machine Temple,Any / condition-defined depth,Day and night / unspecified,—,Excluded,"(!(spawnInfo.Invasion || Sky(spawnInfo.Player) || spawnInfo.Player.ZoneSnow)) && (!(spawnInfo.Water)) && (!(spawnInfo.Player.ZoneGlowshroom)) && (!(spawnInfo.Player.townNPCs > 1f)) && (!(!Main.hardMode && spawnInfo.SpawnTileType == TileID.GreenDungeonBrick && !spawnInfo.Water)) && (!(!spawnInfo.Water && (Main.tile[spawnInfo.SpawnTileX, spawnInfo.SpawnTileY].WallType == WallID.GreenDungeonSlabUnsafe || Main.tile[spawnInfo.SpawnTileX, spawnInfo.SpawnTileY].WallType == WallID.GreenDungeonUnsafe) && !Main.hardMode && !tsorcRevampWorld.SuperHardMode)) && (Main.hardMode && spawnInfo.Lihzahrd)",NPCs/Enemies/HollowSoldier.cs,701
NPC Spawn Rule,HollowSoldier,Hollow Soldier,Enemies,ModNPC,Natural spawn rules,1,—,1500,58,70,No,No,No,SpawnChance,0.02f,Hardmode + SuperHardmode,Machine Temple,Caverns,Day and night / unspecified,—,Excluded,"(!(spawnInfo.Invasion || Sky(spawnInfo.Player) || spawnInfo.Player.ZoneSnow)) && (!(spawnInfo.Water)) && (!(spawnInfo.Player.ZoneGlowshroom)) && (!(spawnInfo.Player.townNPCs > 1f)) && (!(!Main.hardMode && spawnInfo.SpawnTileType == TileID.GreenDungeonBrick && !spawnInfo.Water)) && (!(!spawnInfo.Water && (Main.tile[spawnInfo.SpawnTileX, spawnInfo.SpawnTileY].WallType == WallID.GreenDungeonSlabUnsafe || Main.tile[spawnInfo.SpawnTileX, spawnInfo.SpawnTileY].WallType == WallID.GreenDungeonUnsafe) && !Main.hardMode && !tsorcRevampWorld.SuperHardMode)) && (!(Main.hardMode && spawnInfo.Lihzahrd)) && (Main.hardMode && spawnInfo.Player.ZoneNormalCaverns && !spawnInfo.Water)",NPCs/Enemies/HollowSoldier.cs,702
NPC Spawn Rule,HollowSoldier,Hollow Soldier,Enemies,ModNPC,Natural spawn rules,1,—,1500,58,70,No,No,No,SpawnChance,0.05f,Hardmode + SuperHardmode,Machine Temple,Surface,Day and night / unspecified,—,Excluded,"(!(spawnInfo.Invasion || Sky(spawnInfo.Player) || spawnInfo.Player.ZoneSnow)) && (!(spawnInfo.Water)) && (!(spawnInfo.Player.ZoneGlowshroom)) && (!(spawnInfo.Player.townNPCs > 1f)) && (!(!Main.hardMode && spawnInfo.SpawnTileType == TileID.GreenDungeonBrick && !spawnInfo.Water)) && (!(!spawnInfo.Water && (Main.tile[spawnInfo.SpawnTileX, spawnInfo.SpawnTileY].WallType == WallID.GreenDungeonSlabUnsafe || Main.tile[spawnInfo.SpawnTileX, spawnInfo.SpawnTileY].WallType == WallID.GreenDungeonUnsafe) && !Main.hardMode && !tsorcRevampWorld.SuperHardMode)) && (!(Main.hardMode && spawnInfo.Lihzahrd)) && (!(Main.hardMode && spawnInfo.Player.ZoneNormalCaverns && !spawnInfo.Water)) && (Main.hardMode && spawnInfo.Player.ZoneDesert && spawnInfo.Player.ZoneOverworldHeight && !spawnInfo.Water)",NPCs/Enemies/HollowSoldier.cs,703
NPC Spawn Rule,HollowSoldier,Hollow Soldier,Enemies,ModNPC,Natural spawn rules,1,—,1500,58,70,No,No,No,SpawnChance,0.07f,Hardmode + SuperHardmode,Machine Temple,Any / condition-defined depth,Day and night / unspecified,—,Excluded,"(!(spawnInfo.Invasion || Sky(spawnInfo.Player) || spawnInfo.Player.ZoneSnow)) && (!(spawnInfo.Water)) && (!(spawnInfo.Player.ZoneGlowshroom)) && (!(spawnInfo.Player.townNPCs > 1f)) && (!(!Main.hardMode && spawnInfo.SpawnTileType == TileID.GreenDungeonBrick && !spawnInfo.Water)) && (!(!spawnInfo.Water && (Main.tile[spawnInfo.SpawnTileX, spawnInfo.SpawnTileY].WallType == WallID.GreenDungeonSlabUnsafe || Main.tile[spawnInfo.SpawnTileX, spawnInfo.SpawnTileY].WallType == WallID.GreenDungeonUnsafe) && !Main.hardMode && !tsorcRevampWorld.SuperHardMode)) && (!(Main.hardMode && spawnInfo.Lihzahrd)) && (!(Main.hardMode && spawnInfo.Player.ZoneNormalCaverns && !spawnInfo.Water)) && (!(Main.hardMode && spawnInfo.Player.ZoneDesert && spawnInfo.Player.ZoneOverworldHeight && !spawnInfo.Water)) && (Main.hardMode && spawnInfo.Player.ZoneUndergroundDesert && !spawnInfo.Water)",NPCs/Enemies/HollowSoldier.cs,704
NPC Spawn Rule,HollowSoldier,Hollow Soldier,Enemies,ModNPC,Natural spawn rules,1,—,1500,58,70,No,No,No,SpawnChance,0.18f,Hardmode + SuperHardmode,Machine Temple,Any / condition-defined depth,Day and night / unspecified,—,Excluded,"(!(spawnInfo.Invasion || Sky(spawnInfo.Player) || spawnInfo.Player.ZoneSnow)) && (!(spawnInfo.Water)) && (!(spawnInfo.Player.ZoneGlowshroom)) && (!(spawnInfo.Player.townNPCs > 1f)) && (!(!Main.hardMode && spawnInfo.SpawnTileType == TileID.GreenDungeonBrick && !spawnInfo.Water)) && (!(!spawnInfo.Water && (Main.tile[spawnInfo.SpawnTileX, spawnInfo.SpawnTileY].WallType == WallID.GreenDungeonSlabUnsafe || Main.tile[spawnInfo.SpawnTileX, spawnInfo.SpawnTileY].WallType == WallID.GreenDungeonUnsafe) && !Main.hardMode && !tsorcRevampWorld.SuperHardMode)) && (!(Main.hardMode && spawnInfo.Lihzahrd)) && (!(Main.hardMode && spawnInfo.Player.ZoneNormalCaverns && !spawnInfo.Water)) && (!(Main.hardMode && spawnInfo.Player.ZoneDesert && spawnInfo.Player.ZoneOverworldHeight && !spawnInfo.Water)) && (!(Main.hardMode && spawnInfo.Player.ZoneUndergroundDesert && !spawnInfo.Water)) && (Main.hardMode && spawnInfo.SpawnTileType == TileID.BlueDungeonBrick && !spawnInfo.Water)",NPCs/Enemies/HollowSoldier.cs,705
NPC Spawn Rule,HollowSoldier,Hollow Soldier,Enemies,ModNPC,Natural spawn rules,1,—,1500,58,70,No,No,No,SpawnChance,0.15f,Hardmode + SuperHardmode,Machine Temple,Any / condition-defined depth,Day and night / unspecified,—,Excluded,"(!(spawnInfo.Invasion || Sky(spawnInfo.Player) || spawnInfo.Player.ZoneSnow)) && (!(spawnInfo.Water)) && (!(spawnInfo.Player.ZoneGlowshroom)) && (!(spawnInfo.Player.townNPCs > 1f)) && (!(!Main.hardMode && spawnInfo.SpawnTileType == TileID.GreenDungeonBrick && !spawnInfo.Water)) && (!(!spawnInfo.Water && (Main.tile[spawnInfo.SpawnTileX, spawnInfo.SpawnTileY].WallType == WallID.GreenDungeonSlabUnsafe || Main.tile[spawnInfo.SpawnTileX, spawnInfo.SpawnTileY].WallType == WallID.GreenDungeonUnsafe) && !Main.hardMode && !tsorcRevampWorld.SuperHardMode)) && (!(Main.hardMode && spawnInfo.Lihzahrd)) && (!(Main.hardMode && spawnInfo.Player.ZoneNormalCaverns && !spawnInfo.Water)) && (!(Main.hardMode && spawnInfo.Player.ZoneDesert && spawnInfo.Player.ZoneOverworldHeight && !spawnInfo.Water)) && (!(Main.hardMode && spawnInfo.Player.ZoneUndergroundDesert && !spawnInfo.Water)) && (!(Main.hardMode && spawnInfo.SpawnTileType == TileID.BlueDungeonBrick && !spawnInfo.Water)) && (Main.hardMode && spawnInfo.SpawnTileType == TileID.TungstenBrick && !spawnInfo.Water)",NPCs/Enemies/HollowSoldier.cs,706
NPC Spawn Rule,HollowSoldier,Hollow Soldier,Enemies,ModNPC,Natural spawn rules,1,—,1500,58,70,No,No,No,SpawnChance,0.23f,SuperHardmode,Machine Temple,Any / condition-defined depth,Day and night / unspecified,—,Excluded,"(!(spawnInfo.Invasion || Sky(spawnInfo.Player) || spawnInfo.Player.ZoneSnow)) && (!(spawnInfo.Water)) && (!(spawnInfo.Player.ZoneGlowshroom)) && (!(spawnInfo.Player.townNPCs > 1f)) && (!(!Main.hardMode && spawnInfo.SpawnTileType == TileID.GreenDungeonBrick && !spawnInfo.Water)) && (!(!spawnInfo.Water && (Main.tile[spawnInfo.SpawnTileX, spawnInfo.SpawnTileY].WallType == WallID.GreenDungeonSlabUnsafe || Main.tile[spawnInfo.SpawnTileX, spawnInfo.SpawnTileY].WallType == WallID.GreenDungeonUnsafe) && !Main.hardMode && !tsorcRevampWorld.SuperHardMode)) && (!(Main.hardMode && spawnInfo.Lihzahrd)) && (!(Main.hardMode && spawnInfo.Player.ZoneNormalCaverns && !spawnInfo.Water)) && (!(Main.hardMode && spawnInfo.Player.ZoneDesert && spawnInfo.Player.ZoneOverworldHeight && !spawnInfo.Water)) && (!(Main.hardMode && spawnInfo.Player.ZoneUndergroundDesert && !spawnInfo.Water)) && (!(Main.hardMode && spawnInfo.SpawnTileType == TileID.BlueDungeonBrick && !spawnInfo.Water)) && (!(Main.hardMode && spawnInfo.SpawnTileType == TileID.TungstenBrick && !spawnInfo.Water)) && (tsorcRevampWorld.SuperHardMode && !((spawnInfo.SpawnTileX < 800 || (spawnInfo.SpawnTileX > (Main.maxTilesX - 800))) || spawnInfo.Player.ZoneJungle || spawnInfo.Player.ZoneCorrupt || spawnInfo.Player.ZoneCrimson || spawnInfo.Player.ZoneUnderworldHeight))",NPCs/Enemies/HollowSoldier.cs,708
NPC Spawn Rule,HollowSoldier,Hollow Soldier,Enemies,ModNPC,Natural spawn rules,1,—,1500,58,70,No,No,No,SpawnChance,0.25f,SuperHardmode,Machine Temple,Surface,Day and night / unspecified,—,Excluded,"(!(spawnInfo.Invasion || Sky(spawnInfo.Player) || spawnInfo.Player.ZoneSnow)) && (!(spawnInfo.Water)) && (!(spawnInfo.Player.ZoneGlowshroom)) && (!(spawnInfo.Player.townNPCs > 1f)) && (!(!Main.hardMode && spawnInfo.SpawnTileType == TileID.GreenDungeonBrick && !spawnInfo.Water)) && (!(!spawnInfo.Water && (Main.tile[spawnInfo.SpawnTileX, spawnInfo.SpawnTileY].WallType == WallID.GreenDungeonSlabUnsafe || Main.tile[spawnInfo.SpawnTileX, spawnInfo.SpawnTileY].WallType == WallID.GreenDungeonUnsafe) && !Main.hardMode && !tsorcRevampWorld.SuperHardMode)) && (!(Main.hardMode && spawnInfo.Lihzahrd)) && (!(Main.hardMode && spawnInfo.Player.ZoneNormalCaverns && !spawnInfo.Water)) && (!(Main.hardMode && spawnInfo.Player.ZoneDesert && spawnInfo.Player.ZoneOverworldHeight && !spawnInfo.Water)) && (!(Main.hardMode && spawnInfo.Player.ZoneUndergroundDesert && !spawnInfo.Water)) && (!(Main.hardMode && spawnInfo.SpawnTileType == TileID.BlueDungeonBrick && !spawnInfo.Water)) && (!(Main.hardMode && spawnInfo.SpawnTileType == TileID.TungstenBrick && !spawnInfo.Water)) && (!(tsorcRevampWorld.SuperHardMode && !((spawnInfo.SpawnTileX < 800 || (spawnInfo.SpawnTileX > (Main.maxTilesX - 800))) || spawnInfo.Player.ZoneJungle || spawnInfo.Player.ZoneCorrupt || spawnInfo.Player.ZoneCrimson || spawnInfo.Player.ZoneUnderworldHeight))) && (tsorcRevampWorld.SuperHardMode && spawnInfo.Player.ZoneOverworldHeight && !((spawnInfo.SpawnTileX < 800 || (spawnInfo.SpawnTileX > (Main.maxTilesX - 800))) || spawnInfo.Player.ZoneJungle || spawnInfo.Player.ZoneCorrupt || spawnInfo.Player.ZoneCrimson))",NPCs/Enemies/HollowSoldier.cs,709
NPC Spawn Rule,HollowSoldier,Hollow Soldier,Enemies,ModNPC,Natural spawn rules,1,—,1500,58,70,No,No,No,SpawnChance,0.13f,SuperHardmode,Machine Temple,Any / condition-defined depth,Day and night / unspecified,—,Excluded,"(!(spawnInfo.Invasion || Sky(spawnInfo.Player) || spawnInfo.Player.ZoneSnow)) && (!(spawnInfo.Water)) && (!(spawnInfo.Player.ZoneGlowshroom)) && (!(spawnInfo.Player.townNPCs > 1f)) && (!(!Main.hardMode && spawnInfo.SpawnTileType == TileID.GreenDungeonBrick && !spawnInfo.Water)) && (!(!spawnInfo.Water && (Main.tile[spawnInfo.SpawnTileX, spawnInfo.SpawnTileY].WallType == WallID.GreenDungeonSlabUnsafe || Main.tile[spawnInfo.SpawnTileX, spawnInfo.SpawnTileY].WallType == WallID.GreenDungeonUnsafe) && !Main.hardMode && !tsorcRevampWorld.SuperHardMode)) && (!(Main.hardMode && spawnInfo.Lihzahrd)) && (!(Main.hardMode && spawnInfo.Player.ZoneNormalCaverns && !spawnInfo.Water)) && (!(Main.hardMode && spawnInfo.Player.ZoneDesert && spawnInfo.Player.ZoneOverworldHeight && !spawnInfo.Water)) && (!(Main.hardMode && spawnInfo.Player.ZoneUndergroundDesert && !spawnInfo.Water)) && (!(Main.hardMode && spawnInfo.SpawnTileType == TileID.BlueDungeonBrick && !spawnInfo.Water)) && (!(Main.hardMode && spawnInfo.SpawnTileType == TileID.TungstenBrick && !spawnInfo.Water)) && (!(tsorcRevampWorld.SuperHardMode && !((spawnInfo.SpawnTileX < 800 || (spawnInfo.SpawnTileX > (Main.maxTilesX - 800))) || spawnInfo.Player.ZoneJungle || spawnInfo.Player.ZoneCorrupt || spawnInfo.Player.ZoneCrimson || spawnInfo.Player.ZoneUnderworldHeight))) && (!(tsorcRevampWorld.SuperHardMode && spawnInfo.Player.ZoneOverworldHeight && !((spawnInfo.SpawnTileX < 800 || (spawnInfo.SpawnTileX > (Main.maxTilesX - 800))) || spawnInfo.Player.ZoneJungle || spawnInfo.Player.ZoneCorrupt || spawnInfo.Player.ZoneCrimson))) && (tsorcRevampWorld.SuperHardMode && spawnInfo.Player.ZoneDesert)",NPCs/Enemies/HollowSoldier.cs,710
NPC Spawn Rule,HollowSoldier,Hollow Soldier,Enemies,ModNPC,Natural spawn rules,1,—,1500,58,70,No,No,No,SpawnChance,0.16f,SuperHardmode,Machine Temple,Any / condition-defined depth,Day and night / unspecified,—,Excluded,"(!(spawnInfo.Invasion || Sky(spawnInfo.Player) || spawnInfo.Player.ZoneSnow)) && (!(spawnInfo.Water)) && (!(spawnInfo.Player.ZoneGlowshroom)) && (!(spawnInfo.Player.townNPCs > 1f)) && (!(!Main.hardMode && spawnInfo.SpawnTileType == TileID.GreenDungeonBrick && !spawnInfo.Water)) && (!(!spawnInfo.Water && (Main.tile[spawnInfo.SpawnTileX, spawnInfo.SpawnTileY].WallType == WallID.GreenDungeonSlabUnsafe || Main.tile[spawnInfo.SpawnTileX, spawnInfo.SpawnTileY].WallType == WallID.GreenDungeonUnsafe) && !Main.hardMode && !tsorcRevampWorld.SuperHardMode)) && (!(Main.hardMode && spawnInfo.Lihzahrd)) && (!(Main.hardMode && spawnInfo.Player.ZoneNormalCaverns && !spawnInfo.Water)) && (!(Main.hardMode && spawnInfo.Player.ZoneDesert && spawnInfo.Player.ZoneOverworldHeight && !spawnInfo.Water)) && (!(Main.hardMode && spawnInfo.Player.ZoneUndergroundDesert && !spawnInfo.Water)) && (!(Main.hardMode && spawnInfo.SpawnTileType == TileID.BlueDungeonBrick && !spawnInfo.Water)) && (!(Main.hardMode && spawnInfo.SpawnTileType == TileID.TungstenBrick && !spawnInfo.Water)) && (!(tsorcRevampWorld.SuperHardMode && !((spawnInfo.SpawnTileX < 800 || (spawnInfo.SpawnTileX > (Main.maxTilesX - 800))) || spawnInfo.Player.ZoneJungle || spawnInfo.Player.ZoneCorrupt || spawnInfo.Player.ZoneCrimson || spawnInfo.Player.ZoneUnderworldHeight))) && (!(tsorcRevampWorld.SuperHardMode && spawnInfo.Player.ZoneOverworldHeight && !((spawnInfo.SpawnTileX < 800 || (spawnInfo.SpawnTileX > (Main.maxTilesX - 800))) || spawnInfo.Player.ZoneJungle || spawnInfo.Player.ZoneCorrupt || spawnInfo.Player.ZoneCrimson))) && (!(tsorcRevampWorld.SuperHardMode && spawnInfo.Player.ZoneDesert)) && (tsorcRevampWorld.SuperHardMode && spawnInfo.Player.ZoneDungeon && !spawnInfo.Player.ZoneUnderworldHeight)",NPCs/Enemies/HollowSoldier.cs,711
NPC Spawn Rule,HollowSoldier,Hollow Soldier,Enemies,ModNPC,Natural spawn rules,1,—,1500,58,70,No,No,No,SpawnChance,0.03f,Pre-Hardmode + Hardmode + SuperHardmode,Machine Temple,Surface,Day and night / unspecified,—,Excluded,"(!(spawnInfo.Invasion || Sky(spawnInfo.Player) || spawnInfo.Player.ZoneSnow)) && (!(spawnInfo.Water)) && (!(spawnInfo.Player.ZoneGlowshroom)) && (!(spawnInfo.Player.townNPCs > 1f)) && (!(!Main.hardMode && spawnInfo.SpawnTileType == TileID.GreenDungeonBrick && !spawnInfo.Water)) && (!(!spawnInfo.Water && (Main.tile[spawnInfo.SpawnTileX, spawnInfo.SpawnTileY].WallType == WallID.GreenDungeonSlabUnsafe || Main.tile[spawnInfo.SpawnTileX, spawnInfo.SpawnTileY].WallType == WallID.GreenDungeonUnsafe) && !Main.hardMode && !tsorcRevampWorld.SuperHardMode)) && (!(Main.hardMode && spawnInfo.Lihzahrd)) && (!(Main.hardMode && spawnInfo.Player.ZoneNormalCaverns && !spawnInfo.Water)) && (!(Main.hardMode && spawnInfo.Player.ZoneDesert && spawnInfo.Player.ZoneOverworldHeight && !spawnInfo.Water)) && (!(Main.hardMode && spawnInfo.Player.ZoneUndergroundDesert && !spawnInfo.Water)) && (!(Main.hardMode && spawnInfo.SpawnTileType == TileID.BlueDungeonBrick && !spawnInfo.Water)) && (!(Main.hardMode && spawnInfo.SpawnTileType == TileID.TungstenBrick && !spawnInfo.Water)) && (!(tsorcRevampWorld.SuperHardMode && !((spawnInfo.SpawnTileX < 800 || (spawnInfo.SpawnTileX > (Main.maxTilesX - 800))) || spawnInfo.Player.ZoneJungle || spawnInfo.Player.ZoneCorrupt || spawnInfo.Player.ZoneCrimson || spawnInfo.Player.ZoneUnderworldHeight))) && (!(tsorcRevampWorld.SuperHardMode && spawnInfo.Player.ZoneOverworldHeight && !((spawnInfo.SpawnTileX < 800 || (spawnInfo.SpawnTileX > (Main.maxTilesX - 800))) || spawnInfo.Player.ZoneJungle || spawnInfo.Player.ZoneCorrupt || spawnInfo.Player.ZoneCrimson))) && (!(tsorcRevampWorld.SuperHardMode && spawnInfo.Player.ZoneDesert)) && (!(tsorcRevampWorld.SuperHardMode && spawnInfo.Player.ZoneDungeon && !spawnInfo.Player.ZoneUnderworldHeight)) && (Main.expertMode && Main.bloodMoon && spawnInfo.Player.ZoneOverworldHeight && (NPC.downedBoss2 || NPC.downedBoss3))",NPCs/Enemies/HollowSoldier.cs,713
NPC Spawn Rule,HollowSoldier,Hollow Soldier,Enemies,ModNPC,Natural spawn rules,1,—,1500,58,70,No,No,No,SpawnChance,0.03f,Pre-Hardmode + Hardmode + SuperHardmode,Machine Temple,Any / condition-defined depth,Day and night / unspecified,—,Excluded,"(!(spawnInfo.Invasion || Sky(spawnInfo.Player) || spawnInfo.Player.ZoneSnow)) && (!(spawnInfo.Water)) && (!(spawnInfo.Player.ZoneGlowshroom)) && (!(spawnInfo.Player.townNPCs > 1f)) && (!(!Main.hardMode && spawnInfo.SpawnTileType == TileID.GreenDungeonBrick && !spawnInfo.Water)) && (!(!spawnInfo.Water && (Main.tile[spawnInfo.SpawnTileX, spawnInfo.SpawnTileY].WallType == WallID.GreenDungeonSlabUnsafe || Main.tile[spawnInfo.SpawnTileX, spawnInfo.SpawnTileY].WallType == WallID.GreenDungeonUnsafe) && !Main.hardMode && !tsorcRevampWorld.SuperHardMode)) && (!(Main.hardMode && spawnInfo.Lihzahrd)) && (!(Main.hardMode && spawnInfo.Player.ZoneNormalCaverns && !spawnInfo.Water)) && (!(Main.hardMode && spawnInfo.Player.ZoneDesert && spawnInfo.Player.ZoneOverworldHeight && !spawnInfo.Water)) && (!(Main.hardMode && spawnInfo.Player.ZoneUndergroundDesert && !spawnInfo.Water)) && (!(Main.hardMode && spawnInfo.SpawnTileType == TileID.BlueDungeonBrick && !spawnInfo.Water)) && (!(Main.hardMode && spawnInfo.SpawnTileType == TileID.TungstenBrick && !spawnInfo.Water)) && (!(tsorcRevampWorld.SuperHardMode && !((spawnInfo.SpawnTileX < 800 || (spawnInfo.SpawnTileX > (Main.maxTilesX - 800))) || spawnInfo.Player.ZoneJungle || spawnInfo.Player.ZoneCorrupt || spawnInfo.Player.ZoneCrimson || spawnInfo.Player.ZoneUnderworldHeight))) && (!(tsorcRevampWorld.SuperHardMode && spawnInfo.Player.ZoneOverworldHeight && !((spawnInfo.SpawnTileX < 800 || (spawnInfo.SpawnTileX > (Main.maxTilesX - 800))) || spawnInfo.Player.ZoneJungle || spawnInfo.Player.ZoneCorrupt || spawnInfo.Player.ZoneCrimson))) && (!(tsorcRevampWorld.SuperHardMode && spawnInfo.Player.ZoneDesert)) && (!(tsorcRevampWorld.SuperHardMode && spawnInfo.Player.ZoneDungeon && !spawnInfo.Player.ZoneUnderworldHeight)) && (!(Main.expertMode && Main.bloodMoon && spawnInfo.Player.ZoneOverworldHeight && (NPC.downedBoss2 || NPC.downedBoss3))) && (Main.expertMode && Main.bloodMoon && (NPC.downedBoss2 || NPC.downedBoss3))",NPCs/Enemies/HollowSoldier.cs,715
NPC Spawn Rule,HollowSoldier,Hollow Soldier,Enemies,ModNPC,Natural spawn rules,1,—,1500,58,70,No,No,No,SpawnChance,0.035f,Pre-Hardmode + Hardmode + SuperHardmode,Machine Temple,Surface,Day,—,Excluded,"(!(spawnInfo.Invasion || Sky(spawnInfo.Player) || spawnInfo.Player.ZoneSnow)) && (!(spawnInfo.Water)) && (!(spawnInfo.Player.ZoneGlowshroom)) && (!(spawnInfo.Player.townNPCs > 1f)) && (!(!Main.hardMode && spawnInfo.SpawnTileType == TileID.GreenDungeonBrick && !spawnInfo.Water)) && (!(!spawnInfo.Water && (Main.tile[spawnInfo.SpawnTileX, spawnInfo.SpawnTileY].WallType == WallID.GreenDungeonSlabUnsafe || Main.tile[spawnInfo.SpawnTileX, spawnInfo.SpawnTileY].WallType == WallID.GreenDungeonUnsafe) && !Main.hardMode && !tsorcRevampWorld.SuperHardMode)) && (!(Main.hardMode && spawnInfo.Lihzahrd)) && (!(Main.hardMode && spawnInfo.Player.ZoneNormalCaverns && !spawnInfo.Water)) && (!(Main.hardMode && spawnInfo.Player.ZoneDesert && spawnInfo.Player.ZoneOverworldHeight && !spawnInfo.Water)) && (!(Main.hardMode && spawnInfo.Player.ZoneUndergroundDesert && !spawnInfo.Water)) && (!(Main.hardMode && spawnInfo.SpawnTileType == TileID.BlueDungeonBrick && !spawnInfo.Water)) && (!(Main.hardMode && spawnInfo.SpawnTileType == TileID.TungstenBrick && !spawnInfo.Water)) && (!(tsorcRevampWorld.SuperHardMode && !((spawnInfo.SpawnTileX < 800 || (spawnInfo.SpawnTileX > (Main.maxTilesX - 800))) || spawnInfo.Player.ZoneJungle || spawnInfo.Player.ZoneCorrupt || spawnInfo.Player.ZoneCrimson || spawnInfo.Player.ZoneUnderworldHeight))) && (!(tsorcRevampWorld.SuperHardMode && spawnInfo.Player.ZoneOverworldHeight && !((spawnInfo.SpawnTileX < 800 || (spawnInfo.SpawnTileX > (Main.maxTilesX - 800))) || spawnInfo.Player.ZoneJungle || spawnInfo.Player.ZoneCorrupt || spawnInfo.Player.ZoneCrimson))) && (!(tsorcRevampWorld.SuperHardMode && spawnInfo.Player.ZoneDesert)) && (!(tsorcRevampWorld.SuperHardMode && spawnInfo.Player.ZoneDungeon && !spawnInfo.Player.ZoneUnderworldHeight)) && (!(Main.expertMode && Main.bloodMoon && spawnInfo.Player.ZoneOverworldHeight && (NPC.downedBoss2 || NPC.downedBoss3))) && (!(Main.expertMode && Main.bloodMoon && (NPC.downedBoss2 || NPC.downedBoss3))) && ((NPC.downedBoss2 || NPC.downedBoss3) && spawnInfo.Player.ZoneOverworldHeight && Main.dayTime && !((spawnInfo.SpawnTileX < 800 || (spawnInfo.SpawnTileX > (Main.maxTilesX - 800))) || spawnInfo.Player.ZoneCorrupt || spawnInfo.Player.ZoneCrimson))",NPCs/Enemies/HollowSoldier.cs,717
NPC Spawn Rule,HollowSoldier,Hollow Soldier,Enemies,ModNPC,Natural spawn rules,1,—,1500,58,70,No,No,No,SpawnChance,0.075f,Pre-Hardmode + Hardmode + SuperHardmode,Machine Temple,Surface,Night,—,Excluded,"(!(spawnInfo.Invasion || Sky(spawnInfo.Player) || spawnInfo.Player.ZoneSnow)) && (!(spawnInfo.Water)) && (!(spawnInfo.Player.ZoneGlowshroom)) && (!(spawnInfo.Player.townNPCs > 1f)) && (!(!Main.hardMode && spawnInfo.SpawnTileType == TileID.GreenDungeonBrick && !spawnInfo.Water)) && (!(!spawnInfo.Water && (Main.tile[spawnInfo.SpawnTileX, spawnInfo.SpawnTileY].WallType == WallID.GreenDungeonSlabUnsafe || Main.tile[spawnInfo.SpawnTileX, spawnInfo.SpawnTileY].WallType == WallID.GreenDungeonUnsafe) && !Main.hardMode && !tsorcRevampWorld.SuperHardMode)) && (!(Main.hardMode && spawnInfo.Lihzahrd)) && (!(Main.hardMode && spawnInfo.Player.ZoneNormalCaverns && !spawnInfo.Water)) && (!(Main.hardMode && spawnInfo.Player.ZoneDesert && spawnInfo.Player.ZoneOverworldHeight && !spawnInfo.Water)) && (!(Main.hardMode && spawnInfo.Player.ZoneUndergroundDesert && !spawnInfo.Water)) && (!(Main.hardMode && spawnInfo.SpawnTileType == TileID.BlueDungeonBrick && !spawnInfo.Water)) && (!(Main.hardMode && spawnInfo.SpawnTileType == TileID.TungstenBrick && !spawnInfo.Water)) && (!(tsorcRevampWorld.SuperHardMode && !((spawnInfo.SpawnTileX < 800 || (spawnInfo.SpawnTileX > (Main.maxTilesX - 800))) || spawnInfo.Player.ZoneJungle || spawnInfo.Player.ZoneCorrupt || spawnInfo.Player.ZoneCrimson || spawnInfo.Player.ZoneUnderworldHeight))) && (!(tsorcRevampWorld.SuperHardMode && spawnInfo.Player.ZoneOverworldHeight && !((spawnInfo.SpawnTileX < 800 || (spawnInfo.SpawnTileX > (Main.maxTilesX - 800))) || spawnInfo.Player.ZoneJungle || spawnInfo.Player.ZoneCorrupt || spawnInfo.Player.ZoneCrimson))) && (!(tsorcRevampWorld.SuperHardMode && spawnInfo.Player.ZoneDesert)) && (!(tsorcRevampWorld.SuperHardMode && spawnInfo.Player.ZoneDungeon && !spawnInfo.Player.ZoneUnderworldHeight)) && (!(Main.expertMode && Main.bloodMoon && spawnInfo.Player.ZoneOverworldHeight && (NPC.downedBoss2 || NPC.downedBoss3))) && (!(Main.expertMode && Main.bloodMoon && (NPC.downedBoss2 || NPC.downedBoss3))) && (!((NPC.downedBoss2 || NPC.downedBoss3) && spawnInfo.Player.ZoneOverworldHeight && Main.dayTime && !((spawnInfo.SpawnTileX < 800 || (spawnInfo.SpawnTileX > (Main.maxTilesX - 800))) || spawnInfo.Player.ZoneCorrupt || spawnInfo.Player.ZoneCrimson))) && ((NPC.downedBoss2 || NPC.downedBoss3) && spawnInfo.Player.ZoneOverworldHeight && !Main.dayTime && !((spawnInfo.SpawnTileX < 800 || (spawnInfo.SpawnTileX > (Main.maxTilesX - 800))) || spawnInfo.Player.ZoneCorrupt || spawnInfo.Player.ZoneCrimson))",NPCs/Enemies/HollowSoldier.cs,718
NPC Spawn Rule,HollowSoldier,Hollow Soldier,Enemies,ModNPC,Natural spawn rules,1,—,1500,58,70,No,No,No,SpawnChance,0.06f,Pre-Hardmode + Hardmode + SuperHardmode,Machine Temple,Underground or Caverns,Day,—,Excluded,"(!(spawnInfo.Invasion || Sky(spawnInfo.Player) || spawnInfo.Player.ZoneSnow)) && (!(spawnInfo.Water)) && (!(spawnInfo.Player.ZoneGlowshroom)) && (!(spawnInfo.Player.townNPCs > 1f)) && (!(!Main.hardMode && spawnInfo.SpawnTileType == TileID.GreenDungeonBrick && !spawnInfo.Water)) && (!(!spawnInfo.Water && (Main.tile[spawnInfo.SpawnTileX, spawnInfo.SpawnTileY].WallType == WallID.GreenDungeonSlabUnsafe || Main.tile[spawnInfo.SpawnTileX, spawnInfo.SpawnTileY].WallType == WallID.GreenDungeonUnsafe) && !Main.hardMode && !tsorcRevampWorld.SuperHardMode)) && (!(Main.hardMode && spawnInfo.Lihzahrd)) && (!(Main.hardMode && spawnInfo.Player.ZoneNormalCaverns && !spawnInfo.Water)) && (!(Main.hardMode && spawnInfo.Player.ZoneDesert && spawnInfo.Player.ZoneOverworldHeight && !spawnInfo.Water)) && (!(Main.hardMode && spawnInfo.Player.ZoneUndergroundDesert && !spawnInfo.Water)) && (!(Main.hardMode && spawnInfo.SpawnTileType == TileID.BlueDungeonBrick && !spawnInfo.Water)) && (!(Main.hardMode && spawnInfo.SpawnTileType == TileID.TungstenBrick && !spawnInfo.Water)) && (!(tsorcRevampWorld.SuperHardMode && !((spawnInfo.SpawnTileX < 800 || (spawnInfo.SpawnTileX > (Main.maxTilesX - 800))) || spawnInfo.Player.ZoneJungle || spawnInfo.Player.ZoneCorrupt || spawnInfo.Player.ZoneCrimson || spawnInfo.Player.ZoneUnderworldHeight))) && (!(tsorcRevampWorld.SuperHardMode && spawnInfo.Player.ZoneOverworldHeight && !((spawnInfo.SpawnTileX < 800 || (spawnInfo.SpawnTileX > (Main.maxTilesX - 800))) || spawnInfo.Player.ZoneJungle || spawnInfo.Player.ZoneCorrupt || spawnInfo.Player.ZoneCrimson))) && (!(tsorcRevampWorld.SuperHardMode && spawnInfo.Player.ZoneDesert)) && (!(tsorcRevampWorld.SuperHardMode && spawnInfo.Player.ZoneDungeon && !spawnInfo.Player.ZoneUnderworldHeight)) && (!(Main.expertMode && Main.bloodMoon && spawnInfo.Player.ZoneOverworldHeight && (NPC.downedBoss2 || NPC.downedBoss3))) && (!(Main.expertMode && Main.bloodMoon && (NPC.downedBoss2 || NPC.downedBoss3))) && (!((NPC.downedBoss2 || NPC.downedBoss3) && spawnInfo.Player.ZoneOverworldHeight && Main.dayTime && !((spawnInfo.SpawnTileX < 800 || (spawnInfo.SpawnTileX > (Main.maxTilesX - 800))) || spawnInfo.Player.ZoneCorrupt || spawnInfo.Player.ZoneCrimson))) && (!((NPC.downedBoss2 || NPC.downedBoss3) && spawnInfo.Player.ZoneOverworldHeight && !Main.dayTime && !((spawnInfo.SpawnTileX < 800 || (spawnInfo.SpawnTileX > (Main.maxTilesX - 800))) || spawnInfo.Player.ZoneCorrupt || spawnInfo.Player.ZoneCrimson))) && ((NPC.downedBoss2 || NPC.downedBoss3) && (spawnInfo.Player.ZoneDirtLayerHeight || spawnInfo.Player.ZoneRockLayerHeight) && Main.dayTime && !(spawnInfo.Player.ZoneJungle || spawnInfo.Player.ZoneCorrupt || spawnInfo.Player.ZoneCrimson))",NPCs/Enemies/HollowSoldier.cs,720
NPC Spawn Rule,HollowSoldier,Hollow Soldier,Enemies,ModNPC,Natural spawn rules,1,—,1500,58,70,No,No,No,SpawnChance,0.08f,Pre-Hardmode + Hardmode + SuperHardmode,Machine Temple,Underground or Caverns,Night,—,Excluded,"(!(spawnInfo.Invasion || Sky(spawnInfo.Player) || spawnInfo.Player.ZoneSnow)) && (!(spawnInfo.Water)) && (!(spawnInfo.Player.ZoneGlowshroom)) && (!(spawnInfo.Player.townNPCs > 1f)) && (!(!Main.hardMode && spawnInfo.SpawnTileType == TileID.GreenDungeonBrick && !spawnInfo.Water)) && (!(!spawnInfo.Water && (Main.tile[spawnInfo.SpawnTileX, spawnInfo.SpawnTileY].WallType == WallID.GreenDungeonSlabUnsafe || Main.tile[spawnInfo.SpawnTileX, spawnInfo.SpawnTileY].WallType == WallID.GreenDungeonUnsafe) && !Main.hardMode && !tsorcRevampWorld.SuperHardMode)) && (!(Main.hardMode && spawnInfo.Lihzahrd)) && (!(Main.hardMode && spawnInfo.Player.ZoneNormalCaverns && !spawnInfo.Water)) && (!(Main.hardMode && spawnInfo.Player.ZoneDesert && spawnInfo.Player.ZoneOverworldHeight && !spawnInfo.Water)) && (!(Main.hardMode && spawnInfo.Player.ZoneUndergroundDesert && !spawnInfo.Water)) && (!(Main.hardMode && spawnInfo.SpawnTileType == TileID.BlueDungeonBrick && !spawnInfo.Water)) && (!(Main.hardMode && spawnInfo.SpawnTileType == TileID.TungstenBrick && !spawnInfo.Water)) && (!(tsorcRevampWorld.SuperHardMode && !((spawnInfo.SpawnTileX < 800 || (spawnInfo.SpawnTileX > (Main.maxTilesX - 800))) || spawnInfo.Player.ZoneJungle || spawnInfo.Player.ZoneCorrupt || spawnInfo.Player.ZoneCrimson || spawnInfo.Player.ZoneUnderworldHeight))) && (!(tsorcRevampWorld.SuperHardMode && spawnInfo.Player.ZoneOverworldHeight && !((spawnInfo.SpawnTileX < 800 || (spawnInfo.SpawnTileX > (Main.maxTilesX - 800))) || spawnInfo.Player.ZoneJungle || spawnInfo.Player.ZoneCorrupt || spawnInfo.Player.ZoneCrimson))) && (!(tsorcRevampWorld.SuperHardMode && spawnInfo.Player.ZoneDesert)) && (!(tsorcRevampWorld.SuperHardMode && spawnInfo.Player.ZoneDungeon && !spawnInfo.Player.ZoneUnderworldHeight)) && (!(Main.expertMode && Main.bloodMoon && spawnInfo.Player.ZoneOverworldHeight && (NPC.downedBoss2 || NPC.downedBoss3))) && (!(Main.expertMode && Main.bloodMoon && (NPC.downedBoss2 || NPC.downedBoss3))) && (!((NPC.downedBoss2 || NPC.downedBoss3) && spawnInfo.Player.ZoneOverworldHeight && Main.dayTime && !((spawnInfo.SpawnTileX < 800 || (spawnInfo.SpawnTileX > (Main.maxTilesX - 800))) || spawnInfo.Player.ZoneCorrupt || spawnInfo.Player.ZoneCrimson))) && (!((NPC.downedBoss2 || NPC.downedBoss3) && spawnInfo.Player.ZoneOverworldHeight && !Main.dayTime && !((spawnInfo.SpawnTileX < 800 || (spawnInfo.SpawnTileX > (Main.maxTilesX - 800))) || spawnInfo.Player.ZoneCorrupt || spawnInfo.Player.ZoneCrimson))) && (!((NPC.downedBoss2 || NPC.downedBoss3) && (spawnInfo.Player.ZoneDirtLayerHeight || spawnInfo.Player.ZoneRockLayerHeight) && Main.dayTime && !(spawnInfo.Player.ZoneJungle || spawnInfo.Player.ZoneCorrupt || spawnInfo.Player.ZoneCrimson))) && ((NPC.downedBoss2 || NPC.downedBoss3) && (spawnInfo.Player.ZoneDirtLayerHeight || spawnInfo.Player.ZoneRockLayerHeight) && !Main.dayTime && !(spawnInfo.Player.ZoneJungle || spawnInfo.Player.ZoneCorrupt || spawnInfo.Player.ZoneCrimson))",NPCs/Enemies/HollowSoldier.cs,721
NPC Spawn Rule,HollowSoldier,Hollow Soldier,Enemies,ModNPC,Natural spawn rules,1,—,1500,58,70,No,No,No,SpawnChance,0.025f,Pre-Hardmode + Hardmode + SuperHardmode,Machine Temple,Any / condition-defined depth,Day and night / unspecified,—,Excluded,"(!(spawnInfo.Invasion || Sky(spawnInfo.Player) || spawnInfo.Player.ZoneSnow)) && (!(spawnInfo.Water)) && (!(spawnInfo.Player.ZoneGlowshroom)) && (!(spawnInfo.Player.townNPCs > 1f)) && (!(!Main.hardMode && spawnInfo.SpawnTileType == TileID.GreenDungeonBrick && !spawnInfo.Water)) && (!(!spawnInfo.Water && (Main.tile[spawnInfo.SpawnTileX, spawnInfo.SpawnTileY].WallType == WallID.GreenDungeonSlabUnsafe || Main.tile[spawnInfo.SpawnTileX, spawnInfo.SpawnTileY].WallType == WallID.GreenDungeonUnsafe) && !Main.hardMode && !tsorcRevampWorld.SuperHardMode)) && (!(Main.hardMode && spawnInfo.Lihzahrd)) && (!(Main.hardMode && spawnInfo.Player.ZoneNormalCaverns && !spawnInfo.Water)) && (!(Main.hardMode && spawnInfo.Player.ZoneDesert && spawnInfo.Player.ZoneOverworldHeight && !spawnInfo.Water)) && (!(Main.hardMode && spawnInfo.Player.ZoneUndergroundDesert && !spawnInfo.Water)) && (!(Main.hardMode && spawnInfo.SpawnTileType == TileID.BlueDungeonBrick && !spawnInfo.Water)) && (!(Main.hardMode && spawnInfo.SpawnTileType == TileID.TungstenBrick && !spawnInfo.Water)) && (!(tsorcRevampWorld.SuperHardMode && !((spawnInfo.SpawnTileX < 800 || (spawnInfo.SpawnTileX > (Main.maxTilesX - 800))) || spawnInfo.Player.ZoneJungle || spawnInfo.Player.ZoneCorrupt || spawnInfo.Player.ZoneCrimson || spawnInfo.Player.ZoneUnderworldHeight))) && (!(tsorcRevampWorld.SuperHardMode && spawnInfo.Player.ZoneOverworldHeight && !((spawnInfo.SpawnTileX < 800 || (spawnInfo.SpawnTileX > (Main.maxTilesX - 800))) || spawnInfo.Player.ZoneJungle || spawnInfo.Player.ZoneCorrupt || spawnInfo.Player.ZoneCrimson))) && (!(tsorcRevampWorld.SuperHardMode && spawnInfo.Player.ZoneDesert)) && (!(tsorcRevampWorld.SuperHardMode && spawnInfo.Player.ZoneDungeon && !spawnInfo.Player.ZoneUnderworldHeight)) && (!(Main.expertMode && Main.bloodMoon && spawnInfo.Player.ZoneOverworldHeight && (NPC.downedBoss2 || NPC.downedBoss3))) && (!(Main.expertMode && Main.bloodMoon && (NPC.downedBoss2 || NPC.downedBoss3))) && (!((NPC.downedBoss2 || NPC.downedBoss3) && spawnInfo.Player.ZoneOverworldHeight && Main.dayTime && !((spawnInfo.SpawnTileX < 800 || (spawnInfo.SpawnTileX > (Main.maxTilesX - 800))) || spawnInfo.Player.ZoneCorrupt || spawnInfo.Player.ZoneCrimson))) && (!((NPC.downedBoss2 || NPC.downedBoss3) && spawnInfo.Player.ZoneOverworldHeight && !Main.dayTime && !((spawnInfo.SpawnTileX < 800 || (spawnInfo.SpawnTileX > (Main.maxTilesX - 800))) || spawnInfo.Player.ZoneCorrupt || spawnInfo.Player.ZoneCrimson))) && (!((NPC.downedBoss2 || NPC.downedBoss3) && (spawnInfo.Player.ZoneDirtLayerHeight || spawnInfo.Player.ZoneRockLayerHeight) && Main.dayTime && !(spawnInfo.Player.ZoneJungle || spawnInfo.Player.ZoneCorrupt || spawnInfo.Player.ZoneCrimson))) && (!((NPC.downedBoss2 || NPC.downedBoss3) && (spawnInfo.Player.ZoneDirtLayerHeight || spawnInfo.Player.ZoneRockLayerHeight) && !Main.dayTime && !(spawnInfo.Player.ZoneJungle || spawnInfo.Player.ZoneCorrupt || spawnInfo.Player.ZoneCrimson))) && (NPC.downedBoss2 || NPC.downedBoss3 && !((spawnInfo.SpawnTileX < 800 || (spawnInfo.SpawnTileX > (Main.maxTilesX - 800))) || spawnInfo.Player.ZoneCorrupt || spawnInfo.Player.ZoneCrimson))",NPCs/Enemies/HollowSoldier.cs,723
NPC Spawn Rule,HollowSoldier,Hollow Soldier,Enemies,ModNPC,Natural spawn rules,1,—,1500,58,70,No,No,No,SpawnChance,0,Pre-Hardmode + Hardmode + SuperHardmode,Machine Temple,Any / condition-defined depth,Day and night / unspecified,—,Excluded,"(!(spawnInfo.Invasion || Sky(spawnInfo.Player) || spawnInfo.Player.ZoneSnow)) && (!(spawnInfo.Water)) && (!(spawnInfo.Player.ZoneGlowshroom)) && (!(spawnInfo.Player.townNPCs > 1f)) && (!(!Main.hardMode && spawnInfo.SpawnTileType == TileID.GreenDungeonBrick && !spawnInfo.Water)) && (!(!spawnInfo.Water && (Main.tile[spawnInfo.SpawnTileX, spawnInfo.SpawnTileY].WallType == WallID.GreenDungeonSlabUnsafe || Main.tile[spawnInfo.SpawnTileX, spawnInfo.SpawnTileY].WallType == WallID.GreenDungeonUnsafe) && !Main.hardMode && !tsorcRevampWorld.SuperHardMode)) && (!(Main.hardMode && spawnInfo.Lihzahrd)) && (!(Main.hardMode && spawnInfo.Player.ZoneNormalCaverns && !spawnInfo.Water)) && (!(Main.hardMode && spawnInfo.Player.ZoneDesert && spawnInfo.Player.ZoneOverworldHeight && !spawnInfo.Water)) && (!(Main.hardMode && spawnInfo.Player.ZoneUndergroundDesert && !spawnInfo.Water)) && (!(Main.hardMode && spawnInfo.SpawnTileType == TileID.BlueDungeonBrick && !spawnInfo.Water)) && (!(Main.hardMode && spawnInfo.SpawnTileType == TileID.TungstenBrick && !spawnInfo.Water)) && (!(tsorcRevampWorld.SuperHardMode && !((spawnInfo.SpawnTileX < 800 || (spawnInfo.SpawnTileX > (Main.maxTilesX - 800))) || spawnInfo.Player.ZoneJungle || spawnInfo.Player.ZoneCorrupt || spawnInfo.Player.ZoneCrimson || spawnInfo.Player.ZoneUnderworldHeight))) && (!(tsorcRevampWorld.SuperHardMode && spawnInfo.Player.ZoneOverworldHeight && !((spawnInfo.SpawnTileX < 800 || (spawnInfo.SpawnTileX > (Main.maxTilesX - 800))) || spawnInfo.Player.ZoneJungle || spawnInfo.Player.ZoneCorrupt || spawnInfo.Player.ZoneCrimson))) && (!(tsorcRevampWorld.SuperHardMode && spawnInfo.Player.ZoneDesert)) && (!(tsorcRevampWorld.SuperHardMode && spawnInfo.Player.ZoneDungeon && !spawnInfo.Player.ZoneUnderworldHeight)) && (!(Main.expertMode && Main.bloodMoon && spawnInfo.Player.ZoneOverworldHeight && (NPC.downedBoss2 || NPC.downedBoss3))) && (!(Main.expertMode && Main.bloodMoon && (NPC.downedBoss2 || NPC.downedBoss3))) && (!((NPC.downedBoss2 || NPC.downedBoss3) && spawnInfo.Player.ZoneOverworldHeight && Main.dayTime && !((spawnInfo.SpawnTileX < 800 || (spawnInfo.SpawnTileX > (Main.maxTilesX - 800))) || spawnInfo.Player.ZoneCorrupt || spawnInfo.Player.ZoneCrimson))) && (!((NPC.downedBoss2 || NPC.downedBoss3) && spawnInfo.Player.ZoneOverworldHeight && !Main.dayTime && !((spawnInfo.SpawnTileX < 800 || (spawnInfo.SpawnTileX > (Main.maxTilesX - 800))) || spawnInfo.Player.ZoneCorrupt || spawnInfo.Player.ZoneCrimson))) && (!((NPC.downedBoss2 || NPC.downedBoss3) && (spawnInfo.Player.ZoneDirtLayerHeight || spawnInfo.Player.ZoneRockLayerHeight) && Main.dayTime && !(spawnInfo.Player.ZoneJungle || spawnInfo.Player.ZoneCorrupt || spawnInfo.Player.ZoneCrimson))) && (!((NPC.downedBoss2 || NPC.downedBoss3) && (spawnInfo.Player.ZoneDirtLayerHeight || spawnInfo.Player.ZoneRockLayerHeight) && !Main.dayTime && !(spawnInfo.Player.ZoneJungle || spawnInfo.Player.ZoneCorrupt || spawnInfo.Player.ZoneCrimson))) && (!(NPC.downedBoss2 || NPC.downedBoss3 && !((spawnInfo.SpawnTileX < 800 || (spawnInfo.SpawnTileX > (Main.maxTilesX - 800))) || spawnInfo.Player.ZoneCorrupt || spawnInfo.Player.ZoneCrimson)))",NPCs/Enemies/HollowSoldier.cs,725
NPC Spawn Rule,HollowSoldierOriginal,Old Hollow Soldier,Enemies,ModNPC,Natural spawn rules,1,—,1500,58,70,No,No,No,SpawnChance,0,Pre-Hardmode + Hardmode + SuperHardmode,Snow,Any / condition-defined depth,Day and night / unspecified,—,Unspecified,(spawnInfo.Invasion || Sky(spawnInfo.Player) || spawnInfo.Player.ZoneSnow),NPCs/Enemies/HollowSoldierOriginal.cs,821
NPC Spawn Rule,HollowSoldierOriginal,Old Hollow Soldier,Enemies,ModNPC,Natural spawn rules,1,—,1500,58,70,No,No,No,SpawnChance,0f,Pre-Hardmode + Hardmode + SuperHardmode,General / Custom,Any / condition-defined depth,Day and night / unspecified,—,Required,(!(spawnInfo.Invasion || Sky(spawnInfo.Player) || spawnInfo.Player.ZoneSnow)) && (spawnInfo.Water),NPCs/Enemies/HollowSoldierOriginal.cs,823
NPC Spawn Rule,HollowSoldierOriginal,Old Hollow Soldier,Enemies,ModNPC,Natural spawn rules,1,—,1500,58,70,No,No,No,SpawnChance,0f,Pre-Hardmode + Hardmode + SuperHardmode,Glowing Mushroom,Any / condition-defined depth,Day and night / unspecified,—,Excluded,(!(spawnInfo.Invasion || Sky(spawnInfo.Player) || spawnInfo.Player.ZoneSnow)) && (!(spawnInfo.Water)) && (spawnInfo.Player.ZoneGlowshroom),NPCs/Enemies/HollowSoldierOriginal.cs,824
NPC Spawn Rule,HollowSoldierOriginal,Old Hollow Soldier,Enemies,ModNPC,Natural spawn rules,1,—,1500,58,70,No,No,No,SpawnChance,0f,Pre-Hardmode + Hardmode + SuperHardmode,General / Custom,Any / condition-defined depth,Day and night / unspecified,—,Excluded,(!(spawnInfo.Invasion || Sky(spawnInfo.Player) || spawnInfo.Player.ZoneSnow)) && (!(spawnInfo.Water)) && (!(spawnInfo.Player.ZoneGlowshroom)) && (spawnInfo.Player.townNPCs > 1f),NPCs/Enemies/HollowSoldierOriginal.cs,826
NPC Spawn Rule,HollowSoldierOriginal,Old Hollow Soldier,Enemies,ModNPC,Natural spawn rules,1,—,1500,58,70,No,No,No,SpawnChance,0.12f,Pre-Hardmode,General / Custom,Any / condition-defined depth,Day and night / unspecified,—,Excluded,(!(spawnInfo.Invasion || Sky(spawnInfo.Player) || spawnInfo.Player.ZoneSnow)) && (!(spawnInfo.Water)) && (!(spawnInfo.Player.ZoneGlowshroom)) && (!(spawnInfo.Player.townNPCs > 1f)) && (!Main.hardMode && spawnInfo.SpawnTileType == TileID.GreenDungeonBrick && !spawnInfo.Water),NPCs/Enemies/HollowSoldierOriginal.cs,828
NPC Spawn Rule,HollowSoldierOriginal,Old Hollow Soldier,Enemies,ModNPC,Natural spawn rules,1,—,1500,58,70,No,No,No,SpawnChance,0.12f,Pre-Hardmode,Machine Temple,Any / condition-defined depth,Day and night / unspecified,—,Excluded,"(!(spawnInfo.Invasion || Sky(spawnInfo.Player) || spawnInfo.Player.ZoneSnow)) && (!(spawnInfo.Water)) && (!(spawnInfo.Player.ZoneGlowshroom)) && (!(spawnInfo.Player.townNPCs > 1f)) && (!(!Main.hardMode && spawnInfo.SpawnTileType == TileID.GreenDungeonBrick && !spawnInfo.Water)) && (!spawnInfo.Water && (Main.tile[spawnInfo.SpawnTileX, spawnInfo.SpawnTileY].WallType == WallID.GreenDungeonSlabUnsafe || Main.tile[spawnInfo.SpawnTileX, spawnInfo.SpawnTileY].WallType == WallID.GreenDungeonUnsafe) && !Main.hardMode && !tsorcRevampWorld.SuperHardMode)",NPCs/Enemies/HollowSoldierOriginal.cs,829
NPC Spawn Rule,HollowSoldierOriginal,Old Hollow Soldier,Enemies,ModNPC,Natural spawn rules,1,—,1500,58,70,No,No,No,SpawnChance,0.2f,Hardmode + SuperHardmode,Machine Temple,Any / condition-defined depth,Day and night / unspecified,—,Excluded,"(!(spawnInfo.Invasion || Sky(spawnInfo.Player) || spawnInfo.Player.ZoneSnow)) && (!(spawnInfo.Water)) && (!(spawnInfo.Player.ZoneGlowshroom)) && (!(spawnInfo.Player.townNPCs > 1f)) && (!(!Main.hardMode && spawnInfo.SpawnTileType == TileID.GreenDungeonBrick && !spawnInfo.Water)) && (!(!spawnInfo.Water && (Main.tile[spawnInfo.SpawnTileX, spawnInfo.SpawnTileY].WallType == WallID.GreenDungeonSlabUnsafe || Main.tile[spawnInfo.SpawnTileX, spawnInfo.SpawnTileY].WallType == WallID.GreenDungeonUnsafe) && !Main.hardMode && !tsorcRevampWorld.SuperHardMode)) && (Main.hardMode && spawnInfo.Lihzahrd)",NPCs/Enemies/HollowSoldierOriginal.cs,830
NPC Spawn Rule,HollowSoldierOriginal,Old Hollow Soldier,Enemies,ModNPC,Natural spawn rules,1,—,1500,58,70,No,No,No,SpawnChance,0.02f,Hardmode + SuperHardmode,Machine Temple,Caverns,Day and night / unspecified,—,Excluded,"(!(spawnInfo.Invasion || Sky(spawnInfo.Player) || spawnInfo.Player.ZoneSnow)) && (!(spawnInfo.Water)) && (!(spawnInfo.Player.ZoneGlowshroom)) && (!(spawnInfo.Player.townNPCs > 1f)) && (!(!Main.hardMode && spawnInfo.SpawnTileType == TileID.GreenDungeonBrick && !spawnInfo.Water)) && (!(!spawnInfo.Water && (Main.tile[spawnInfo.SpawnTileX, spawnInfo.SpawnTileY].WallType == WallID.GreenDungeonSlabUnsafe || Main.tile[spawnInfo.SpawnTileX, spawnInfo.SpawnTileY].WallType == WallID.GreenDungeonUnsafe) && !Main.hardMode && !tsorcRevampWorld.SuperHardMode)) && (!(Main.hardMode && spawnInfo.Lihzahrd)) && (Main.hardMode && spawnInfo.Player.ZoneNormalCaverns && !spawnInfo.Water)",NPCs/Enemies/HollowSoldierOriginal.cs,831
NPC Spawn Rule,HollowSoldierOriginal,Old Hollow Soldier,Enemies,ModNPC,Natural spawn rules,1,—,1500,58,70,No,No,No,SpawnChance,0.05f,Hardmode + SuperHardmode,Machine Temple,Surface,Day and night / unspecified,—,Excluded,"(!(spawnInfo.Invasion || Sky(spawnInfo.Player) || spawnInfo.Player.ZoneSnow)) && (!(spawnInfo.Water)) && (!(spawnInfo.Player.ZoneGlowshroom)) && (!(spawnInfo.Player.townNPCs > 1f)) && (!(!Main.hardMode && spawnInfo.SpawnTileType == TileID.GreenDungeonBrick && !spawnInfo.Water)) && (!(!spawnInfo.Water && (Main.tile[spawnInfo.SpawnTileX, spawnInfo.SpawnTileY].WallType == WallID.GreenDungeonSlabUnsafe || Main.tile[spawnInfo.SpawnTileX, spawnInfo.SpawnTileY].WallType == WallID.GreenDungeonUnsafe) && !Main.hardMode && !tsorcRevampWorld.SuperHardMode)) && (!(Main.hardMode && spawnInfo.Lihzahrd)) && (!(Main.hardMode && spawnInfo.Player.ZoneNormalCaverns && !spawnInfo.Water)) && (Main.hardMode && spawnInfo.Player.ZoneDesert && spawnInfo.Player.ZoneOverworldHeight && !spawnInfo.Water)",NPCs/Enemies/HollowSoldierOriginal.cs,832
NPC Spawn Rule,HollowSoldierOriginal,Old Hollow Soldier,Enemies,ModNPC,Natural spawn rules,1,—,1500,58,70,No,No,No,SpawnChance,0.07f,Hardmode + SuperHardmode,Machine Temple,Any / condition-defined depth,Day and night / unspecified,—,Excluded,"(!(spawnInfo.Invasion || Sky(spawnInfo.Player) || spawnInfo.Player.ZoneSnow)) && (!(spawnInfo.Water)) && (!(spawnInfo.Player.ZoneGlowshroom)) && (!(spawnInfo.Player.townNPCs > 1f)) && (!(!Main.hardMode && spawnInfo.SpawnTileType == TileID.GreenDungeonBrick && !spawnInfo.Water)) && (!(!spawnInfo.Water && (Main.tile[spawnInfo.SpawnTileX, spawnInfo.SpawnTileY].WallType == WallID.GreenDungeonSlabUnsafe || Main.tile[spawnInfo.SpawnTileX, spawnInfo.SpawnTileY].WallType == WallID.GreenDungeonUnsafe) && !Main.hardMode && !tsorcRevampWorld.SuperHardMode)) && (!(Main.hardMode && spawnInfo.Lihzahrd)) && (!(Main.hardMode && spawnInfo.Player.ZoneNormalCaverns && !spawnInfo.Water)) && (!(Main.hardMode && spawnInfo.Player.ZoneDesert && spawnInfo.Player.ZoneOverworldHeight && !spawnInfo.Water)) && (Main.hardMode && spawnInfo.Player.ZoneUndergroundDesert && !spawnInfo.Water)",NPCs/Enemies/HollowSoldierOriginal.cs,833
NPC Spawn Rule,HollowSoldierOriginal,Old Hollow Soldier,Enemies,ModNPC,Natural spawn rules,1,—,1500,58,70,No,No,No,SpawnChance,0.18f,Hardmode + SuperHardmode,Machine Temple,Any / condition-defined depth,Day and night / unspecified,—,Excluded,"(!(spawnInfo.Invasion || Sky(spawnInfo.Player) || spawnInfo.Player.ZoneSnow)) && (!(spawnInfo.Water)) && (!(spawnInfo.Player.ZoneGlowshroom)) && (!(spawnInfo.Player.townNPCs > 1f)) && (!(!Main.hardMode && spawnInfo.SpawnTileType == TileID.GreenDungeonBrick && !spawnInfo.Water)) && (!(!spawnInfo.Water && (Main.tile[spawnInfo.SpawnTileX, spawnInfo.SpawnTileY].WallType == WallID.GreenDungeonSlabUnsafe || Main.tile[spawnInfo.SpawnTileX, spawnInfo.SpawnTileY].WallType == WallID.GreenDungeonUnsafe) && !Main.hardMode && !tsorcRevampWorld.SuperHardMode)) && (!(Main.hardMode && spawnInfo.Lihzahrd)) && (!(Main.hardMode && spawnInfo.Player.ZoneNormalCaverns && !spawnInfo.Water)) && (!(Main.hardMode && spawnInfo.Player.ZoneDesert && spawnInfo.Player.ZoneOverworldHeight && !spawnInfo.Water)) && (!(Main.hardMode && spawnInfo.Player.ZoneUndergroundDesert && !spawnInfo.Water)) && (Main.hardMode && spawnInfo.SpawnTileType == TileID.BlueDungeonBrick && !spawnInfo.Water)",NPCs/Enemies/HollowSoldierOriginal.cs,834
NPC Spawn Rule,HollowSoldierOriginal,Old Hollow Soldier,Enemies,ModNPC,Natural spawn rules,1,—,1500,58,70,No,No,No,SpawnChance,0.15f,Hardmode + SuperHardmode,Machine Temple,Any / condition-defined depth,Day and night / unspecified,—,Excluded,"(!(spawnInfo.Invasion || Sky(spawnInfo.Player) || spawnInfo.Player.ZoneSnow)) && (!(spawnInfo.Water)) && (!(spawnInfo.Player.ZoneGlowshroom)) && (!(spawnInfo.Player.townNPCs > 1f)) && (!(!Main.hardMode && spawnInfo.SpawnTileType == TileID.GreenDungeonBrick && !spawnInfo.Water)) && (!(!spawnInfo.Water && (Main.tile[spawnInfo.SpawnTileX, spawnInfo.SpawnTileY].WallType == WallID.GreenDungeonSlabUnsafe || Main.tile[spawnInfo.SpawnTileX, spawnInfo.SpawnTileY].WallType == WallID.GreenDungeonUnsafe) && !Main.hardMode && !tsorcRevampWorld.SuperHardMode)) && (!(Main.hardMode && spawnInfo.Lihzahrd)) && (!(Main.hardMode && spawnInfo.Player.ZoneNormalCaverns && !spawnInfo.Water)) && (!(Main.hardMode && spawnInfo.Player.ZoneDesert && spawnInfo.Player.ZoneOverworldHeight && !spawnInfo.Water)) && (!(Main.hardMode && spawnInfo.Player.ZoneUndergroundDesert && !spawnInfo.Water)) && (!(Main.hardMode && spawnInfo.SpawnTileType == TileID.BlueDungeonBrick && !spawnInfo.Water)) && (Main.hardMode && spawnInfo.SpawnTileType == TileID.TungstenBrick && !spawnInfo.Water)",NPCs/Enemies/HollowSoldierOriginal.cs,835
NPC Spawn Rule,HollowSoldierOriginal,Old Hollow Soldier,Enemies,ModNPC,Natural spawn rules,1,—,1500,58,70,No,No,No,SpawnChance,0.23f,SuperHardmode,Machine Temple,Any / condition-defined depth,Day and night / unspecified,—,Excluded,"(!(spawnInfo.Invasion || Sky(spawnInfo.Player) || spawnInfo.Player.ZoneSnow)) && (!(spawnInfo.Water)) && (!(spawnInfo.Player.ZoneGlowshroom)) && (!(spawnInfo.Player.townNPCs > 1f)) && (!(!Main.hardMode && spawnInfo.SpawnTileType == TileID.GreenDungeonBrick && !spawnInfo.Water)) && (!(!spawnInfo.Water && (Main.tile[spawnInfo.SpawnTileX, spawnInfo.SpawnTileY].WallType == WallID.GreenDungeonSlabUnsafe || Main.tile[spawnInfo.SpawnTileX, spawnInfo.SpawnTileY].WallType == WallID.GreenDungeonUnsafe) && !Main.hardMode && !tsorcRevampWorld.SuperHardMode)) && (!(Main.hardMode && spawnInfo.Lihzahrd)) && (!(Main.hardMode && spawnInfo.Player.ZoneNormalCaverns && !spawnInfo.Water)) && (!(Main.hardMode && spawnInfo.Player.ZoneDesert && spawnInfo.Player.ZoneOverworldHeight && !spawnInfo.Water)) && (!(Main.hardMode && spawnInfo.Player.ZoneUndergroundDesert && !spawnInfo.Water)) && (!(Main.hardMode && spawnInfo.SpawnTileType == TileID.BlueDungeonBrick && !spawnInfo.Water)) && (!(Main.hardMode && spawnInfo.SpawnTileType == TileID.TungstenBrick && !spawnInfo.Water)) && (tsorcRevampWorld.SuperHardMode && !((spawnInfo.SpawnTileX < 800 || (spawnInfo.SpawnTileX > (Main.maxTilesX - 800))) || spawnInfo.Player.ZoneJungle || spawnInfo.Player.ZoneCorrupt || spawnInfo.Player.ZoneCrimson || spawnInfo.Player.ZoneUnderworldHeight))",NPCs/Enemies/HollowSoldierOriginal.cs,837
NPC Spawn Rule,HollowSoldierOriginal,Old Hollow Soldier,Enemies,ModNPC,Natural spawn rules,1,—,1500,58,70,No,No,No,SpawnChance,0.25f,SuperHardmode,Machine Temple,Surface,Day and night / unspecified,—,Excluded,"(!(spawnInfo.Invasion || Sky(spawnInfo.Player) || spawnInfo.Player.ZoneSnow)) && (!(spawnInfo.Water)) && (!(spawnInfo.Player.ZoneGlowshroom)) && (!(spawnInfo.Player.townNPCs > 1f)) && (!(!Main.hardMode && spawnInfo.SpawnTileType == TileID.GreenDungeonBrick && !spawnInfo.Water)) && (!(!spawnInfo.Water && (Main.tile[spawnInfo.SpawnTileX, spawnInfo.SpawnTileY].WallType == WallID.GreenDungeonSlabUnsafe || Main.tile[spawnInfo.SpawnTileX, spawnInfo.SpawnTileY].WallType == WallID.GreenDungeonUnsafe) && !Main.hardMode && !tsorcRevampWorld.SuperHardMode)) && (!(Main.hardMode && spawnInfo.Lihzahrd)) && (!(Main.hardMode && spawnInfo.Player.ZoneNormalCaverns && !spawnInfo.Water)) && (!(Main.hardMode && spawnInfo.Player.ZoneDesert && spawnInfo.Player.ZoneOverworldHeight && !spawnInfo.Water)) && (!(Main.hardMode && spawnInfo.Player.ZoneUndergroundDesert && !spawnInfo.Water)) && (!(Main.hardMode && spawnInfo.SpawnTileType == TileID.BlueDungeonBrick && !spawnInfo.Water)) && (!(Main.hardMode && spawnInfo.SpawnTileType == TileID.TungstenBrick && !spawnInfo.Water)) && (!(tsorcRevampWorld.SuperHardMode && !((spawnInfo.SpawnTileX < 800 || (spawnInfo.SpawnTileX > (Main.maxTilesX - 800))) || spawnInfo.Player.ZoneJungle || spawnInfo.Player.ZoneCorrupt || spawnInfo.Player.ZoneCrimson || spawnInfo.Player.ZoneUnderworldHeight))) && (tsorcRevampWorld.SuperHardMode && spawnInfo.Player.ZoneOverworldHeight && !((spawnInfo.SpawnTileX < 800 || (spawnInfo.SpawnTileX > (Main.maxTilesX - 800))) || spawnInfo.Player.ZoneJungle || spawnInfo.Player.ZoneCorrupt || spawnInfo.Player.ZoneCrimson))",NPCs/Enemies/HollowSoldierOriginal.cs,838
NPC Spawn Rule,HollowSoldierOriginal,Old Hollow Soldier,Enemies,ModNPC,Natural spawn rules,1,—,1500,58,70,No,No,No,SpawnChance,0.13f,SuperHardmode,Machine Temple,Any / condition-defined depth,Day and night / unspecified,—,Excluded,"(!(spawnInfo.Invasion || Sky(spawnInfo.Player) || spawnInfo.Player.ZoneSnow)) && (!(spawnInfo.Water)) && (!(spawnInfo.Player.ZoneGlowshroom)) && (!(spawnInfo.Player.townNPCs > 1f)) && (!(!Main.hardMode && spawnInfo.SpawnTileType == TileID.GreenDungeonBrick && !spawnInfo.Water)) && (!(!spawnInfo.Water && (Main.tile[spawnInfo.SpawnTileX, spawnInfo.SpawnTileY].WallType == WallID.GreenDungeonSlabUnsafe || Main.tile[spawnInfo.SpawnTileX, spawnInfo.SpawnTileY].WallType == WallID.GreenDungeonUnsafe) && !Main.hardMode && !tsorcRevampWorld.SuperHardMode)) && (!(Main.hardMode && spawnInfo.Lihzahrd)) && (!(Main.hardMode && spawnInfo.Player.ZoneNormalCaverns && !spawnInfo.Water)) && (!(Main.hardMode && spawnInfo.Player.ZoneDesert && spawnInfo.Player.ZoneOverworldHeight && !spawnInfo.Water)) && (!(Main.hardMode && spawnInfo.Player.ZoneUndergroundDesert && !spawnInfo.Water)) && (!(Main.hardMode && spawnInfo.SpawnTileType == TileID.BlueDungeonBrick && !spawnInfo.Water)) && (!(Main.hardMode && spawnInfo.SpawnTileType == TileID.TungstenBrick && !spawnInfo.Water)) && (!(tsorcRevampWorld.SuperHardMode && !((spawnInfo.SpawnTileX < 800 || (spawnInfo.SpawnTileX > (Main.maxTilesX - 800))) || spawnInfo.Player.ZoneJungle || spawnInfo.Player.ZoneCorrupt || spawnInfo.Player.ZoneCrimson || spawnInfo.Player.ZoneUnderworldHeight))) && (!(tsorcRevampWorld.SuperHardMode && spawnInfo.Player.ZoneOverworldHeight && !((spawnInfo.SpawnTileX < 800 || (spawnInfo.SpawnTileX > (Main.maxTilesX - 800))) || spawnInfo.Player.ZoneJungle || spawnInfo.Player.ZoneCorrupt || spawnInfo.Player.ZoneCrimson))) && (tsorcRevampWorld.SuperHardMode && spawnInfo.Player.ZoneDesert)",NPCs/Enemies/HollowSoldierOriginal.cs,839
NPC Spawn Rule,HollowSoldierOriginal,Old Hollow Soldier,Enemies,ModNPC,Natural spawn rules,1,—,1500,58,70,No,No,No,SpawnChance,0.16f,SuperHardmode,Machine Temple,Any / condition-defined depth,Day and night / unspecified,—,Excluded,"(!(spawnInfo.Invasion || Sky(spawnInfo.Player) || spawnInfo.Player.ZoneSnow)) && (!(spawnInfo.Water)) && (!(spawnInfo.Player.ZoneGlowshroom)) && (!(spawnInfo.Player.townNPCs > 1f)) && (!(!Main.hardMode && spawnInfo.SpawnTileType == TileID.GreenDungeonBrick && !spawnInfo.Water)) && (!(!spawnInfo.Water && (Main.tile[spawnInfo.SpawnTileX, spawnInfo.SpawnTileY].WallType == WallID.GreenDungeonSlabUnsafe || Main.tile[spawnInfo.SpawnTileX, spawnInfo.SpawnTileY].WallType == WallID.GreenDungeonUnsafe) && !Main.hardMode && !tsorcRevampWorld.SuperHardMode)) && (!(Main.hardMode && spawnInfo.Lihzahrd)) && (!(Main.hardMode && spawnInfo.Player.ZoneNormalCaverns && !spawnInfo.Water)) && (!(Main.hardMode && spawnInfo.Player.ZoneDesert && spawnInfo.Player.ZoneOverworldHeight && !spawnInfo.Water)) && (!(Main.hardMode && spawnInfo.Player.ZoneUndergroundDesert && !spawnInfo.Water)) && (!(Main.hardMode && spawnInfo.SpawnTileType == TileID.BlueDungeonBrick && !spawnInfo.Water)) && (!(Main.hardMode && spawnInfo.SpawnTileType == TileID.TungstenBrick && !spawnInfo.Water)) && (!(tsorcRevampWorld.SuperHardMode && !((spawnInfo.SpawnTileX < 800 || (spawnInfo.SpawnTileX > (Main.maxTilesX - 800))) || spawnInfo.Player.ZoneJungle || spawnInfo.Player.ZoneCorrupt || spawnInfo.Player.ZoneCrimson || spawnInfo.Player.ZoneUnderworldHeight))) && (!(tsorcRevampWorld.SuperHardMode && spawnInfo.Player.ZoneOverworldHeight && !((spawnInfo.SpawnTileX < 800 || (spawnInfo.SpawnTileX > (Main.maxTilesX - 800))) || spawnInfo.Player.ZoneJungle || spawnInfo.Player.ZoneCorrupt || spawnInfo.Player.ZoneCrimson))) && (!(tsorcRevampWorld.SuperHardMode && spawnInfo.Player.ZoneDesert)) && (tsorcRevampWorld.SuperHardMode && spawnInfo.Player.ZoneDungeon && !spawnInfo.Player.ZoneUnderworldHeight)",NPCs/Enemies/HollowSoldierOriginal.cs,840
NPC Spawn Rule,HollowSoldierOriginal,Old Hollow Soldier,Enemies,ModNPC,Natural spawn rules,1,—,1500,58,70,No,No,No,SpawnChance,0.03f,Pre-Hardmode + Hardmode + SuperHardmode,Machine Temple,Surface,Day and night / unspecified,—,Excluded,"(!(spawnInfo.Invasion || Sky(spawnInfo.Player) || spawnInfo.Player.ZoneSnow)) && (!(spawnInfo.Water)) && (!(spawnInfo.Player.ZoneGlowshroom)) && (!(spawnInfo.Player.townNPCs > 1f)) && (!(!Main.hardMode && spawnInfo.SpawnTileType == TileID.GreenDungeonBrick && !spawnInfo.Water)) && (!(!spawnInfo.Water && (Main.tile[spawnInfo.SpawnTileX, spawnInfo.SpawnTileY].WallType == WallID.GreenDungeonSlabUnsafe || Main.tile[spawnInfo.SpawnTileX, spawnInfo.SpawnTileY].WallType == WallID.GreenDungeonUnsafe) && !Main.hardMode && !tsorcRevampWorld.SuperHardMode)) && (!(Main.hardMode && spawnInfo.Lihzahrd)) && (!(Main.hardMode && spawnInfo.Player.ZoneNormalCaverns && !spawnInfo.Water)) && (!(Main.hardMode && spawnInfo.Player.ZoneDesert && spawnInfo.Player.ZoneOverworldHeight && !spawnInfo.Water)) && (!(Main.hardMode && spawnInfo.Player.ZoneUndergroundDesert && !spawnInfo.Water)) && (!(Main.hardMode && spawnInfo.SpawnTileType == TileID.BlueDungeonBrick && !spawnInfo.Water)) && (!(Main.hardMode && spawnInfo.SpawnTileType == TileID.TungstenBrick && !spawnInfo.Water)) && (!(tsorcRevampWorld.SuperHardMode && !((spawnInfo.SpawnTileX < 800 || (spawnInfo.SpawnTileX > (Main.maxTilesX - 800))) || spawnInfo.Player.ZoneJungle || spawnInfo.Player.ZoneCorrupt || spawnInfo.Player.ZoneCrimson || spawnInfo.Player.ZoneUnderworldHeight))) && (!(tsorcRevampWorld.SuperHardMode && spawnInfo.Player.ZoneOverworldHeight && !((spawnInfo.SpawnTileX < 800 || (spawnInfo.SpawnTileX > (Main.maxTilesX - 800))) || spawnInfo.Player.ZoneJungle || spawnInfo.Player.ZoneCorrupt || spawnInfo.Player.ZoneCrimson))) && (!(tsorcRevampWorld.SuperHardMode && spawnInfo.Player.ZoneDesert)) && (!(tsorcRevampWorld.SuperHardMode && spawnInfo.Player.ZoneDungeon && !spawnInfo.Player.ZoneUnderworldHeight)) && (Main.expertMode && Main.bloodMoon && spawnInfo.Player.ZoneOverworldHeight && (NPC.downedBoss2 || NPC.downedBoss3))",NPCs/Enemies/HollowSoldierOriginal.cs,842
NPC Spawn Rule,HollowSoldierOriginal,Old Hollow Soldier,Enemies,ModNPC,Natural spawn rules,1,—,1500,58,70,No,No,No,SpawnChance,0.03f,Pre-Hardmode + Hardmode + SuperHardmode,Machine Temple,Any / condition-defined depth,Day and night / unspecified,—,Excluded,"(!(spawnInfo.Invasion || Sky(spawnInfo.Player) || spawnInfo.Player.ZoneSnow)) && (!(spawnInfo.Water)) && (!(spawnInfo.Player.ZoneGlowshroom)) && (!(spawnInfo.Player.townNPCs > 1f)) && (!(!Main.hardMode && spawnInfo.SpawnTileType == TileID.GreenDungeonBrick && !spawnInfo.Water)) && (!(!spawnInfo.Water && (Main.tile[spawnInfo.SpawnTileX, spawnInfo.SpawnTileY].WallType == WallID.GreenDungeonSlabUnsafe || Main.tile[spawnInfo.SpawnTileX, spawnInfo.SpawnTileY].WallType == WallID.GreenDungeonUnsafe) && !Main.hardMode && !tsorcRevampWorld.SuperHardMode)) && (!(Main.hardMode && spawnInfo.Lihzahrd)) && (!(Main.hardMode && spawnInfo.Player.ZoneNormalCaverns && !spawnInfo.Water)) && (!(Main.hardMode && spawnInfo.Player.ZoneDesert && spawnInfo.Player.ZoneOverworldHeight && !spawnInfo.Water)) && (!(Main.hardMode && spawnInfo.Player.ZoneUndergroundDesert && !spawnInfo.Water)) && (!(Main.hardMode && spawnInfo.SpawnTileType == TileID.BlueDungeonBrick && !spawnInfo.Water)) && (!(Main.hardMode && spawnInfo.SpawnTileType == TileID.TungstenBrick && !spawnInfo.Water)) && (!(tsorcRevampWorld.SuperHardMode && !((spawnInfo.SpawnTileX < 800 || (spawnInfo.SpawnTileX > (Main.maxTilesX - 800))) || spawnInfo.Player.ZoneJungle || spawnInfo.Player.ZoneCorrupt || spawnInfo.Player.ZoneCrimson || spawnInfo.Player.ZoneUnderworldHeight))) && (!(tsorcRevampWorld.SuperHardMode && spawnInfo.Player.ZoneOverworldHeight && !((spawnInfo.SpawnTileX < 800 || (spawnInfo.SpawnTileX > (Main.maxTilesX - 800))) || spawnInfo.Player.ZoneJungle || spawnInfo.Player.ZoneCorrupt || spawnInfo.Player.ZoneCrimson))) && (!(tsorcRevampWorld.SuperHardMode && spawnInfo.Player.ZoneDesert)) && (!(tsorcRevampWorld.SuperHardMode && spawnInfo.Player.ZoneDungeon && !spawnInfo.Player.ZoneUnderworldHeight)) && (!(Main.expertMode && Main.bloodMoon && spawnInfo.Player.ZoneOverworldHeight && (NPC.downedBoss2 || NPC.downedBoss3))) && (Main.expertMode && Main.bloodMoon && (NPC.downedBoss2 || NPC.downedBoss3))",NPCs/Enemies/HollowSoldierOriginal.cs,844
NPC Spawn Rule,HollowSoldierOriginal,Old Hollow Soldier,Enemies,ModNPC,Natural spawn rules,1,—,1500,58,70,No,No,No,SpawnChance,0.035f,Pre-Hardmode + Hardmode + SuperHardmode,Machine Temple,Surface,Day,—,Excluded,"(!(spawnInfo.Invasion || Sky(spawnInfo.Player) || spawnInfo.Player.ZoneSnow)) && (!(spawnInfo.Water)) && (!(spawnInfo.Player.ZoneGlowshroom)) && (!(spawnInfo.Player.townNPCs > 1f)) && (!(!Main.hardMode && spawnInfo.SpawnTileType == TileID.GreenDungeonBrick && !spawnInfo.Water)) && (!(!spawnInfo.Water && (Main.tile[spawnInfo.SpawnTileX, spawnInfo.SpawnTileY].WallType == WallID.GreenDungeonSlabUnsafe || Main.tile[spawnInfo.SpawnTileX, spawnInfo.SpawnTileY].WallType == WallID.GreenDungeonUnsafe) && !Main.hardMode && !tsorcRevampWorld.SuperHardMode)) && (!(Main.hardMode && spawnInfo.Lihzahrd)) && (!(Main.hardMode && spawnInfo.Player.ZoneNormalCaverns && !spawnInfo.Water)) && (!(Main.hardMode && spawnInfo.Player.ZoneDesert && spawnInfo.Player.ZoneOverworldHeight && !spawnInfo.Water)) && (!(Main.hardMode && spawnInfo.Player.ZoneUndergroundDesert && !spawnInfo.Water)) && (!(Main.hardMode && spawnInfo.SpawnTileType == TileID.BlueDungeonBrick && !spawnInfo.Water)) && (!(Main.hardMode && spawnInfo.SpawnTileType == TileID.TungstenBrick && !spawnInfo.Water)) && (!(tsorcRevampWorld.SuperHardMode && !((spawnInfo.SpawnTileX < 800 || (spawnInfo.SpawnTileX > (Main.maxTilesX - 800))) || spawnInfo.Player.ZoneJungle || spawnInfo.Player.ZoneCorrupt || spawnInfo.Player.ZoneCrimson || spawnInfo.Player.ZoneUnderworldHeight))) && (!(tsorcRevampWorld.SuperHardMode && spawnInfo.Player.ZoneOverworldHeight && !((spawnInfo.SpawnTileX < 800 || (spawnInfo.SpawnTileX > (Main.maxTilesX - 800))) || spawnInfo.Player.ZoneJungle || spawnInfo.Player.ZoneCorrupt || spawnInfo.Player.ZoneCrimson))) && (!(tsorcRevampWorld.SuperHardMode && spawnInfo.Player.ZoneDesert)) && (!(tsorcRevampWorld.SuperHardMode && spawnInfo.Player.ZoneDungeon && !spawnInfo.Player.ZoneUnderworldHeight)) && (!(Main.expertMode && Main.bloodMoon && spawnInfo.Player.ZoneOverworldHeight && (NPC.downedBoss2 || NPC.downedBoss3))) && (!(Main.expertMode && Main.bloodMoon && (NPC.downedBoss2 || NPC.downedBoss3))) && ((NPC.downedBoss2 || NPC.downedBoss3) && spawnInfo.Player.ZoneOverworldHeight && Main.dayTime && !((spawnInfo.SpawnTileX < 800 || (spawnInfo.SpawnTileX > (Main.maxTilesX - 800))) || spawnInfo.Player.ZoneCorrupt || spawnInfo.Player.ZoneCrimson))",NPCs/Enemies/HollowSoldierOriginal.cs,846
NPC Spawn Rule,HollowSoldierOriginal,Old Hollow Soldier,Enemies,ModNPC,Natural spawn rules,1,—,1500,58,70,No,No,No,SpawnChance,0.075f,Pre-Hardmode + Hardmode + SuperHardmode,Machine Temple,Surface,Night,—,Excluded,"(!(spawnInfo.Invasion || Sky(spawnInfo.Player) || spawnInfo.Player.ZoneSnow)) && (!(spawnInfo.Water)) && (!(spawnInfo.Player.ZoneGlowshroom)) && (!(spawnInfo.Player.townNPCs > 1f)) && (!(!Main.hardMode && spawnInfo.SpawnTileType == TileID.GreenDungeonBrick && !spawnInfo.Water)) && (!(!spawnInfo.Water && (Main.tile[spawnInfo.SpawnTileX, spawnInfo.SpawnTileY].WallType == WallID.GreenDungeonSlabUnsafe || Main.tile[spawnInfo.SpawnTileX, spawnInfo.SpawnTileY].WallType == WallID.GreenDungeonUnsafe) && !Main.hardMode && !tsorcRevampWorld.SuperHardMode)) && (!(Main.hardMode && spawnInfo.Lihzahrd)) && (!(Main.hardMode && spawnInfo.Player.ZoneNormalCaverns && !spawnInfo.Water)) && (!(Main.hardMode && spawnInfo.Player.ZoneDesert && spawnInfo.Player.ZoneOverworldHeight && !spawnInfo.Water)) && (!(Main.hardMode && spawnInfo.Player.ZoneUndergroundDesert && !spawnInfo.Water)) && (!(Main.hardMode && spawnInfo.SpawnTileType == TileID.BlueDungeonBrick && !spawnInfo.Water)) && (!(Main.hardMode && spawnInfo.SpawnTileType == TileID.TungstenBrick && !spawnInfo.Water)) && (!(tsorcRevampWorld.SuperHardMode && !((spawnInfo.SpawnTileX < 800 || (spawnInfo.SpawnTileX > (Main.maxTilesX - 800))) || spawnInfo.Player.ZoneJungle || spawnInfo.Player.ZoneCorrupt || spawnInfo.Player.ZoneCrimson || spawnInfo.Player.ZoneUnderworldHeight))) && (!(tsorcRevampWorld.SuperHardMode && spawnInfo.Player.ZoneOverworldHeight && !((spawnInfo.SpawnTileX < 800 || (spawnInfo.SpawnTileX > (Main.maxTilesX - 800))) || spawnInfo.Player.ZoneJungle || spawnInfo.Player.ZoneCorrupt || spawnInfo.Player.ZoneCrimson))) && (!(tsorcRevampWorld.SuperHardMode && spawnInfo.Player.ZoneDesert)) && (!(tsorcRevampWorld.SuperHardMode && spawnInfo.Player.ZoneDungeon && !spawnInfo.Player.ZoneUnderworldHeight)) && (!(Main.expertMode && Main.bloodMoon && spawnInfo.Player.ZoneOverworldHeight && (NPC.downedBoss2 || NPC.downedBoss3))) && (!(Main.expertMode && Main.bloodMoon && (NPC.downedBoss2 || NPC.downedBoss3))) && (!((NPC.downedBoss2 || NPC.downedBoss3) && spawnInfo.Player.ZoneOverworldHeight && Main.dayTime && !((spawnInfo.SpawnTileX < 800 || (spawnInfo.SpawnTileX > (Main.maxTilesX - 800))) || spawnInfo.Player.ZoneCorrupt || spawnInfo.Player.ZoneCrimson))) && ((NPC.downedBoss2 || NPC.downedBoss3) && spawnInfo.Player.ZoneOverworldHeight && !Main.dayTime && !((spawnInfo.SpawnTileX < 800 || (spawnInfo.SpawnTileX > (Main.maxTilesX - 800))) || spawnInfo.Player.ZoneCorrupt || spawnInfo.Player.ZoneCrimson))",NPCs/Enemies/HollowSoldierOriginal.cs,847
NPC Spawn Rule,HollowSoldierOriginal,Old Hollow Soldier,Enemies,ModNPC,Natural spawn rules,1,—,1500,58,70,No,No,No,SpawnChance,0.06f,Pre-Hardmode + Hardmode + SuperHardmode,Machine Temple,Underground or Caverns,Day,—,Excluded,"(!(spawnInfo.Invasion || Sky(spawnInfo.Player) || spawnInfo.Player.ZoneSnow)) && (!(spawnInfo.Water)) && (!(spawnInfo.Player.ZoneGlowshroom)) && (!(spawnInfo.Player.townNPCs > 1f)) && (!(!Main.hardMode && spawnInfo.SpawnTileType == TileID.GreenDungeonBrick && !spawnInfo.Water)) && (!(!spawnInfo.Water && (Main.tile[spawnInfo.SpawnTileX, spawnInfo.SpawnTileY].WallType == WallID.GreenDungeonSlabUnsafe || Main.tile[spawnInfo.SpawnTileX, spawnInfo.SpawnTileY].WallType == WallID.GreenDungeonUnsafe) && !Main.hardMode && !tsorcRevampWorld.SuperHardMode)) && (!(Main.hardMode && spawnInfo.Lihzahrd)) && (!(Main.hardMode && spawnInfo.Player.ZoneNormalCaverns && !spawnInfo.Water)) && (!(Main.hardMode && spawnInfo.Player.ZoneDesert && spawnInfo.Player.ZoneOverworldHeight && !spawnInfo.Water)) && (!(Main.hardMode && spawnInfo.Player.ZoneUndergroundDesert && !spawnInfo.Water)) && (!(Main.hardMode && spawnInfo.SpawnTileType == TileID.BlueDungeonBrick && !spawnInfo.Water)) && (!(Main.hardMode && spawnInfo.SpawnTileType == TileID.TungstenBrick && !spawnInfo.Water)) && (!(tsorcRevampWorld.SuperHardMode && !((spawnInfo.SpawnTileX < 800 || (spawnInfo.SpawnTileX > (Main.maxTilesX - 800))) || spawnInfo.Player.ZoneJungle || spawnInfo.Player.ZoneCorrupt || spawnInfo.Player.ZoneCrimson || spawnInfo.Player.ZoneUnderworldHeight))) && (!(tsorcRevampWorld.SuperHardMode && spawnInfo.Player.ZoneOverworldHeight && !((spawnInfo.SpawnTileX < 800 || (spawnInfo.SpawnTileX > (Main.maxTilesX - 800))) || spawnInfo.Player.ZoneJungle || spawnInfo.Player.ZoneCorrupt || spawnInfo.Player.ZoneCrimson))) && (!(tsorcRevampWorld.SuperHardMode && spawnInfo.Player.ZoneDesert)) && (!(tsorcRevampWorld.SuperHardMode && spawnInfo.Player.ZoneDungeon && !spawnInfo.Player.ZoneUnderworldHeight)) && (!(Main.expertMode && Main.bloodMoon && spawnInfo.Player.ZoneOverworldHeight && (NPC.downedBoss2 || NPC.downedBoss3))) && (!(Main.expertMode && Main.bloodMoon && (NPC.downedBoss2 || NPC.downedBoss3))) && (!((NPC.downedBoss2 || NPC.downedBoss3) && spawnInfo.Player.ZoneOverworldHeight && Main.dayTime && !((spawnInfo.SpawnTileX < 800 || (spawnInfo.SpawnTileX > (Main.maxTilesX - 800))) || spawnInfo.Player.ZoneCorrupt || spawnInfo.Player.ZoneCrimson))) && (!((NPC.downedBoss2 || NPC.downedBoss3) && spawnInfo.Player.ZoneOverworldHeight && !Main.dayTime && !((spawnInfo.SpawnTileX < 800 || (spawnInfo.SpawnTileX > (Main.maxTilesX - 800))) || spawnInfo.Player.ZoneCorrupt || spawnInfo.Player.ZoneCrimson))) && ((NPC.downedBoss2 || NPC.downedBoss3) && (spawnInfo.Player.ZoneDirtLayerHeight || spawnInfo.Player.ZoneRockLayerHeight) && Main.dayTime && !(spawnInfo.Player.ZoneJungle || spawnInfo.Player.ZoneCorrupt || spawnInfo.Player.ZoneCrimson))",NPCs/Enemies/HollowSoldierOriginal.cs,849
NPC Spawn Rule,HollowSoldierOriginal,Old Hollow Soldier,Enemies,ModNPC,Natural spawn rules,1,—,1500,58,70,No,No,No,SpawnChance,0.08f,Pre-Hardmode + Hardmode + SuperHardmode,Machine Temple,Underground or Caverns,Night,—,Excluded,"(!(spawnInfo.Invasion || Sky(spawnInfo.Player) || spawnInfo.Player.ZoneSnow)) && (!(spawnInfo.Water)) && (!(spawnInfo.Player.ZoneGlowshroom)) && (!(spawnInfo.Player.townNPCs > 1f)) && (!(!Main.hardMode && spawnInfo.SpawnTileType == TileID.GreenDungeonBrick && !spawnInfo.Water)) && (!(!spawnInfo.Water && (Main.tile[spawnInfo.SpawnTileX, spawnInfo.SpawnTileY].WallType == WallID.GreenDungeonSlabUnsafe || Main.tile[spawnInfo.SpawnTileX, spawnInfo.SpawnTileY].WallType == WallID.GreenDungeonUnsafe) && !Main.hardMode && !tsorcRevampWorld.SuperHardMode)) && (!(Main.hardMode && spawnInfo.Lihzahrd)) && (!(Main.hardMode && spawnInfo.Player.ZoneNormalCaverns && !spawnInfo.Water)) && (!(Main.hardMode && spawnInfo.Player.ZoneDesert && spawnInfo.Player.ZoneOverworldHeight && !spawnInfo.Water)) && (!(Main.hardMode && spawnInfo.Player.ZoneUndergroundDesert && !spawnInfo.Water)) && (!(Main.hardMode && spawnInfo.SpawnTileType == TileID.BlueDungeonBrick && !spawnInfo.Water)) && (!(Main.hardMode && spawnInfo.SpawnTileType == TileID.TungstenBrick && !spawnInfo.Water)) && (!(tsorcRevampWorld.SuperHardMode && !((spawnInfo.SpawnTileX < 800 || (spawnInfo.SpawnTileX > (Main.maxTilesX - 800))) || spawnInfo.Player.ZoneJungle || spawnInfo.Player.ZoneCorrupt || spawnInfo.Player.ZoneCrimson || spawnInfo.Player.ZoneUnderworldHeight))) && (!(tsorcRevampWorld.SuperHardMode && spawnInfo.Player.ZoneOverworldHeight && !((spawnInfo.SpawnTileX < 800 || (spawnInfo.SpawnTileX > (Main.maxTilesX - 800))) || spawnInfo.Player.ZoneJungle || spawnInfo.Player.ZoneCorrupt || spawnInfo.Player.ZoneCrimson))) && (!(tsorcRevampWorld.SuperHardMode && spawnInfo.Player.ZoneDesert)) && (!(tsorcRevampWorld.SuperHardMode && spawnInfo.Player.ZoneDungeon && !spawnInfo.Player.ZoneUnderworldHeight)) && (!(Main.expertMode && Main.bloodMoon && spawnInfo.Player.ZoneOverworldHeight && (NPC.downedBoss2 || NPC.downedBoss3))) && (!(Main.expertMode && Main.bloodMoon && (NPC.downedBoss2 || NPC.downedBoss3))) && (!((NPC.downedBoss2 || NPC.downedBoss3) && spawnInfo.Player.ZoneOverworldHeight && Main.dayTime && !((spawnInfo.SpawnTileX < 800 || (spawnInfo.SpawnTileX > (Main.maxTilesX - 800))) || spawnInfo.Player.ZoneCorrupt || spawnInfo.Player.ZoneCrimson))) && (!((NPC.downedBoss2 || NPC.downedBoss3) && spawnInfo.Player.ZoneOverworldHeight && !Main.dayTime && !((spawnInfo.SpawnTileX < 800 || (spawnInfo.SpawnTileX > (Main.maxTilesX - 800))) || spawnInfo.Player.ZoneCorrupt || spawnInfo.Player.ZoneCrimson))) && (!((NPC.downedBoss2 || NPC.downedBoss3) && (spawnInfo.Player.ZoneDirtLayerHeight || spawnInfo.Player.ZoneRockLayerHeight) && Main.dayTime && !(spawnInfo.Player.ZoneJungle || spawnInfo.Player.ZoneCorrupt || spawnInfo.Player.ZoneCrimson))) && ((NPC.downedBoss2 || NPC.downedBoss3) && (spawnInfo.Player.ZoneDirtLayerHeight || spawnInfo.Player.ZoneRockLayerHeight) && !Main.dayTime && !(spawnInfo.Player.ZoneJungle || spawnInfo.Player.ZoneCorrupt || spawnInfo.Player.ZoneCrimson))",NPCs/Enemies/HollowSoldierOriginal.cs,850
NPC Spawn Rule,HollowSoldierOriginal,Old Hollow Soldier,Enemies,ModNPC,Natural spawn rules,1,—,1500,58,70,No,No,No,SpawnChance,0.025f,Pre-Hardmode + Hardmode + SuperHardmode,Machine Temple,Any / condition-defined depth,Day and night / unspecified,—,Excluded,"(!(spawnInfo.Invasion || Sky(spawnInfo.Player) || spawnInfo.Player.ZoneSnow)) && (!(spawnInfo.Water)) && (!(spawnInfo.Player.ZoneGlowshroom)) && (!(spawnInfo.Player.townNPCs > 1f)) && (!(!Main.hardMode && spawnInfo.SpawnTileType == TileID.GreenDungeonBrick && !spawnInfo.Water)) && (!(!spawnInfo.Water && (Main.tile[spawnInfo.SpawnTileX, spawnInfo.SpawnTileY].WallType == WallID.GreenDungeonSlabUnsafe || Main.tile[spawnInfo.SpawnTileX, spawnInfo.SpawnTileY].WallType == WallID.GreenDungeonUnsafe) && !Main.hardMode && !tsorcRevampWorld.SuperHardMode)) && (!(Main.hardMode && spawnInfo.Lihzahrd)) && (!(Main.hardMode && spawnInfo.Player.ZoneNormalCaverns && !spawnInfo.Water)) && (!(Main.hardMode && spawnInfo.Player.ZoneDesert && spawnInfo.Player.ZoneOverworldHeight && !spawnInfo.Water)) && (!(Main.hardMode && spawnInfo.Player.ZoneUndergroundDesert && !spawnInfo.Water)) && (!(Main.hardMode && spawnInfo.SpawnTileType == TileID.BlueDungeonBrick && !spawnInfo.Water)) && (!(Main.hardMode && spawnInfo.SpawnTileType == TileID.TungstenBrick && !spawnInfo.Water)) && (!(tsorcRevampWorld.SuperHardMode && !((spawnInfo.SpawnTileX < 800 || (spawnInfo.SpawnTileX > (Main.maxTilesX - 800))) || spawnInfo.Player.ZoneJungle || spawnInfo.Player.ZoneCorrupt || spawnInfo.Player.ZoneCrimson || spawnInfo.Player.ZoneUnderworldHeight))) && (!(tsorcRevampWorld.SuperHardMode && spawnInfo.Player.ZoneOverworldHeight && !((spawnInfo.SpawnTileX < 800 || (spawnInfo.SpawnTileX > (Main.maxTilesX - 800))) || spawnInfo.Player.ZoneJungle || spawnInfo.Player.ZoneCorrupt || spawnInfo.Player.ZoneCrimson))) && (!(tsorcRevampWorld.SuperHardMode && spawnInfo.Player.ZoneDesert)) && (!(tsorcRevampWorld.SuperHardMode && spawnInfo.Player.ZoneDungeon && !spawnInfo.Player.ZoneUnderworldHeight)) && (!(Main.expertMode && Main.bloodMoon && spawnInfo.Player.ZoneOverworldHeight && (NPC.downedBoss2 || NPC.downedBoss3))) && (!(Main.expertMode && Main.bloodMoon && (NPC.downedBoss2 || NPC.downedBoss3))) && (!((NPC.downedBoss2 || NPC.downedBoss3) && spawnInfo.Player.ZoneOverworldHeight && Main.dayTime && !((spawnInfo.SpawnTileX < 800 || (spawnInfo.SpawnTileX > (Main.maxTilesX - 800))) || spawnInfo.Player.ZoneCorrupt || spawnInfo.Player.ZoneCrimson))) && (!((NPC.downedBoss2 || NPC.downedBoss3) && spawnInfo.Player.ZoneOverworldHeight && !Main.dayTime && !((spawnInfo.SpawnTileX < 800 || (spawnInfo.SpawnTileX > (Main.maxTilesX - 800))) || spawnInfo.Player.ZoneCorrupt || spawnInfo.Player.ZoneCrimson))) && (!((NPC.downedBoss2 || NPC.downedBoss3) && (spawnInfo.Player.ZoneDirtLayerHeight || spawnInfo.Player.ZoneRockLayerHeight) && Main.dayTime && !(spawnInfo.Player.ZoneJungle || spawnInfo.Player.ZoneCorrupt || spawnInfo.Player.ZoneCrimson))) && (!((NPC.downedBoss2 || NPC.downedBoss3) && (spawnInfo.Player.ZoneDirtLayerHeight || spawnInfo.Player.ZoneRockLayerHeight) && !Main.dayTime && !(spawnInfo.Player.ZoneJungle || spawnInfo.Player.ZoneCorrupt || spawnInfo.Player.ZoneCrimson))) && (NPC.downedBoss2 || NPC.downedBoss3 && !((spawnInfo.SpawnTileX < 800 || (spawnInfo.SpawnTileX > (Main.maxTilesX - 800))) || spawnInfo.Player.ZoneCorrupt || spawnInfo.Player.ZoneCrimson))",NPCs/Enemies/HollowSoldierOriginal.cs,852
NPC Spawn Rule,HollowSoldierOriginal,Old Hollow Soldier,Enemies,ModNPC,Natural spawn rules,1,—,1500,58,70,No,No,No,SpawnChance,0,Pre-Hardmode + Hardmode + SuperHardmode,Machine Temple,Any / condition-defined depth,Day and night / unspecified,—,Excluded,"(!(spawnInfo.Invasion || Sky(spawnInfo.Player) || spawnInfo.Player.ZoneSnow)) && (!(spawnInfo.Water)) && (!(spawnInfo.Player.ZoneGlowshroom)) && (!(spawnInfo.Player.townNPCs > 1f)) && (!(!Main.hardMode && spawnInfo.SpawnTileType == TileID.GreenDungeonBrick && !spawnInfo.Water)) && (!(!spawnInfo.Water && (Main.tile[spawnInfo.SpawnTileX, spawnInfo.SpawnTileY].WallType == WallID.GreenDungeonSlabUnsafe || Main.tile[spawnInfo.SpawnTileX, spawnInfo.SpawnTileY].WallType == WallID.GreenDungeonUnsafe) && !Main.hardMode && !tsorcRevampWorld.SuperHardMode)) && (!(Main.hardMode && spawnInfo.Lihzahrd)) && (!(Main.hardMode && spawnInfo.Player.ZoneNormalCaverns && !spawnInfo.Water)) && (!(Main.hardMode && spawnInfo.Player.ZoneDesert && spawnInfo.Player.ZoneOverworldHeight && !spawnInfo.Water)) && (!(Main.hardMode && spawnInfo.Player.ZoneUndergroundDesert && !spawnInfo.Water)) && (!(Main.hardMode && spawnInfo.SpawnTileType == TileID.BlueDungeonBrick && !spawnInfo.Water)) && (!(Main.hardMode && spawnInfo.SpawnTileType == TileID.TungstenBrick && !spawnInfo.Water)) && (!(tsorcRevampWorld.SuperHardMode && !((spawnInfo.SpawnTileX < 800 || (spawnInfo.SpawnTileX > (Main.maxTilesX - 800))) || spawnInfo.Player.ZoneJungle || spawnInfo.Player.ZoneCorrupt || spawnInfo.Player.ZoneCrimson || spawnInfo.Player.ZoneUnderworldHeight))) && (!(tsorcRevampWorld.SuperHardMode && spawnInfo.Player.ZoneOverworldHeight && !((spawnInfo.SpawnTileX < 800 || (spawnInfo.SpawnTileX > (Main.maxTilesX - 800))) || spawnInfo.Player.ZoneJungle || spawnInfo.Player.ZoneCorrupt || spawnInfo.Player.ZoneCrimson))) && (!(tsorcRevampWorld.SuperHardMode && spawnInfo.Player.ZoneDesert)) && (!(tsorcRevampWorld.SuperHardMode && spawnInfo.Player.ZoneDungeon && !spawnInfo.Player.ZoneUnderworldHeight)) && (!(Main.expertMode && Main.bloodMoon && spawnInfo.Player.ZoneOverworldHeight && (NPC.downedBoss2 || NPC.downedBoss3))) && (!(Main.expertMode && Main.bloodMoon && (NPC.downedBoss2 || NPC.downedBoss3))) && (!((NPC.downedBoss2 || NPC.downedBoss3) && spawnInfo.Player.ZoneOverworldHeight && Main.dayTime && !((spawnInfo.SpawnTileX < 800 || (spawnInfo.SpawnTileX > (Main.maxTilesX - 800))) || spawnInfo.Player.ZoneCorrupt || spawnInfo.Player.ZoneCrimson))) && (!((NPC.downedBoss2 || NPC.downedBoss3) && spawnInfo.Player.ZoneOverworldHeight && !Main.dayTime && !((spawnInfo.SpawnTileX < 800 || (spawnInfo.SpawnTileX > (Main.maxTilesX - 800))) || spawnInfo.Player.ZoneCorrupt || spawnInfo.Player.ZoneCrimson))) && (!((NPC.downedBoss2 || NPC.downedBoss3) && (spawnInfo.Player.ZoneDirtLayerHeight || spawnInfo.Player.ZoneRockLayerHeight) && Main.dayTime && !(spawnInfo.Player.ZoneJungle || spawnInfo.Player.ZoneCorrupt || spawnInfo.Player.ZoneCrimson))) && (!((NPC.downedBoss2 || NPC.downedBoss3) && (spawnInfo.Player.ZoneDirtLayerHeight || spawnInfo.Player.ZoneRockLayerHeight) && !Main.dayTime && !(spawnInfo.Player.ZoneJungle || spawnInfo.Player.ZoneCorrupt || spawnInfo.Player.ZoneCrimson))) && (!(NPC.downedBoss2 || NPC.downedBoss3 && !((spawnInfo.SpawnTileX < 800 || (spawnInfo.SpawnTileX > (Main.maxTilesX - 800))) || spawnInfo.Player.ZoneCorrupt || spawnInfo.Player.ZoneCrimson)))",NPCs/Enemies/HollowSoldierOriginal.cs,854
NPC Spawn Rule,HollowSpearman,Hollow Spearman,Enemies,ModNPC,Natural spawn rules,1,—,1000,38,45,No,No,No,SpawnChance,0,Pre-Hardmode + Hardmode + SuperHardmode,Snow,Any / condition-defined depth,Day and night / unspecified,—,Unspecified,(spawnInfo.Invasion || Sky(spawnInfo.Player) || spawnInfo.Player.ZoneSnow),NPCs/Enemies/HollowSpearman.cs,685
NPC Spawn Rule,HollowSpearman,Hollow Spearman,Enemies,ModNPC,Natural spawn rules,1,—,1000,38,45,No,No,No,SpawnChance,0f,Pre-Hardmode + Hardmode + SuperHardmode,General / Custom,Any / condition-defined depth,Day and night / unspecified,—,Unspecified,(!(spawnInfo.Invasion || Sky(spawnInfo.Player) || spawnInfo.Player.ZoneSnow)) && (spawnInfo.Player.townNPCs > 1f),NPCs/Enemies/HollowSpearman.cs,688
NPC Spawn Rule,HollowSpearman,Hollow Spearman,Enemies,ModNPC,Natural spawn rules,1,—,1000,38,45,No,No,No,SpawnChance,0f,Pre-Hardmode + Hardmode + SuperHardmode,Corruption + Crimson,Any / condition-defined depth,Day and night / unspecified,—,Conditional / mixed,(!(spawnInfo.Invasion || Sky(spawnInfo.Player) || spawnInfo.Player.ZoneSnow)) && (!(spawnInfo.Player.townNPCs > 1f)) && (spawnInfo.Water || spawnInfo.Player.ZoneCorrupt || spawnInfo.Player.ZoneCrimson),NPCs/Enemies/HollowSpearman.cs,690
NPC Spawn Rule,HollowSpearman,Hollow Spearman,Enemies,ModNPC,Natural spawn rules,1,—,1000,38,45,No,No,No,SpawnChance,0f,Pre-Hardmode + Hardmode + SuperHardmode,Glowing Mushroom,Any / condition-defined depth,Day and night / unspecified,—,Excluded,(!(spawnInfo.Invasion || Sky(spawnInfo.Player) || spawnInfo.Player.ZoneSnow)) && (!(spawnInfo.Player.townNPCs > 1f)) && (!(spawnInfo.Water || spawnInfo.Player.ZoneCorrupt || spawnInfo.Player.ZoneCrimson)) && (spawnInfo.Player.ZoneGlowshroom),NPCs/Enemies/HollowSpearman.cs,691
NPC Spawn Rule,HollowSpearman,Hollow Spearman,Enemies,ModNPC,Natural spawn rules,1,—,1000,38,45,No,No,No,SpawnChance,0.07f,Pre-Hardmode,General / Custom,Any / condition-defined depth,Day and night / unspecified,—,Excluded,(!(spawnInfo.Invasion || Sky(spawnInfo.Player) || spawnInfo.Player.ZoneSnow)) && (!(spawnInfo.Player.townNPCs > 1f)) && (!(spawnInfo.Water || spawnInfo.Player.ZoneCorrupt || spawnInfo.Player.ZoneCrimson)) && (!(spawnInfo.Player.ZoneGlowshroom)) && (!Main.hardMode && spawnInfo.SpawnTileType == TileID.GreenDungeonBrick && !spawnInfo.Water),NPCs/Enemies/HollowSpearman.cs,693
NPC Spawn Rule,HollowSpearman,Hollow Spearman,Enemies,ModNPC,Natural spawn rules,1,—,1000,38,45,No,No,No,SpawnChance,0.05f,Pre-Hardmode,Machine Temple,Any / condition-defined depth,Day and night / unspecified,—,Excluded,"(!(spawnInfo.Invasion || Sky(spawnInfo.Player) || spawnInfo.Player.ZoneSnow)) && (!(spawnInfo.Player.townNPCs > 1f)) && (!(spawnInfo.Water || spawnInfo.Player.ZoneCorrupt || spawnInfo.Player.ZoneCrimson)) && (!(spawnInfo.Player.ZoneGlowshroom)) && (!(!Main.hardMode && spawnInfo.SpawnTileType == TileID.GreenDungeonBrick && !spawnInfo.Water)) && (!spawnInfo.Water && (Main.tile[spawnInfo.SpawnTileX, spawnInfo.SpawnTileY].WallType == WallID.GreenDungeonSlabUnsafe || Main.tile[spawnInfo.SpawnTileX, spawnInfo.SpawnTileY].WallType == WallID.GreenDungeonUnsafe) && !Main.hardMode && !tsorcRevampWorld.SuperHardMode)",NPCs/Enemies/HollowSpearman.cs,694
NPC Spawn Rule,HollowSpearman,Hollow Spearman,Enemies,ModNPC,Natural spawn rules,1,—,1000,38,45,No,No,No,SpawnChance,0.05f,Hardmode + SuperHardmode,Machine Temple,Any / condition-defined depth,Day and night / unspecified,—,Excluded,"(!(spawnInfo.Invasion || Sky(spawnInfo.Player) || spawnInfo.Player.ZoneSnow)) && (!(spawnInfo.Player.townNPCs > 1f)) && (!(spawnInfo.Water || spawnInfo.Player.ZoneCorrupt || spawnInfo.Player.ZoneCrimson)) && (!(spawnInfo.Player.ZoneGlowshroom)) && (!(!Main.hardMode && spawnInfo.SpawnTileType == TileID.GreenDungeonBrick && !spawnInfo.Water)) && (!(!spawnInfo.Water && (Main.tile[spawnInfo.SpawnTileX, spawnInfo.SpawnTileY].WallType == WallID.GreenDungeonSlabUnsafe || Main.tile[spawnInfo.SpawnTileX, spawnInfo.SpawnTileY].WallType == WallID.GreenDungeonUnsafe) && !Main.hardMode && !tsorcRevampWorld.SuperHardMode)) && (Main.hardMode && spawnInfo.Lihzahrd)",NPCs/Enemies/HollowSpearman.cs,695
NPC Spawn Rule,HollowSpearman,Hollow Spearman,Enemies,ModNPC,Natural spawn rules,1,—,1000,38,45,No,No,No,SpawnChance,0.01f,Hardmode + SuperHardmode,Machine Temple,Caverns,Day and night / unspecified,—,Excluded,"(!(spawnInfo.Invasion || Sky(spawnInfo.Player) || spawnInfo.Player.ZoneSnow)) && (!(spawnInfo.Player.townNPCs > 1f)) && (!(spawnInfo.Water || spawnInfo.Player.ZoneCorrupt || spawnInfo.Player.ZoneCrimson)) && (!(spawnInfo.Player.ZoneGlowshroom)) && (!(!Main.hardMode && spawnInfo.SpawnTileType == TileID.GreenDungeonBrick && !spawnInfo.Water)) && (!(!spawnInfo.Water && (Main.tile[spawnInfo.SpawnTileX, spawnInfo.SpawnTileY].WallType == WallID.GreenDungeonSlabUnsafe || Main.tile[spawnInfo.SpawnTileX, spawnInfo.SpawnTileY].WallType == WallID.GreenDungeonUnsafe) && !Main.hardMode && !tsorcRevampWorld.SuperHardMode)) && (!(Main.hardMode && spawnInfo.Lihzahrd)) && (Main.hardMode && spawnInfo.Player.ZoneNormalCaverns && !spawnInfo.Water)",NPCs/Enemies/HollowSpearman.cs,696
NPC Spawn Rule,HollowSpearman,Hollow Spearman,Enemies,ModNPC,Natural spawn rules,1,—,1000,38,45,No,No,No,SpawnChance,0.025f,Hardmode + SuperHardmode,Machine Temple,Surface,Day and night / unspecified,—,Excluded,"(!(spawnInfo.Invasion || Sky(spawnInfo.Player) || spawnInfo.Player.ZoneSnow)) && (!(spawnInfo.Player.townNPCs > 1f)) && (!(spawnInfo.Water || spawnInfo.Player.ZoneCorrupt || spawnInfo.Player.ZoneCrimson)) && (!(spawnInfo.Player.ZoneGlowshroom)) && (!(!Main.hardMode && spawnInfo.SpawnTileType == TileID.GreenDungeonBrick && !spawnInfo.Water)) && (!(!spawnInfo.Water && (Main.tile[spawnInfo.SpawnTileX, spawnInfo.SpawnTileY].WallType == WallID.GreenDungeonSlabUnsafe || Main.tile[spawnInfo.SpawnTileX, spawnInfo.SpawnTileY].WallType == WallID.GreenDungeonUnsafe) && !Main.hardMode && !tsorcRevampWorld.SuperHardMode)) && (!(Main.hardMode && spawnInfo.Lihzahrd)) && (!(Main.hardMode && spawnInfo.Player.ZoneNormalCaverns && !spawnInfo.Water)) && (Main.hardMode && spawnInfo.Player.ZoneDesert && spawnInfo.Player.ZoneOverworldHeight && !spawnInfo.Water)",NPCs/Enemies/HollowSpearman.cs,697
NPC Spawn Rule,HollowSpearman,Hollow Spearman,Enemies,ModNPC,Natural spawn rules,1,—,1000,38,45,No,No,No,SpawnChance,0.035f,Hardmode + SuperHardmode,Machine Temple,Any / condition-defined depth,Day and night / unspecified,—,Excluded,"(!(spawnInfo.Invasion || Sky(spawnInfo.Player) || spawnInfo.Player.ZoneSnow)) && (!(spawnInfo.Player.townNPCs > 1f)) && (!(spawnInfo.Water || spawnInfo.Player.ZoneCorrupt || spawnInfo.Player.ZoneCrimson)) && (!(spawnInfo.Player.ZoneGlowshroom)) && (!(!Main.hardMode && spawnInfo.SpawnTileType == TileID.GreenDungeonBrick && !spawnInfo.Water)) && (!(!spawnInfo.Water && (Main.tile[spawnInfo.SpawnTileX, spawnInfo.SpawnTileY].WallType == WallID.GreenDungeonSlabUnsafe || Main.tile[spawnInfo.SpawnTileX, spawnInfo.SpawnTileY].WallType == WallID.GreenDungeonUnsafe) && !Main.hardMode && !tsorcRevampWorld.SuperHardMode)) && (!(Main.hardMode && spawnInfo.Lihzahrd)) && (!(Main.hardMode && spawnInfo.Player.ZoneNormalCaverns && !spawnInfo.Water)) && (!(Main.hardMode && spawnInfo.Player.ZoneDesert && spawnInfo.Player.ZoneOverworldHeight && !spawnInfo.Water)) && (Main.hardMode && spawnInfo.Player.ZoneUndergroundDesert && !spawnInfo.Water)",NPCs/Enemies/HollowSpearman.cs,698
NPC Spawn Rule,HollowSpearman,Hollow Spearman,Enemies,ModNPC,Natural spawn rules,1,—,1000,38,45,No,No,No,SpawnChance,0.09f,Hardmode + SuperHardmode,Machine Temple,Any / condition-defined depth,Day and night / unspecified,—,Excluded,"(!(spawnInfo.Invasion || Sky(spawnInfo.Player) || spawnInfo.Player.ZoneSnow)) && (!(spawnInfo.Player.townNPCs > 1f)) && (!(spawnInfo.Water || spawnInfo.Player.ZoneCorrupt || spawnInfo.Player.ZoneCrimson)) && (!(spawnInfo.Player.ZoneGlowshroom)) && (!(!Main.hardMode && spawnInfo.SpawnTileType == TileID.GreenDungeonBrick && !spawnInfo.Water)) && (!(!spawnInfo.Water && (Main.tile[spawnInfo.SpawnTileX, spawnInfo.SpawnTileY].WallType == WallID.GreenDungeonSlabUnsafe || Main.tile[spawnInfo.SpawnTileX, spawnInfo.SpawnTileY].WallType == WallID.GreenDungeonUnsafe) && !Main.hardMode && !tsorcRevampWorld.SuperHardMode)) && (!(Main.hardMode && spawnInfo.Lihzahrd)) && (!(Main.hardMode && spawnInfo.Player.ZoneNormalCaverns && !spawnInfo.Water)) && (!(Main.hardMode && spawnInfo.Player.ZoneDesert && spawnInfo.Player.ZoneOverworldHeight && !spawnInfo.Water)) && (!(Main.hardMode && spawnInfo.Player.ZoneUndergroundDesert && !spawnInfo.Water)) && (Main.hardMode && spawnInfo.SpawnTileType == TileID.BlueDungeonBrick && !spawnInfo.Water)",NPCs/Enemies/HollowSpearman.cs,699
NPC Spawn Rule,HollowSpearman,Hollow Spearman,Enemies,ModNPC,Natural spawn rules,1,—,1000,38,45,No,No,No,SpawnChance,0.08f,Hardmode + SuperHardmode,Machine Temple,Any / condition-defined depth,Day and night / unspecified,—,Excluded,"(!(spawnInfo.Invasion || Sky(spawnInfo.Player) || spawnInfo.Player.ZoneSnow)) && (!(spawnInfo.Player.townNPCs > 1f)) && (!(spawnInfo.Water || spawnInfo.Player.ZoneCorrupt || spawnInfo.Player.ZoneCrimson)) && (!(spawnInfo.Player.ZoneGlowshroom)) && (!(!Main.hardMode && spawnInfo.SpawnTileType == TileID.GreenDungeonBrick && !spawnInfo.Water)) && (!(!spawnInfo.Water && (Main.tile[spawnInfo.SpawnTileX, spawnInfo.SpawnTileY].WallType == WallID.GreenDungeonSlabUnsafe || Main.tile[spawnInfo.SpawnTileX, spawnInfo.SpawnTileY].WallType == WallID.GreenDungeonUnsafe) && !Main.hardMode && !tsorcRevampWorld.SuperHardMode)) && (!(Main.hardMode && spawnInfo.Lihzahrd)) && (!(Main.hardMode && spawnInfo.Player.ZoneNormalCaverns && !spawnInfo.Water)) && (!(Main.hardMode && spawnInfo.Player.ZoneDesert && spawnInfo.Player.ZoneOverworldHeight && !spawnInfo.Water)) && (!(Main.hardMode && spawnInfo.Player.ZoneUndergroundDesert && !spawnInfo.Water)) && (!(Main.hardMode && spawnInfo.SpawnTileType == TileID.BlueDungeonBrick && !spawnInfo.Water)) && (Main.hardMode && spawnInfo.SpawnTileType == TileID.TungstenBrick && !spawnInfo.Water)",NPCs/Enemies/HollowSpearman.cs,700
NPC Spawn Rule,HollowSpearman,Hollow Spearman,Enemies,ModNPC,Natural spawn rules,1,—,1000,38,45,No,No,No,SpawnChance,0.115f,SuperHardmode,Machine Temple,Any / condition-defined depth,Day and night / unspecified,—,Excluded,"(!(spawnInfo.Invasion || Sky(spawnInfo.Player) || spawnInfo.Player.ZoneSnow)) && (!(spawnInfo.Player.townNPCs > 1f)) && (!(spawnInfo.Water || spawnInfo.Player.ZoneCorrupt || spawnInfo.Player.ZoneCrimson)) && (!(spawnInfo.Player.ZoneGlowshroom)) && (!(!Main.hardMode && spawnInfo.SpawnTileType == TileID.GreenDungeonBrick && !spawnInfo.Water)) && (!(!spawnInfo.Water && (Main.tile[spawnInfo.SpawnTileX, spawnInfo.SpawnTileY].WallType == WallID.GreenDungeonSlabUnsafe || Main.tile[spawnInfo.SpawnTileX, spawnInfo.SpawnTileY].WallType == WallID.GreenDungeonUnsafe) && !Main.hardMode && !tsorcRevampWorld.SuperHardMode)) && (!(Main.hardMode && spawnInfo.Lihzahrd)) && (!(Main.hardMode && spawnInfo.Player.ZoneNormalCaverns && !spawnInfo.Water)) && (!(Main.hardMode && spawnInfo.Player.ZoneDesert && spawnInfo.Player.ZoneOverworldHeight && !spawnInfo.Water)) && (!(Main.hardMode && spawnInfo.Player.ZoneUndergroundDesert && !spawnInfo.Water)) && (!(Main.hardMode && spawnInfo.SpawnTileType == TileID.BlueDungeonBrick && !spawnInfo.Water)) && (!(Main.hardMode && spawnInfo.SpawnTileType == TileID.TungstenBrick && !spawnInfo.Water)) && (tsorcRevampWorld.SuperHardMode && !((spawnInfo.SpawnTileX < 800 || (spawnInfo.SpawnTileX > (Main.maxTilesX - 800))) || spawnInfo.Player.ZoneJungle || spawnInfo.Player.ZoneCorrupt || spawnInfo.Player.ZoneCrimson || spawnInfo.Player.ZoneUnderworldHeight))",NPCs/Enemies/HollowSpearman.cs,702
NPC Spawn Rule,HollowSpearman,Hollow Spearman,Enemies,ModNPC,Natural spawn rules,1,—,1000,38,45,No,No,No,SpawnChance,0.13f,SuperHardmode,Machine Temple,Surface,Day and night / unspecified,—,Excluded,"(!(spawnInfo.Invasion || Sky(spawnInfo.Player) || spawnInfo.Player.ZoneSnow)) && (!(spawnInfo.Player.townNPCs > 1f)) && (!(spawnInfo.Water || spawnInfo.Player.ZoneCorrupt || spawnInfo.Player.ZoneCrimson)) && (!(spawnInfo.Player.ZoneGlowshroom)) && (!(!Main.hardMode && spawnInfo.SpawnTileType == TileID.GreenDungeonBrick && !spawnInfo.Water)) && (!(!spawnInfo.Water && (Main.tile[spawnInfo.SpawnTileX, spawnInfo.SpawnTileY].WallType == WallID.GreenDungeonSlabUnsafe || Main.tile[spawnInfo.SpawnTileX, spawnInfo.SpawnTileY].WallType == WallID.GreenDungeonUnsafe) && !Main.hardMode && !tsorcRevampWorld.SuperHardMode)) && (!(Main.hardMode && spawnInfo.Lihzahrd)) && (!(Main.hardMode && spawnInfo.Player.ZoneNormalCaverns && !spawnInfo.Water)) && (!(Main.hardMode && spawnInfo.Player.ZoneDesert && spawnInfo.Player.ZoneOverworldHeight && !spawnInfo.Water)) && (!(Main.hardMode && spawnInfo.Player.ZoneUndergroundDesert && !spawnInfo.Water)) && (!(Main.hardMode && spawnInfo.SpawnTileType == TileID.BlueDungeonBrick && !spawnInfo.Water)) && (!(Main.hardMode && spawnInfo.SpawnTileType == TileID.TungstenBrick && !spawnInfo.Water)) && (!(tsorcRevampWorld.SuperHardMode && !((spawnInfo.SpawnTileX < 800 || (spawnInfo.SpawnTileX > (Main.maxTilesX - 800))) || spawnInfo.Player.ZoneJungle || spawnInfo.Player.ZoneCorrupt || spawnInfo.Player.ZoneCrimson || spawnInfo.Player.ZoneUnderworldHeight))) && (tsorcRevampWorld.SuperHardMode && spawnInfo.Player.ZoneOverworldHeight && !((spawnInfo.SpawnTileX < 800 || (spawnInfo.SpawnTileX > (Main.maxTilesX - 800))) || spawnInfo.Player.ZoneJungle || spawnInfo.Player.ZoneCorrupt || spawnInfo.Player.ZoneCrimson || spawnInfo.Player.ZoneSkyHeight))",NPCs/Enemies/HollowSpearman.cs,703
NPC Spawn Rule,HollowSpearman,Hollow Spearman,Enemies,ModNPC,Natural spawn rules,1,—,1000,38,45,No,No,No,SpawnChance,0.15f,SuperHardmode,Machine Temple,Any / condition-defined depth,Day and night / unspecified,—,Excluded,"(!(spawnInfo.Invasion || Sky(spawnInfo.Player) || spawnInfo.Player.ZoneSnow)) && (!(spawnInfo.Player.townNPCs > 1f)) && (!(spawnInfo.Water || spawnInfo.Player.ZoneCorrupt || spawnInfo.Player.ZoneCrimson)) && (!(spawnInfo.Player.ZoneGlowshroom)) && (!(!Main.hardMode && spawnInfo.SpawnTileType == TileID.GreenDungeonBrick && !spawnInfo.Water)) && (!(!spawnInfo.Water && (Main.tile[spawnInfo.SpawnTileX, spawnInfo.SpawnTileY].WallType == WallID.GreenDungeonSlabUnsafe || Main.tile[spawnInfo.SpawnTileX, spawnInfo.SpawnTileY].WallType == WallID.GreenDungeonUnsafe) && !Main.hardMode && !tsorcRevampWorld.SuperHardMode)) && (!(Main.hardMode && spawnInfo.Lihzahrd)) && (!(Main.hardMode && spawnInfo.Player.ZoneNormalCaverns && !spawnInfo.Water)) && (!(Main.hardMode && spawnInfo.Player.ZoneDesert && spawnInfo.Player.ZoneOverworldHeight && !spawnInfo.Water)) && (!(Main.hardMode && spawnInfo.Player.ZoneUndergroundDesert && !spawnInfo.Water)) && (!(Main.hardMode && spawnInfo.SpawnTileType == TileID.BlueDungeonBrick && !spawnInfo.Water)) && (!(Main.hardMode && spawnInfo.SpawnTileType == TileID.TungstenBrick && !spawnInfo.Water)) && (!(tsorcRevampWorld.SuperHardMode && !((spawnInfo.SpawnTileX < 800 || (spawnInfo.SpawnTileX > (Main.maxTilesX - 800))) || spawnInfo.Player.ZoneJungle || spawnInfo.Player.ZoneCorrupt || spawnInfo.Player.ZoneCrimson || spawnInfo.Player.ZoneUnderworldHeight))) && (!(tsorcRevampWorld.SuperHardMode && spawnInfo.Player.ZoneOverworldHeight && !((spawnInfo.SpawnTileX < 800 || (spawnInfo.SpawnTileX > (Main.maxTilesX - 800))) || spawnInfo.Player.ZoneJungle || spawnInfo.Player.ZoneCorrupt || spawnInfo.Player.ZoneCrimson || spawnInfo.Player.ZoneSkyHeight))) && (tsorcRevampWorld.SuperHardMode && spawnInfo.Player.ZoneDesert && !(spawnInfo.SpawnTileX < 800 || (spawnInfo.SpawnTileX > (Main.maxTilesX - 800))))",NPCs/Enemies/HollowSpearman.cs,704
NPC Spawn Rule,HollowSpearman,Hollow Spearman,Enemies,ModNPC,Natural spawn rules,1,—,1000,38,45,No,No,No,SpawnChance,0.08f,SuperHardmode,Machine Temple,Any / condition-defined depth,Day and night / unspecified,—,Excluded,"(!(spawnInfo.Invasion || Sky(spawnInfo.Player) || spawnInfo.Player.ZoneSnow)) && (!(spawnInfo.Player.townNPCs > 1f)) && (!(spawnInfo.Water || spawnInfo.Player.ZoneCorrupt || spawnInfo.Player.ZoneCrimson)) && (!(spawnInfo.Player.ZoneGlowshroom)) && (!(!Main.hardMode && spawnInfo.SpawnTileType == TileID.GreenDungeonBrick && !spawnInfo.Water)) && (!(!spawnInfo.Water && (Main.tile[spawnInfo.SpawnTileX, spawnInfo.SpawnTileY].WallType == WallID.GreenDungeonSlabUnsafe || Main.tile[spawnInfo.SpawnTileX, spawnInfo.SpawnTileY].WallType == WallID.GreenDungeonUnsafe) && !Main.hardMode && !tsorcRevampWorld.SuperHardMode)) && (!(Main.hardMode && spawnInfo.Lihzahrd)) && (!(Main.hardMode && spawnInfo.Player.ZoneNormalCaverns && !spawnInfo.Water)) && (!(Main.hardMode && spawnInfo.Player.ZoneDesert && spawnInfo.Player.ZoneOverworldHeight && !spawnInfo.Water)) && (!(Main.hardMode && spawnInfo.Player.ZoneUndergroundDesert && !spawnInfo.Water)) && (!(Main.hardMode && spawnInfo.SpawnTileType == TileID.BlueDungeonBrick && !spawnInfo.Water)) && (!(Main.hardMode && spawnInfo.SpawnTileType == TileID.TungstenBrick && !spawnInfo.Water)) && (!(tsorcRevampWorld.SuperHardMode && !((spawnInfo.SpawnTileX < 800 || (spawnInfo.SpawnTileX > (Main.maxTilesX - 800))) || spawnInfo.Player.ZoneJungle || spawnInfo.Player.ZoneCorrupt || spawnInfo.Player.ZoneCrimson || spawnInfo.Player.ZoneUnderworldHeight))) && (!(tsorcRevampWorld.SuperHardMode && spawnInfo.Player.ZoneOverworldHeight && !((spawnInfo.SpawnTileX < 800 || (spawnInfo.SpawnTileX > (Main.maxTilesX - 800))) || spawnInfo.Player.ZoneJungle || spawnInfo.Player.ZoneCorrupt || spawnInfo.Player.ZoneCrimson || spawnInfo.Player.ZoneSkyHeight))) && (!(tsorcRevampWorld.SuperHardMode && spawnInfo.Player.ZoneDesert && !(spawnInfo.SpawnTileX < 800 || (spawnInfo.SpawnTileX > (Main.maxTilesX - 800))))) && (tsorcRevampWorld.SuperHardMode && spawnInfo.Player.ZoneDungeon && !spawnInfo.Player.ZoneUnderworldHeight)",NPCs/Enemies/HollowSpearman.cs,705
NPC Spawn Rule,HollowSpearman,Hollow Spearman,Enemies,ModNPC,Natural spawn rules,1,—,1000,38,45,No,No,No,SpawnChance,0.04f,Pre-Hardmode + Hardmode + SuperHardmode,Machine Temple,Surface,Day and night / unspecified,—,Excluded,"(!(spawnInfo.Invasion || Sky(spawnInfo.Player) || spawnInfo.Player.ZoneSnow)) && (!(spawnInfo.Player.townNPCs > 1f)) && (!(spawnInfo.Water || spawnInfo.Player.ZoneCorrupt || spawnInfo.Player.ZoneCrimson)) && (!(spawnInfo.Player.ZoneGlowshroom)) && (!(!Main.hardMode && spawnInfo.SpawnTileType == TileID.GreenDungeonBrick && !spawnInfo.Water)) && (!(!spawnInfo.Water && (Main.tile[spawnInfo.SpawnTileX, spawnInfo.SpawnTileY].WallType == WallID.GreenDungeonSlabUnsafe || Main.tile[spawnInfo.SpawnTileX, spawnInfo.SpawnTileY].WallType == WallID.GreenDungeonUnsafe) && !Main.hardMode && !tsorcRevampWorld.SuperHardMode)) && (!(Main.hardMode && spawnInfo.Lihzahrd)) && (!(Main.hardMode && spawnInfo.Player.ZoneNormalCaverns && !spawnInfo.Water)) && (!(Main.hardMode && spawnInfo.Player.ZoneDesert && spawnInfo.Player.ZoneOverworldHeight && !spawnInfo.Water)) && (!(Main.hardMode && spawnInfo.Player.ZoneUndergroundDesert && !spawnInfo.Water)) && (!(Main.hardMode && spawnInfo.SpawnTileType == TileID.BlueDungeonBrick && !spawnInfo.Water)) && (!(Main.hardMode && spawnInfo.SpawnTileType == TileID.TungstenBrick && !spawnInfo.Water)) && (!(tsorcRevampWorld.SuperHardMode && !((spawnInfo.SpawnTileX < 800 || (spawnInfo.SpawnTileX > (Main.maxTilesX - 800))) || spawnInfo.Player.ZoneJungle || spawnInfo.Player.ZoneCorrupt || spawnInfo.Player.ZoneCrimson || spawnInfo.Player.ZoneUnderworldHeight))) && (!(tsorcRevampWorld.SuperHardMode && spawnInfo.Player.ZoneOverworldHeight && !((spawnInfo.SpawnTileX < 800 || (spawnInfo.SpawnTileX > (Main.maxTilesX - 800))) || spawnInfo.Player.ZoneJungle || spawnInfo.Player.ZoneCorrupt || spawnInfo.Player.ZoneCrimson || spawnInfo.Player.ZoneSkyHeight))) && (!(tsorcRevampWorld.SuperHardMode && spawnInfo.Player.ZoneDesert && !(spawnInfo.SpawnTileX < 800 || (spawnInfo.SpawnTileX > (Main.maxTilesX - 800))))) && (!(tsorcRevampWorld.SuperHardMode && spawnInfo.Player.ZoneDungeon && !spawnInfo.Player.ZoneUnderworldHeight)) && (Main.expertMode && Main.bloodMoon && spawnInfo.Player.ZoneOverworldHeight && !((spawnInfo.SpawnTileX < 800 || (spawnInfo.SpawnTileX > (Main.maxTilesX - 800))) || spawnInfo.Player.ZoneCorrupt || spawnInfo.Player.ZoneCrimson || spawnInfo.Player.ZoneSkyHeight))",NPCs/Enemies/HollowSpearman.cs,708
NPC Spawn Rule,HollowSpearman,Hollow Spearman,Enemies,ModNPC,Natural spawn rules,1,—,1000,38,45,No,No,No,SpawnChance,0.02f,Pre-Hardmode + Hardmode + SuperHardmode,Machine Temple,Any / condition-defined depth,Day and night / unspecified,—,Excluded,"(!(spawnInfo.Invasion || Sky(spawnInfo.Player) || spawnInfo.Player.ZoneSnow)) && (!(spawnInfo.Player.townNPCs > 1f)) && (!(spawnInfo.Water || spawnInfo.Player.ZoneCorrupt || spawnInfo.Player.ZoneCrimson)) && (!(spawnInfo.Player.ZoneGlowshroom)) && (!(!Main.hardMode && spawnInfo.SpawnTileType == TileID.GreenDungeonBrick && !spawnInfo.Water)) && (!(!spawnInfo.Water && (Main.tile[spawnInfo.SpawnTileX, spawnInfo.SpawnTileY].WallType == WallID.GreenDungeonSlabUnsafe || Main.tile[spawnInfo.SpawnTileX, spawnInfo.SpawnTileY].WallType == WallID.GreenDungeonUnsafe) && !Main.hardMode && !tsorcRevampWorld.SuperHardMode)) && (!(Main.hardMode && spawnInfo.Lihzahrd)) && (!(Main.hardMode && spawnInfo.Player.ZoneNormalCaverns && !spawnInfo.Water)) && (!(Main.hardMode && spawnInfo.Player.ZoneDesert && spawnInfo.Player.ZoneOverworldHeight && !spawnInfo.Water)) && (!(Main.hardMode && spawnInfo.Player.ZoneUndergroundDesert && !spawnInfo.Water)) && (!(Main.hardMode && spawnInfo.SpawnTileType == TileID.BlueDungeonBrick && !spawnInfo.Water)) && (!(Main.hardMode && spawnInfo.SpawnTileType == TileID.TungstenBrick && !spawnInfo.Water)) && (!(tsorcRevampWorld.SuperHardMode && !((spawnInfo.SpawnTileX < 800 || (spawnInfo.SpawnTileX > (Main.maxTilesX - 800))) || spawnInfo.Player.ZoneJungle || spawnInfo.Player.ZoneCorrupt || spawnInfo.Player.ZoneCrimson || spawnInfo.Player.ZoneUnderworldHeight))) && (!(tsorcRevampWorld.SuperHardMode && spawnInfo.Player.ZoneOverworldHeight && !((spawnInfo.SpawnTileX < 800 || (spawnInfo.SpawnTileX > (Main.maxTilesX - 800))) || spawnInfo.Player.ZoneJungle || spawnInfo.Player.ZoneCorrupt || spawnInfo.Player.ZoneCrimson || spawnInfo.Player.ZoneSkyHeight))) && (!(tsorcRevampWorld.SuperHardMode && spawnInfo.Player.ZoneDesert && !(spawnInfo.SpawnTileX < 800 || (spawnInfo.SpawnTileX > (Main.maxTilesX - 800))))) && (!(tsorcRevampWorld.SuperHardMode && spawnInfo.Player.ZoneDungeon && !spawnInfo.Player.ZoneUnderworldHeight)) && (!(Main.expertMode && Main.bloodMoon && spawnInfo.Player.ZoneOverworldHeight && !((spawnInfo.SpawnTileX < 800 || (spawnInfo.SpawnTileX > (Main.maxTilesX - 800))) || spawnInfo.Player.ZoneCorrupt || spawnInfo.Player.ZoneCrimson || spawnInfo.Player.ZoneSkyHeight))) && (Main.expertMode && Main.bloodMoon && !((spawnInfo.SpawnTileX < 800 || (spawnInfo.SpawnTileX > (Main.maxTilesX - 800))) || spawnInfo.Player.ZoneJungle || spawnInfo.Player.ZoneHallow || spawnInfo.Player.ZoneCorrupt || spawnInfo.Player.ZoneCrimson || spawnInfo.Player.ZoneSnow || spawnInfo.Player.ZoneSkyHeight || spawnInfo.Player.ZoneUnderworldHeight))",NPCs/Enemies/HollowSpearman.cs,710
NPC Spawn Rule,HollowSpearman,Hollow Spearman,Enemies,ModNPC,Natural spawn rules,1,—,1000,38,45,No,No,No,SpawnChance,0.035f,Pre-Hardmode + Hardmode + SuperHardmode,Machine Temple,Underground or Caverns,Day,—,Excluded,"(!(spawnInfo.Invasion || Sky(spawnInfo.Player) || spawnInfo.Player.ZoneSnow)) && (!(spawnInfo.Player.townNPCs > 1f)) && (!(spawnInfo.Water || spawnInfo.Player.ZoneCorrupt || spawnInfo.Player.ZoneCrimson)) && (!(spawnInfo.Player.ZoneGlowshroom)) && (!(!Main.hardMode && spawnInfo.SpawnTileType == TileID.GreenDungeonBrick && !spawnInfo.Water)) && (!(!spawnInfo.Water && (Main.tile[spawnInfo.SpawnTileX, spawnInfo.SpawnTileY].WallType == WallID.GreenDungeonSlabUnsafe || Main.tile[spawnInfo.SpawnTileX, spawnInfo.SpawnTileY].WallType == WallID.GreenDungeonUnsafe) && !Main.hardMode && !tsorcRevampWorld.SuperHardMode)) && (!(Main.hardMode && spawnInfo.Lihzahrd)) && (!(Main.hardMode && spawnInfo.Player.ZoneNormalCaverns && !spawnInfo.Water)) && (!(Main.hardMode && spawnInfo.Player.ZoneDesert && spawnInfo.Player.ZoneOverworldHeight && !spawnInfo.Water)) && (!(Main.hardMode && spawnInfo.Player.ZoneUndergroundDesert && !spawnInfo.Water)) && (!(Main.hardMode && spawnInfo.SpawnTileType == TileID.BlueDungeonBrick && !spawnInfo.Water)) && (!(Main.hardMode && spawnInfo.SpawnTileType == TileID.TungstenBrick && !spawnInfo.Water)) && (!(tsorcRevampWorld.SuperHardMode && !((spawnInfo.SpawnTileX < 800 || (spawnInfo.SpawnTileX > (Main.maxTilesX - 800))) || spawnInfo.Player.ZoneJungle || spawnInfo.Player.ZoneCorrupt || spawnInfo.Player.ZoneCrimson || spawnInfo.Player.ZoneUnderworldHeight))) && (!(tsorcRevampWorld.SuperHardMode && spawnInfo.Player.ZoneOverworldHeight && !((spawnInfo.SpawnTileX < 800 || (spawnInfo.SpawnTileX > (Main.maxTilesX - 800))) || spawnInfo.Player.ZoneJungle || spawnInfo.Player.ZoneCorrupt || spawnInfo.Player.ZoneCrimson || spawnInfo.Player.ZoneSkyHeight))) && (!(tsorcRevampWorld.SuperHardMode && spawnInfo.Player.ZoneDesert && !(spawnInfo.SpawnTileX < 800 || (spawnInfo.SpawnTileX > (Main.maxTilesX - 800))))) && (!(tsorcRevampWorld.SuperHardMode && spawnInfo.Player.ZoneDungeon && !spawnInfo.Player.ZoneUnderworldHeight)) && (!(Main.expertMode && Main.bloodMoon && spawnInfo.Player.ZoneOverworldHeight && !((spawnInfo.SpawnTileX < 800 || (spawnInfo.SpawnTileX > (Main.maxTilesX - 800))) || spawnInfo.Player.ZoneCorrupt || spawnInfo.Player.ZoneCrimson || spawnInfo.Player.ZoneSkyHeight))) && (!(Main.expertMode && Main.bloodMoon && !((spawnInfo.SpawnTileX < 800 || (spawnInfo.SpawnTileX > (Main.maxTilesX - 800))) || spawnInfo.Player.ZoneJungle || spawnInfo.Player.ZoneHallow || spawnInfo.Player.ZoneCorrupt || spawnInfo.Player.ZoneCrimson || spawnInfo.Player.ZoneSnow || spawnInfo.Player.ZoneSkyHeight || spawnInfo.Player.ZoneUnderworldHeight))) && (((!Main.expertMode && (NPC.downedBoss1 || NPC.downedBoss2)) || Main.expertMode) && (spawnInfo.Player.ZoneDirtLayerHeight || spawnInfo.Player.ZoneRockLayerHeight) && Main.dayTime && !((spawnInfo.SpawnTileX < 800 || (spawnInfo.SpawnTileX > (Main.maxTilesX - 800))) || spawnInfo.Player.ZoneJungle || spawnInfo.Player.ZoneHallow || spawnInfo.Player.ZoneCorrupt || spawnInfo.Player.ZoneCrimson || spawnInfo.Player.ZoneSnow))",NPCs/Enemies/HollowSpearman.cs,715
NPC Spawn Rule,HollowSpearman,Hollow Spearman,Enemies,ModNPC,Natural spawn rules,1,—,1000,38,45,No,No,No,SpawnChance,0.05f,Pre-Hardmode + Hardmode + SuperHardmode,Machine Temple,Underground or Caverns,Night,—,Excluded,"(!(spawnInfo.Invasion || Sky(spawnInfo.Player) || spawnInfo.Player.ZoneSnow)) && (!(spawnInfo.Player.townNPCs > 1f)) && (!(spawnInfo.Water || spawnInfo.Player.ZoneCorrupt || spawnInfo.Player.ZoneCrimson)) && (!(spawnInfo.Player.ZoneGlowshroom)) && (!(!Main.hardMode && spawnInfo.SpawnTileType == TileID.GreenDungeonBrick && !spawnInfo.Water)) && (!(!spawnInfo.Water && (Main.tile[spawnInfo.SpawnTileX, spawnInfo.SpawnTileY].WallType == WallID.GreenDungeonSlabUnsafe || Main.tile[spawnInfo.SpawnTileX, spawnInfo.SpawnTileY].WallType == WallID.GreenDungeonUnsafe) && !Main.hardMode && !tsorcRevampWorld.SuperHardMode)) && (!(Main.hardMode && spawnInfo.Lihzahrd)) && (!(Main.hardMode && spawnInfo.Player.ZoneNormalCaverns && !spawnInfo.Water)) && (!(Main.hardMode && spawnInfo.Player.ZoneDesert && spawnInfo.Player.ZoneOverworldHeight && !spawnInfo.Water)) && (!(Main.hardMode && spawnInfo.Player.ZoneUndergroundDesert && !spawnInfo.Water)) && (!(Main.hardMode && spawnInfo.SpawnTileType == TileID.BlueDungeonBrick && !spawnInfo.Water)) && (!(Main.hardMode && spawnInfo.SpawnTileType == TileID.TungstenBrick && !spawnInfo.Water)) && (!(tsorcRevampWorld.SuperHardMode && !((spawnInfo.SpawnTileX < 800 || (spawnInfo.SpawnTileX > (Main.maxTilesX - 800))) || spawnInfo.Player.ZoneJungle || spawnInfo.Player.ZoneCorrupt || spawnInfo.Player.ZoneCrimson || spawnInfo.Player.ZoneUnderworldHeight))) && (!(tsorcRevampWorld.SuperHardMode && spawnInfo.Player.ZoneOverworldHeight && !((spawnInfo.SpawnTileX < 800 || (spawnInfo.SpawnTileX > (Main.maxTilesX - 800))) || spawnInfo.Player.ZoneJungle || spawnInfo.Player.ZoneCorrupt || spawnInfo.Player.ZoneCrimson || spawnInfo.Player.ZoneSkyHeight))) && (!(tsorcRevampWorld.SuperHardMode && spawnInfo.Player.ZoneDesert && !(spawnInfo.SpawnTileX < 800 || (spawnInfo.SpawnTileX > (Main.maxTilesX - 800))))) && (!(tsorcRevampWorld.SuperHardMode && spawnInfo.Player.ZoneDungeon && !spawnInfo.Player.ZoneUnderworldHeight)) && (!(Main.expertMode && Main.bloodMoon && spawnInfo.Player.ZoneOverworldHeight && !((spawnInfo.SpawnTileX < 800 || (spawnInfo.SpawnTileX > (Main.maxTilesX - 800))) || spawnInfo.Player.ZoneCorrupt || spawnInfo.Player.ZoneCrimson || spawnInfo.Player.ZoneSkyHeight))) && (!(Main.expertMode && Main.bloodMoon && !((spawnInfo.SpawnTileX < 800 || (spawnInfo.SpawnTileX > (Main.maxTilesX - 800))) || spawnInfo.Player.ZoneJungle || spawnInfo.Player.ZoneHallow || spawnInfo.Player.ZoneCorrupt || spawnInfo.Player.ZoneCrimson || spawnInfo.Player.ZoneSnow || spawnInfo.Player.ZoneSkyHeight || spawnInfo.Player.ZoneUnderworldHeight))) && (!(((!Main.expertMode && (NPC.downedBoss1 || NPC.downedBoss2)) || Main.expertMode) && (spawnInfo.Player.ZoneDirtLayerHeight || spawnInfo.Player.ZoneRockLayerHeight) && Main.dayTime && !((spawnInfo.SpawnTileX < 800 || (spawnInfo.SpawnTileX > (Main.maxTilesX - 800))) || spawnInfo.Player.ZoneJungle || spawnInfo.Player.ZoneHallow || spawnInfo.Player.ZoneCorrupt || spawnInfo.Player.ZoneCrimson || spawnInfo.Player.ZoneSnow))) && (((!Main.expertMode && (NPC.downedBoss1 || NPC.downedBoss2)) || Main.expertMode) && (spawnInfo.Player.ZoneDirtLayerHeight || spawnInfo.Player.ZoneRockLayerHeight) && !Main.dayTime && !((spawnInfo.SpawnTileX < 800 || (spawnInfo.SpawnTileX > (Main.maxTilesX - 800))) || spawnInfo.Player.ZoneJungle || spawnInfo.Player.ZoneHallow || spawnInfo.Player.ZoneCorrupt || spawnInfo.Player.ZoneCrimson || spawnInfo.Player.ZoneSnow))",NPCs/Enemies/HollowSpearman.cs,716
NPC Spawn Rule,HollowSpearman,Hollow Spearman,Enemies,ModNPC,Natural spawn rules,1,—,1000,38,45,No,No,No,SpawnChance,0,Pre-Hardmode + Hardmode + SuperHardmode,Machine Temple,Any / condition-defined depth,Day and night / unspecified,—,Excluded,"(!(spawnInfo.Invasion || Sky(spawnInfo.Player) || spawnInfo.Player.ZoneSnow)) && (!(spawnInfo.Player.townNPCs > 1f)) && (!(spawnInfo.Water || spawnInfo.Player.ZoneCorrupt || spawnInfo.Player.ZoneCrimson)) && (!(spawnInfo.Player.ZoneGlowshroom)) && (!(!Main.hardMode && spawnInfo.SpawnTileType == TileID.GreenDungeonBrick && !spawnInfo.Water)) && (!(!spawnInfo.Water && (Main.tile[spawnInfo.SpawnTileX, spawnInfo.SpawnTileY].WallType == WallID.GreenDungeonSlabUnsafe || Main.tile[spawnInfo.SpawnTileX, spawnInfo.SpawnTileY].WallType == WallID.GreenDungeonUnsafe) && !Main.hardMode && !tsorcRevampWorld.SuperHardMode)) && (!(Main.hardMode && spawnInfo.Lihzahrd)) && (!(Main.hardMode && spawnInfo.Player.ZoneNormalCaverns && !spawnInfo.Water)) && (!(Main.hardMode && spawnInfo.Player.ZoneDesert && spawnInfo.Player.ZoneOverworldHeight && !spawnInfo.Water)) && (!(Main.hardMode && spawnInfo.Player.ZoneUndergroundDesert && !spawnInfo.Water)) && (!(Main.hardMode && spawnInfo.SpawnTileType == TileID.BlueDungeonBrick && !spawnInfo.Water)) && (!(Main.hardMode && spawnInfo.SpawnTileType == TileID.TungstenBrick && !spawnInfo.Water)) && (!(tsorcRevampWorld.SuperHardMode && !((spawnInfo.SpawnTileX < 800 || (spawnInfo.SpawnTileX > (Main.maxTilesX - 800))) || spawnInfo.Player.ZoneJungle || spawnInfo.Player.ZoneCorrupt || spawnInfo.Player.ZoneCrimson || spawnInfo.Player.ZoneUnderworldHeight))) && (!(tsorcRevampWorld.SuperHardMode && spawnInfo.Player.ZoneOverworldHeight && !((spawnInfo.SpawnTileX < 800 || (spawnInfo.SpawnTileX > (Main.maxTilesX - 800))) || spawnInfo.Player.ZoneJungle || spawnInfo.Player.ZoneCorrupt || spawnInfo.Player.ZoneCrimson || spawnInfo.Player.ZoneSkyHeight))) && (!(tsorcRevampWorld.SuperHardMode && spawnInfo.Player.ZoneDesert && !(spawnInfo.SpawnTileX < 800 || (spawnInfo.SpawnTileX > (Main.maxTilesX - 800))))) && (!(tsorcRevampWorld.SuperHardMode && spawnInfo.Player.ZoneDungeon && !spawnInfo.Player.ZoneUnderworldHeight)) && (!(Main.expertMode && Main.bloodMoon && spawnInfo.Player.ZoneOverworldHeight && !((spawnInfo.SpawnTileX < 800 || (spawnInfo.SpawnTileX > (Main.maxTilesX - 800))) || spawnInfo.Player.ZoneCorrupt || spawnInfo.Player.ZoneCrimson || spawnInfo.Player.ZoneSkyHeight))) && (!(Main.expertMode && Main.bloodMoon && !((spawnInfo.SpawnTileX < 800 || (spawnInfo.SpawnTileX > (Main.maxTilesX - 800))) || spawnInfo.Player.ZoneJungle || spawnInfo.Player.ZoneHallow || spawnInfo.Player.ZoneCorrupt || spawnInfo.Player.ZoneCrimson || spawnInfo.Player.ZoneSnow || spawnInfo.Player.ZoneSkyHeight || spawnInfo.Player.ZoneUnderworldHeight))) && (!(((!Main.expertMode && (NPC.downedBoss1 || NPC.downedBoss2)) || Main.expertMode) && (spawnInfo.Player.ZoneDirtLayerHeight || spawnInfo.Player.ZoneRockLayerHeight) && Main.dayTime && !((spawnInfo.SpawnTileX < 800 || (spawnInfo.SpawnTileX > (Main.maxTilesX - 800))) || spawnInfo.Player.ZoneJungle || spawnInfo.Player.ZoneHallow || spawnInfo.Player.ZoneCorrupt || spawnInfo.Player.ZoneCrimson || spawnInfo.Player.ZoneSnow))) && (!(((!Main.expertMode && (NPC.downedBoss1 || NPC.downedBoss2)) || Main.expertMode) && (spawnInfo.Player.ZoneDirtLayerHeight || spawnInfo.Player.ZoneRockLayerHeight) && !Main.dayTime && !((spawnInfo.SpawnTileX < 800 || (spawnInfo.SpawnTileX > (Main.maxTilesX - 800))) || spawnInfo.Player.ZoneJungle || spawnInfo.Player.ZoneHallow || spawnInfo.Player.ZoneCorrupt || spawnInfo.Player.ZoneCrimson || spawnInfo.Player.ZoneSnow)))",NPCs/Enemies/HollowSpearman.cs,720
NPC Spawn Rule,HollowSpearmanOriginal,Old Hollow Spearman,Enemies,ModNPC,Natural spawn rules,1,—,1000,38,45,No,No,No,SpawnChance,0,Pre-Hardmode + Hardmode + SuperHardmode,Snow,Any / condition-defined depth,Day and night / unspecified,—,Unspecified,(spawnInfo.Invasion || Sky(spawnInfo.Player) || spawnInfo.Player.ZoneSnow),NPCs/Enemies/HollowSpearmanOriginal.cs,821
NPC Spawn Rule,HollowSpearmanOriginal,Old Hollow Spearman,Enemies,ModNPC,Natural spawn rules,1,—,1000,38,45,No,No,No,SpawnChance,0f,Pre-Hardmode + Hardmode + SuperHardmode,General / Custom,Any / condition-defined depth,Day and night / unspecified,—,Unspecified,(!(spawnInfo.Invasion || Sky(spawnInfo.Player) || spawnInfo.Player.ZoneSnow)) && (spawnInfo.Player.townNPCs > 1f),NPCs/Enemies/HollowSpearmanOriginal.cs,824
NPC Spawn Rule,HollowSpearmanOriginal,Old Hollow Spearman,Enemies,ModNPC,Natural spawn rules,1,—,1000,38,45,No,No,No,SpawnChance,0f,Pre-Hardmode + Hardmode + SuperHardmode,Corruption + Crimson,Any / condition-defined depth,Day and night / unspecified,—,Conditional / mixed,(!(spawnInfo.Invasion || Sky(spawnInfo.Player) || spawnInfo.Player.ZoneSnow)) && (!(spawnInfo.Player.townNPCs > 1f)) && (spawnInfo.Water || spawnInfo.Player.ZoneCorrupt || spawnInfo.Player.ZoneCrimson),NPCs/Enemies/HollowSpearmanOriginal.cs,826
NPC Spawn Rule,HollowSpearmanOriginal,Old Hollow Spearman,Enemies,ModNPC,Natural spawn rules,1,—,1000,38,45,No,No,No,SpawnChance,0f,Pre-Hardmode + Hardmode + SuperHardmode,Glowing Mushroom,Any / condition-defined depth,Day and night / unspecified,—,Excluded,(!(spawnInfo.Invasion || Sky(spawnInfo.Player) || spawnInfo.Player.ZoneSnow)) && (!(spawnInfo.Player.townNPCs > 1f)) && (!(spawnInfo.Water || spawnInfo.Player.ZoneCorrupt || spawnInfo.Player.ZoneCrimson)) && (spawnInfo.Player.ZoneGlowshroom),NPCs/Enemies/HollowSpearmanOriginal.cs,827
NPC Spawn Rule,HollowSpearmanOriginal,Old Hollow Spearman,Enemies,ModNPC,Natural spawn rules,1,—,1000,38,45,No,No,No,SpawnChance,0.07f,Pre-Hardmode,General / Custom,Any / condition-defined depth,Day and night / unspecified,—,Excluded,(!(spawnInfo.Invasion || Sky(spawnInfo.Player) || spawnInfo.Player.ZoneSnow)) && (!(spawnInfo.Player.townNPCs > 1f)) && (!(spawnInfo.Water || spawnInfo.Player.ZoneCorrupt || spawnInfo.Player.ZoneCrimson)) && (!(spawnInfo.Player.ZoneGlowshroom)) && (!Main.hardMode && spawnInfo.SpawnTileType == TileID.GreenDungeonBrick && !spawnInfo.Water),NPCs/Enemies/HollowSpearmanOriginal.cs,829
NPC Spawn Rule,HollowSpearmanOriginal,Old Hollow Spearman,Enemies,ModNPC,Natural spawn rules,1,—,1000,38,45,No,No,No,SpawnChance,0.05f,Pre-Hardmode,Machine Temple,Any / condition-defined depth,Day and night / unspecified,—,Excluded,"(!(spawnInfo.Invasion || Sky(spawnInfo.Player) || spawnInfo.Player.ZoneSnow)) && (!(spawnInfo.Player.townNPCs > 1f)) && (!(spawnInfo.Water || spawnInfo.Player.ZoneCorrupt || spawnInfo.Player.ZoneCrimson)) && (!(spawnInfo.Player.ZoneGlowshroom)) && (!(!Main.hardMode && spawnInfo.SpawnTileType == TileID.GreenDungeonBrick && !spawnInfo.Water)) && (!spawnInfo.Water && (Main.tile[spawnInfo.SpawnTileX, spawnInfo.SpawnTileY].WallType == WallID.GreenDungeonSlabUnsafe || Main.tile[spawnInfo.SpawnTileX, spawnInfo.SpawnTileY].WallType == WallID.GreenDungeonUnsafe) && !Main.hardMode && !tsorcRevampWorld.SuperHardMode)",NPCs/Enemies/HollowSpearmanOriginal.cs,830
NPC Spawn Rule,HollowSpearmanOriginal,Old Hollow Spearman,Enemies,ModNPC,Natural spawn rules,1,—,1000,38,45,No,No,No,SpawnChance,0.05f,Hardmode + SuperHardmode,Machine Temple,Any / condition-defined depth,Day and night / unspecified,—,Excluded,"(!(spawnInfo.Invasion || Sky(spawnInfo.Player) || spawnInfo.Player.ZoneSnow)) && (!(spawnInfo.Player.townNPCs > 1f)) && (!(spawnInfo.Water || spawnInfo.Player.ZoneCorrupt || spawnInfo.Player.ZoneCrimson)) && (!(spawnInfo.Player.ZoneGlowshroom)) && (!(!Main.hardMode && spawnInfo.SpawnTileType == TileID.GreenDungeonBrick && !spawnInfo.Water)) && (!(!spawnInfo.Water && (Main.tile[spawnInfo.SpawnTileX, spawnInfo.SpawnTileY].WallType == WallID.GreenDungeonSlabUnsafe || Main.tile[spawnInfo.SpawnTileX, spawnInfo.SpawnTileY].WallType == WallID.GreenDungeonUnsafe) && !Main.hardMode && !tsorcRevampWorld.SuperHardMode)) && (Main.hardMode && spawnInfo.Lihzahrd)",NPCs/Enemies/HollowSpearmanOriginal.cs,831
NPC Spawn Rule,HollowSpearmanOriginal,Old Hollow Spearman,Enemies,ModNPC,Natural spawn rules,1,—,1000,38,45,No,No,No,SpawnChance,0.01f,Hardmode + SuperHardmode,Machine Temple,Caverns,Day and night / unspecified,—,Excluded,"(!(spawnInfo.Invasion || Sky(spawnInfo.Player) || spawnInfo.Player.ZoneSnow)) && (!(spawnInfo.Player.townNPCs > 1f)) && (!(spawnInfo.Water || spawnInfo.Player.ZoneCorrupt || spawnInfo.Player.ZoneCrimson)) && (!(spawnInfo.Player.ZoneGlowshroom)) && (!(!Main.hardMode && spawnInfo.SpawnTileType == TileID.GreenDungeonBrick && !spawnInfo.Water)) && (!(!spawnInfo.Water && (Main.tile[spawnInfo.SpawnTileX, spawnInfo.SpawnTileY].WallType == WallID.GreenDungeonSlabUnsafe || Main.tile[spawnInfo.SpawnTileX, spawnInfo.SpawnTileY].WallType == WallID.GreenDungeonUnsafe) && !Main.hardMode && !tsorcRevampWorld.SuperHardMode)) && (!(Main.hardMode && spawnInfo.Lihzahrd)) && (Main.hardMode && spawnInfo.Player.ZoneNormalCaverns && !spawnInfo.Water)",NPCs/Enemies/HollowSpearmanOriginal.cs,832
NPC Spawn Rule,HollowSpearmanOriginal,Old Hollow Spearman,Enemies,ModNPC,Natural spawn rules,1,—,1000,38,45,No,No,No,SpawnChance,0.025f,Hardmode + SuperHardmode,Machine Temple,Surface,Day and night / unspecified,—,Excluded,"(!(spawnInfo.Invasion || Sky(spawnInfo.Player) || spawnInfo.Player.ZoneSnow)) && (!(spawnInfo.Player.townNPCs > 1f)) && (!(spawnInfo.Water || spawnInfo.Player.ZoneCorrupt || spawnInfo.Player.ZoneCrimson)) && (!(spawnInfo.Player.ZoneGlowshroom)) && (!(!Main.hardMode && spawnInfo.SpawnTileType == TileID.GreenDungeonBrick && !spawnInfo.Water)) && (!(!spawnInfo.Water && (Main.tile[spawnInfo.SpawnTileX, spawnInfo.SpawnTileY].WallType == WallID.GreenDungeonSlabUnsafe || Main.tile[spawnInfo.SpawnTileX, spawnInfo.SpawnTileY].WallType == WallID.GreenDungeonUnsafe) && !Main.hardMode && !tsorcRevampWorld.SuperHardMode)) && (!(Main.hardMode && spawnInfo.Lihzahrd)) && (!(Main.hardMode && spawnInfo.Player.ZoneNormalCaverns && !spawnInfo.Water)) && (Main.hardMode && spawnInfo.Player.ZoneDesert && spawnInfo.Player.ZoneOverworldHeight && !spawnInfo.Water)",NPCs/Enemies/HollowSpearmanOriginal.cs,833
NPC Spawn Rule,HollowSpearmanOriginal,Old Hollow Spearman,Enemies,ModNPC,Natural spawn rules,1,—,1000,38,45,No,No,No,SpawnChance,0.035f,Hardmode + SuperHardmode,Machine Temple,Any / condition-defined depth,Day and night / unspecified,—,Excluded,"(!(spawnInfo.Invasion || Sky(spawnInfo.Player) || spawnInfo.Player.ZoneSnow)) && (!(spawnInfo.Player.townNPCs > 1f)) && (!(spawnInfo.Water || spawnInfo.Player.ZoneCorrupt || spawnInfo.Player.ZoneCrimson)) && (!(spawnInfo.Player.ZoneGlowshroom)) && (!(!Main.hardMode && spawnInfo.SpawnTileType == TileID.GreenDungeonBrick && !spawnInfo.Water)) && (!(!spawnInfo.Water && (Main.tile[spawnInfo.SpawnTileX, spawnInfo.SpawnTileY].WallType == WallID.GreenDungeonSlabUnsafe || Main.tile[spawnInfo.SpawnTileX, spawnInfo.SpawnTileY].WallType == WallID.GreenDungeonUnsafe) && !Main.hardMode && !tsorcRevampWorld.SuperHardMode)) && (!(Main.hardMode && spawnInfo.Lihzahrd)) && (!(Main.hardMode && spawnInfo.Player.ZoneNormalCaverns && !spawnInfo.Water)) && (!(Main.hardMode && spawnInfo.Player.ZoneDesert && spawnInfo.Player.ZoneOverworldHeight && !spawnInfo.Water)) && (Main.hardMode && spawnInfo.Player.ZoneUndergroundDesert && !spawnInfo.Water)",NPCs/Enemies/HollowSpearmanOriginal.cs,834
NPC Spawn Rule,HollowSpearmanOriginal,Old Hollow Spearman,Enemies,ModNPC,Natural spawn rules,1,—,1000,38,45,No,No,No,SpawnChance,0.09f,Hardmode + SuperHardmode,Machine Temple,Any / condition-defined depth,Day and night / unspecified,—,Excluded,"(!(spawnInfo.Invasion || Sky(spawnInfo.Player) || spawnInfo.Player.ZoneSnow)) && (!(spawnInfo.Player.townNPCs > 1f)) && (!(spawnInfo.Water || spawnInfo.Player.ZoneCorrupt || spawnInfo.Player.ZoneCrimson)) && (!(spawnInfo.Player.ZoneGlowshroom)) && (!(!Main.hardMode && spawnInfo.SpawnTileType == TileID.GreenDungeonBrick && !spawnInfo.Water)) && (!(!spawnInfo.Water && (Main.tile[spawnInfo.SpawnTileX, spawnInfo.SpawnTileY].WallType == WallID.GreenDungeonSlabUnsafe || Main.tile[spawnInfo.SpawnTileX, spawnInfo.SpawnTileY].WallType == WallID.GreenDungeonUnsafe) && !Main.hardMode && !tsorcRevampWorld.SuperHardMode)) && (!(Main.hardMode && spawnInfo.Lihzahrd)) && (!(Main.hardMode && spawnInfo.Player.ZoneNormalCaverns && !spawnInfo.Water)) && (!(Main.hardMode && spawnInfo.Player.ZoneDesert && spawnInfo.Player.ZoneOverworldHeight && !spawnInfo.Water)) && (!(Main.hardMode && spawnInfo.Player.ZoneUndergroundDesert && !spawnInfo.Water)) && (Main.hardMode && spawnInfo.SpawnTileType == TileID.BlueDungeonBrick && !spawnInfo.Water)",NPCs/Enemies/HollowSpearmanOriginal.cs,835
NPC Spawn Rule,HollowSpearmanOriginal,Old Hollow Spearman,Enemies,ModNPC,Natural spawn rules,1,—,1000,38,45,No,No,No,SpawnChance,0.08f,Hardmode + SuperHardmode,Machine Temple,Any / condition-defined depth,Day and night / unspecified,—,Excluded,"(!(spawnInfo.Invasion || Sky(spawnInfo.Player) || spawnInfo.Player.ZoneSnow)) && (!(spawnInfo.Player.townNPCs > 1f)) && (!(spawnInfo.Water || spawnInfo.Player.ZoneCorrupt || spawnInfo.Player.ZoneCrimson)) && (!(spawnInfo.Player.ZoneGlowshroom)) && (!(!Main.hardMode && spawnInfo.SpawnTileType == TileID.GreenDungeonBrick && !spawnInfo.Water)) && (!(!spawnInfo.Water && (Main.tile[spawnInfo.SpawnTileX, spawnInfo.SpawnTileY].WallType == WallID.GreenDungeonSlabUnsafe || Main.tile[spawnInfo.SpawnTileX, spawnInfo.SpawnTileY].WallType == WallID.GreenDungeonUnsafe) && !Main.hardMode && !tsorcRevampWorld.SuperHardMode)) && (!(Main.hardMode && spawnInfo.Lihzahrd)) && (!(Main.hardMode && spawnInfo.Player.ZoneNormalCaverns && !spawnInfo.Water)) && (!(Main.hardMode && spawnInfo.Player.ZoneDesert && spawnInfo.Player.ZoneOverworldHeight && !spawnInfo.Water)) && (!(Main.hardMode && spawnInfo.Player.ZoneUndergroundDesert && !spawnInfo.Water)) && (!(Main.hardMode && spawnInfo.SpawnTileType == TileID.BlueDungeonBrick && !spawnInfo.Water)) && (Main.hardMode && spawnInfo.SpawnTileType == TileID.TungstenBrick && !spawnInfo.Water)",NPCs/Enemies/HollowSpearmanOriginal.cs,836
NPC Spawn Rule,HollowSpearmanOriginal,Old Hollow Spearman,Enemies,ModNPC,Natural spawn rules,1,—,1000,38,45,No,No,No,SpawnChance,0.115f,SuperHardmode,Machine Temple,Any / condition-defined depth,Day and night / unspecified,—,Excluded,"(!(spawnInfo.Invasion || Sky(spawnInfo.Player) || spawnInfo.Player.ZoneSnow)) && (!(spawnInfo.Player.townNPCs > 1f)) && (!(spawnInfo.Water || spawnInfo.Player.ZoneCorrupt || spawnInfo.Player.ZoneCrimson)) && (!(spawnInfo.Player.ZoneGlowshroom)) && (!(!Main.hardMode && spawnInfo.SpawnTileType == TileID.GreenDungeonBrick && !spawnInfo.Water)) && (!(!spawnInfo.Water && (Main.tile[spawnInfo.SpawnTileX, spawnInfo.SpawnTileY].WallType == WallID.GreenDungeonSlabUnsafe || Main.tile[spawnInfo.SpawnTileX, spawnInfo.SpawnTileY].WallType == WallID.GreenDungeonUnsafe) && !Main.hardMode && !tsorcRevampWorld.SuperHardMode)) && (!(Main.hardMode && spawnInfo.Lihzahrd)) && (!(Main.hardMode && spawnInfo.Player.ZoneNormalCaverns && !spawnInfo.Water)) && (!(Main.hardMode && spawnInfo.Player.ZoneDesert && spawnInfo.Player.ZoneOverworldHeight && !spawnInfo.Water)) && (!(Main.hardMode && spawnInfo.Player.ZoneUndergroundDesert && !spawnInfo.Water)) && (!(Main.hardMode && spawnInfo.SpawnTileType == TileID.BlueDungeonBrick && !spawnInfo.Water)) && (!(Main.hardMode && spawnInfo.SpawnTileType == TileID.TungstenBrick && !spawnInfo.Water)) && (tsorcRevampWorld.SuperHardMode && !((spawnInfo.SpawnTileX < 800 || (spawnInfo.SpawnTileX > (Main.maxTilesX - 800))) || spawnInfo.Player.ZoneJungle || spawnInfo.Player.ZoneCorrupt || spawnInfo.Player.ZoneCrimson || spawnInfo.Player.ZoneUnderworldHeight))",NPCs/Enemies/HollowSpearmanOriginal.cs,838
NPC Spawn Rule,HollowSpearmanOriginal,Old Hollow Spearman,Enemies,ModNPC,Natural spawn rules,1,—,1000,38,45,No,No,No,SpawnChance,0.13f,SuperHardmode,Machine Temple,Surface,Day and night / unspecified,—,Excluded,"(!(spawnInfo.Invasion || Sky(spawnInfo.Player) || spawnInfo.Player.ZoneSnow)) && (!(spawnInfo.Player.townNPCs > 1f)) && (!(spawnInfo.Water || spawnInfo.Player.ZoneCorrupt || spawnInfo.Player.ZoneCrimson)) && (!(spawnInfo.Player.ZoneGlowshroom)) && (!(!Main.hardMode && spawnInfo.SpawnTileType == TileID.GreenDungeonBrick && !spawnInfo.Water)) && (!(!spawnInfo.Water && (Main.tile[spawnInfo.SpawnTileX, spawnInfo.SpawnTileY].WallType == WallID.GreenDungeonSlabUnsafe || Main.tile[spawnInfo.SpawnTileX, spawnInfo.SpawnTileY].WallType == WallID.GreenDungeonUnsafe) && !Main.hardMode && !tsorcRevampWorld.SuperHardMode)) && (!(Main.hardMode && spawnInfo.Lihzahrd)) && (!(Main.hardMode && spawnInfo.Player.ZoneNormalCaverns && !spawnInfo.Water)) && (!(Main.hardMode && spawnInfo.Player.ZoneDesert && spawnInfo.Player.ZoneOverworldHeight && !spawnInfo.Water)) && (!(Main.hardMode && spawnInfo.Player.ZoneUndergroundDesert && !spawnInfo.Water)) && (!(Main.hardMode && spawnInfo.SpawnTileType == TileID.BlueDungeonBrick && !spawnInfo.Water)) && (!(Main.hardMode && spawnInfo.SpawnTileType == TileID.TungstenBrick && !spawnInfo.Water)) && (!(tsorcRevampWorld.SuperHardMode && !((spawnInfo.SpawnTileX < 800 || (spawnInfo.SpawnTileX > (Main.maxTilesX - 800))) || spawnInfo.Player.ZoneJungle || spawnInfo.Player.ZoneCorrupt || spawnInfo.Player.ZoneCrimson || spawnInfo.Player.ZoneUnderworldHeight))) && (tsorcRevampWorld.SuperHardMode && spawnInfo.Player.ZoneOverworldHeight && !((spawnInfo.SpawnTileX < 800 || (spawnInfo.SpawnTileX > (Main.maxTilesX - 800))) || spawnInfo.Player.ZoneJungle || spawnInfo.Player.ZoneCorrupt || spawnInfo.Player.ZoneCrimson || spawnInfo.Player.ZoneSkyHeight))",NPCs/Enemies/HollowSpearmanOriginal.cs,839
NPC Spawn Rule,HollowSpearmanOriginal,Old Hollow Spearman,Enemies,ModNPC,Natural spawn rules,1,—,1000,38,45,No,No,No,SpawnChance,0.15f,SuperHardmode,Machine Temple,Any / condition-defined depth,Day and night / unspecified,—,Excluded,"(!(spawnInfo.Invasion || Sky(spawnInfo.Player) || spawnInfo.Player.ZoneSnow)) && (!(spawnInfo.Player.townNPCs > 1f)) && (!(spawnInfo.Water || spawnInfo.Player.ZoneCorrupt || spawnInfo.Player.ZoneCrimson)) && (!(spawnInfo.Player.ZoneGlowshroom)) && (!(!Main.hardMode && spawnInfo.SpawnTileType == TileID.GreenDungeonBrick && !spawnInfo.Water)) && (!(!spawnInfo.Water && (Main.tile[spawnInfo.SpawnTileX, spawnInfo.SpawnTileY].WallType == WallID.GreenDungeonSlabUnsafe || Main.tile[spawnInfo.SpawnTileX, spawnInfo.SpawnTileY].WallType == WallID.GreenDungeonUnsafe) && !Main.hardMode && !tsorcRevampWorld.SuperHardMode)) && (!(Main.hardMode && spawnInfo.Lihzahrd)) && (!(Main.hardMode && spawnInfo.Player.ZoneNormalCaverns && !spawnInfo.Water)) && (!(Main.hardMode && spawnInfo.Player.ZoneDesert && spawnInfo.Player.ZoneOverworldHeight && !spawnInfo.Water)) && (!(Main.hardMode && spawnInfo.Player.ZoneUndergroundDesert && !spawnInfo.Water)) && (!(Main.hardMode && spawnInfo.SpawnTileType == TileID.BlueDungeonBrick && !spawnInfo.Water)) && (!(Main.hardMode && spawnInfo.SpawnTileType == TileID.TungstenBrick && !spawnInfo.Water)) && (!(tsorcRevampWorld.SuperHardMode && !((spawnInfo.SpawnTileX < 800 || (spawnInfo.SpawnTileX > (Main.maxTilesX - 800))) || spawnInfo.Player.ZoneJungle || spawnInfo.Player.ZoneCorrupt || spawnInfo.Player.ZoneCrimson || spawnInfo.Player.ZoneUnderworldHeight))) && (!(tsorcRevampWorld.SuperHardMode && spawnInfo.Player.ZoneOverworldHeight && !((spawnInfo.SpawnTileX < 800 || (spawnInfo.SpawnTileX > (Main.maxTilesX - 800))) || spawnInfo.Player.ZoneJungle || spawnInfo.Player.ZoneCorrupt || spawnInfo.Player.ZoneCrimson || spawnInfo.Player.ZoneSkyHeight))) && (tsorcRevampWorld.SuperHardMode && spawnInfo.Player.ZoneDesert && !(spawnInfo.SpawnTileX < 800 || (spawnInfo.SpawnTileX > (Main.maxTilesX - 800))))",NPCs/Enemies/HollowSpearmanOriginal.cs,840
NPC Spawn Rule,HollowSpearmanOriginal,Old Hollow Spearman,Enemies,ModNPC,Natural spawn rules,1,—,1000,38,45,No,No,No,SpawnChance,0.08f,SuperHardmode,Machine Temple,Any / condition-defined depth,Day and night / unspecified,—,Excluded,"(!(spawnInfo.Invasion || Sky(spawnInfo.Player) || spawnInfo.Player.ZoneSnow)) && (!(spawnInfo.Player.townNPCs > 1f)) && (!(spawnInfo.Water || spawnInfo.Player.ZoneCorrupt || spawnInfo.Player.ZoneCrimson)) && (!(spawnInfo.Player.ZoneGlowshroom)) && (!(!Main.hardMode && spawnInfo.SpawnTileType == TileID.GreenDungeonBrick && !spawnInfo.Water)) && (!(!spawnInfo.Water && (Main.tile[spawnInfo.SpawnTileX, spawnInfo.SpawnTileY].WallType == WallID.GreenDungeonSlabUnsafe || Main.tile[spawnInfo.SpawnTileX, spawnInfo.SpawnTileY].WallType == WallID.GreenDungeonUnsafe) && !Main.hardMode && !tsorcRevampWorld.SuperHardMode)) && (!(Main.hardMode && spawnInfo.Lihzahrd)) && (!(Main.hardMode && spawnInfo.Player.ZoneNormalCaverns && !spawnInfo.Water)) && (!(Main.hardMode && spawnInfo.Player.ZoneDesert && spawnInfo.Player.ZoneOverworldHeight && !spawnInfo.Water)) && (!(Main.hardMode && spawnInfo.Player.ZoneUndergroundDesert && !spawnInfo.Water)) && (!(Main.hardMode && spawnInfo.SpawnTileType == TileID.BlueDungeonBrick && !spawnInfo.Water)) && (!(Main.hardMode && spawnInfo.SpawnTileType == TileID.TungstenBrick && !spawnInfo.Water)) && (!(tsorcRevampWorld.SuperHardMode && !((spawnInfo.SpawnTileX < 800 || (spawnInfo.SpawnTileX > (Main.maxTilesX - 800))) || spawnInfo.Player.ZoneJungle || spawnInfo.Player.ZoneCorrupt || spawnInfo.Player.ZoneCrimson || spawnInfo.Player.ZoneUnderworldHeight))) && (!(tsorcRevampWorld.SuperHardMode && spawnInfo.Player.ZoneOverworldHeight && !((spawnInfo.SpawnTileX < 800 || (spawnInfo.SpawnTileX > (Main.maxTilesX - 800))) || spawnInfo.Player.ZoneJungle || spawnInfo.Player.ZoneCorrupt || spawnInfo.Player.ZoneCrimson || spawnInfo.Player.ZoneSkyHeight))) && (!(tsorcRevampWorld.SuperHardMode && spawnInfo.Player.ZoneDesert && !(spawnInfo.SpawnTileX < 800 || (spawnInfo.SpawnTileX > (Main.maxTilesX - 800))))) && (tsorcRevampWorld.SuperHardMode && spawnInfo.Player.ZoneDungeon && !spawnInfo.Player.ZoneUnderworldHeight)",NPCs/Enemies/HollowSpearmanOriginal.cs,841
NPC Spawn Rule,HollowSpearmanOriginal,Old Hollow Spearman,Enemies,ModNPC,Natural spawn rules,1,—,1000,38,45,No,No,No,SpawnChance,0.04f,Pre-Hardmode + Hardmode + SuperHardmode,Machine Temple,Surface,Day and night / unspecified,—,Excluded,"(!(spawnInfo.Invasion || Sky(spawnInfo.Player) || spawnInfo.Player.ZoneSnow)) && (!(spawnInfo.Player.townNPCs > 1f)) && (!(spawnInfo.Water || spawnInfo.Player.ZoneCorrupt || spawnInfo.Player.ZoneCrimson)) && (!(spawnInfo.Player.ZoneGlowshroom)) && (!(!Main.hardMode && spawnInfo.SpawnTileType == TileID.GreenDungeonBrick && !spawnInfo.Water)) && (!(!spawnInfo.Water && (Main.tile[spawnInfo.SpawnTileX, spawnInfo.SpawnTileY].WallType == WallID.GreenDungeonSlabUnsafe || Main.tile[spawnInfo.SpawnTileX, spawnInfo.SpawnTileY].WallType == WallID.GreenDungeonUnsafe) && !Main.hardMode && !tsorcRevampWorld.SuperHardMode)) && (!(Main.hardMode && spawnInfo.Lihzahrd)) && (!(Main.hardMode && spawnInfo.Player.ZoneNormalCaverns && !spawnInfo.Water)) && (!(Main.hardMode && spawnInfo.Player.ZoneDesert && spawnInfo.Player.ZoneOverworldHeight && !spawnInfo.Water)) && (!(Main.hardMode && spawnInfo.Player.ZoneUndergroundDesert && !spawnInfo.Water)) && (!(Main.hardMode && spawnInfo.SpawnTileType == TileID.BlueDungeonBrick && !spawnInfo.Water)) && (!(Main.hardMode && spawnInfo.SpawnTileType == TileID.TungstenBrick && !spawnInfo.Water)) && (!(tsorcRevampWorld.SuperHardMode && !((spawnInfo.SpawnTileX < 800 || (spawnInfo.SpawnTileX > (Main.maxTilesX - 800))) || spawnInfo.Player.ZoneJungle || spawnInfo.Player.ZoneCorrupt || spawnInfo.Player.ZoneCrimson || spawnInfo.Player.ZoneUnderworldHeight))) && (!(tsorcRevampWorld.SuperHardMode && spawnInfo.Player.ZoneOverworldHeight && !((spawnInfo.SpawnTileX < 800 || (spawnInfo.SpawnTileX > (Main.maxTilesX - 800))) || spawnInfo.Player.ZoneJungle || spawnInfo.Player.ZoneCorrupt || spawnInfo.Player.ZoneCrimson || spawnInfo.Player.ZoneSkyHeight))) && (!(tsorcRevampWorld.SuperHardMode && spawnInfo.Player.ZoneDesert && !(spawnInfo.SpawnTileX < 800 || (spawnInfo.SpawnTileX > (Main.maxTilesX - 800))))) && (!(tsorcRevampWorld.SuperHardMode && spawnInfo.Player.ZoneDungeon && !spawnInfo.Player.ZoneUnderworldHeight)) && (Main.expertMode && Main.bloodMoon && spawnInfo.Player.ZoneOverworldHeight && !((spawnInfo.SpawnTileX < 800 || (spawnInfo.SpawnTileX > (Main.maxTilesX - 800))) || spawnInfo.Player.ZoneCorrupt || spawnInfo.Player.ZoneCrimson || spawnInfo.Player.ZoneSkyHeight))",NPCs/Enemies/HollowSpearmanOriginal.cs,844
NPC Spawn Rule,HollowSpearmanOriginal,Old Hollow Spearman,Enemies,ModNPC,Natural spawn rules,1,—,1000,38,45,No,No,No,SpawnChance,0.02f,Pre-Hardmode + Hardmode + SuperHardmode,Machine Temple,Any / condition-defined depth,Day and night / unspecified,—,Excluded,"(!(spawnInfo.Invasion || Sky(spawnInfo.Player) || spawnInfo.Player.ZoneSnow)) && (!(spawnInfo.Player.townNPCs > 1f)) && (!(spawnInfo.Water || spawnInfo.Player.ZoneCorrupt || spawnInfo.Player.ZoneCrimson)) && (!(spawnInfo.Player.ZoneGlowshroom)) && (!(!Main.hardMode && spawnInfo.SpawnTileType == TileID.GreenDungeonBrick && !spawnInfo.Water)) && (!(!spawnInfo.Water && (Main.tile[spawnInfo.SpawnTileX, spawnInfo.SpawnTileY].WallType == WallID.GreenDungeonSlabUnsafe || Main.tile[spawnInfo.SpawnTileX, spawnInfo.SpawnTileY].WallType == WallID.GreenDungeonUnsafe) && !Main.hardMode && !tsorcRevampWorld.SuperHardMode)) && (!(Main.hardMode && spawnInfo.Lihzahrd)) && (!(Main.hardMode && spawnInfo.Player.ZoneNormalCaverns && !spawnInfo.Water)) && (!(Main.hardMode && spawnInfo.Player.ZoneDesert && spawnInfo.Player.ZoneOverworldHeight && !spawnInfo.Water)) && (!(Main.hardMode && spawnInfo.Player.ZoneUndergroundDesert && !spawnInfo.Water)) && (!(Main.hardMode && spawnInfo.SpawnTileType == TileID.BlueDungeonBrick && !spawnInfo.Water)) && (!(Main.hardMode && spawnInfo.SpawnTileType == TileID.TungstenBrick && !spawnInfo.Water)) && (!(tsorcRevampWorld.SuperHardMode && !((spawnInfo.SpawnTileX < 800 || (spawnInfo.SpawnTileX > (Main.maxTilesX - 800))) || spawnInfo.Player.ZoneJungle || spawnInfo.Player.ZoneCorrupt || spawnInfo.Player.ZoneCrimson || spawnInfo.Player.ZoneUnderworldHeight))) && (!(tsorcRevampWorld.SuperHardMode && spawnInfo.Player.ZoneOverworldHeight && !((spawnInfo.SpawnTileX < 800 || (spawnInfo.SpawnTileX > (Main.maxTilesX - 800))) || spawnInfo.Player.ZoneJungle || spawnInfo.Player.ZoneCorrupt || spawnInfo.Player.ZoneCrimson || spawnInfo.Player.ZoneSkyHeight))) && (!(tsorcRevampWorld.SuperHardMode && spawnInfo.Player.ZoneDesert && !(spawnInfo.SpawnTileX < 800 || (spawnInfo.SpawnTileX > (Main.maxTilesX - 800))))) && (!(tsorcRevampWorld.SuperHardMode && spawnInfo.Player.ZoneDungeon && !spawnInfo.Player.ZoneUnderworldHeight)) && (!(Main.expertMode && Main.bloodMoon && spawnInfo.Player.ZoneOverworldHeight && !((spawnInfo.SpawnTileX < 800 || (spawnInfo.SpawnTileX > (Main.maxTilesX - 800))) || spawnInfo.Player.ZoneCorrupt || spawnInfo.Player.ZoneCrimson || spawnInfo.Player.ZoneSkyHeight))) && (Main.expertMode && Main.bloodMoon && !((spawnInfo.SpawnTileX < 800 || (spawnInfo.SpawnTileX > (Main.maxTilesX - 800))) || spawnInfo.Player.ZoneJungle || spawnInfo.Player.ZoneHallow || spawnInfo.Player.ZoneCorrupt || spawnInfo.Player.ZoneCrimson || spawnInfo.Player.ZoneSnow || spawnInfo.Player.ZoneSkyHeight || spawnInfo.Player.ZoneUnderworldHeight))",NPCs/Enemies/HollowSpearmanOriginal.cs,846
NPC Spawn Rule,HollowSpearmanOriginal,Old Hollow Spearman,Enemies,ModNPC,Natural spawn rules,1,—,1000,38,45,No,No,No,SpawnChance,0.035f,Pre-Hardmode + Hardmode + SuperHardmode,Machine Temple,Underground or Caverns,Day,—,Excluded,"(!(spawnInfo.Invasion || Sky(spawnInfo.Player) || spawnInfo.Player.ZoneSnow)) && (!(spawnInfo.Player.townNPCs > 1f)) && (!(spawnInfo.Water || spawnInfo.Player.ZoneCorrupt || spawnInfo.Player.ZoneCrimson)) && (!(spawnInfo.Player.ZoneGlowshroom)) && (!(!Main.hardMode && spawnInfo.SpawnTileType == TileID.GreenDungeonBrick && !spawnInfo.Water)) && (!(!spawnInfo.Water && (Main.tile[spawnInfo.SpawnTileX, spawnInfo.SpawnTileY].WallType == WallID.GreenDungeonSlabUnsafe || Main.tile[spawnInfo.SpawnTileX, spawnInfo.SpawnTileY].WallType == WallID.GreenDungeonUnsafe) && !Main.hardMode && !tsorcRevampWorld.SuperHardMode)) && (!(Main.hardMode && spawnInfo.Lihzahrd)) && (!(Main.hardMode && spawnInfo.Player.ZoneNormalCaverns && !spawnInfo.Water)) && (!(Main.hardMode && spawnInfo.Player.ZoneDesert && spawnInfo.Player.ZoneOverworldHeight && !spawnInfo.Water)) && (!(Main.hardMode && spawnInfo.Player.ZoneUndergroundDesert && !spawnInfo.Water)) && (!(Main.hardMode && spawnInfo.SpawnTileType == TileID.BlueDungeonBrick && !spawnInfo.Water)) && (!(Main.hardMode && spawnInfo.SpawnTileType == TileID.TungstenBrick && !spawnInfo.Water)) && (!(tsorcRevampWorld.SuperHardMode && !((spawnInfo.SpawnTileX < 800 || (spawnInfo.SpawnTileX > (Main.maxTilesX - 800))) || spawnInfo.Player.ZoneJungle || spawnInfo.Player.ZoneCorrupt || spawnInfo.Player.ZoneCrimson || spawnInfo.Player.ZoneUnderworldHeight))) && (!(tsorcRevampWorld.SuperHardMode && spawnInfo.Player.ZoneOverworldHeight && !((spawnInfo.SpawnTileX < 800 || (spawnInfo.SpawnTileX > (Main.maxTilesX - 800))) || spawnInfo.Player.ZoneJungle || spawnInfo.Player.ZoneCorrupt || spawnInfo.Player.ZoneCrimson || spawnInfo.Player.ZoneSkyHeight))) && (!(tsorcRevampWorld.SuperHardMode && spawnInfo.Player.ZoneDesert && !(spawnInfo.SpawnTileX < 800 || (spawnInfo.SpawnTileX > (Main.maxTilesX - 800))))) && (!(tsorcRevampWorld.SuperHardMode && spawnInfo.Player.ZoneDungeon && !spawnInfo.Player.ZoneUnderworldHeight)) && (!(Main.expertMode && Main.bloodMoon && spawnInfo.Player.ZoneOverworldHeight && !((spawnInfo.SpawnTileX < 800 || (spawnInfo.SpawnTileX > (Main.maxTilesX - 800))) || spawnInfo.Player.ZoneCorrupt || spawnInfo.Player.ZoneCrimson || spawnInfo.Player.ZoneSkyHeight))) && (!(Main.expertMode && Main.bloodMoon && !((spawnInfo.SpawnTileX < 800 || (spawnInfo.SpawnTileX > (Main.maxTilesX - 800))) || spawnInfo.Player.ZoneJungle || spawnInfo.Player.ZoneHallow || spawnInfo.Player.ZoneCorrupt || spawnInfo.Player.ZoneCrimson || spawnInfo.Player.ZoneSnow || spawnInfo.Player.ZoneSkyHeight || spawnInfo.Player.ZoneUnderworldHeight))) && (((!Main.expertMode && (NPC.downedBoss1 || NPC.downedBoss2)) || Main.expertMode) && (spawnInfo.Player.ZoneDirtLayerHeight || spawnInfo.Player.ZoneRockLayerHeight) && Main.dayTime && !((spawnInfo.SpawnTileX < 800 || (spawnInfo.SpawnTileX > (Main.maxTilesX - 800))) || spawnInfo.Player.ZoneJungle || spawnInfo.Player.ZoneHallow || spawnInfo.Player.ZoneCorrupt || spawnInfo.Player.ZoneCrimson || spawnInfo.Player.ZoneSnow))",NPCs/Enemies/HollowSpearmanOriginal.cs,851
NPC Spawn Rule,HollowSpearmanOriginal,Old Hollow Spearman,Enemies,ModNPC,Natural spawn rules,1,—,1000,38,45,No,No,No,SpawnChance,0.05f,Pre-Hardmode + Hardmode + SuperHardmode,Machine Temple,Underground or Caverns,Night,—,Excluded,"(!(spawnInfo.Invasion || Sky(spawnInfo.Player) || spawnInfo.Player.ZoneSnow)) && (!(spawnInfo.Player.townNPCs > 1f)) && (!(spawnInfo.Water || spawnInfo.Player.ZoneCorrupt || spawnInfo.Player.ZoneCrimson)) && (!(spawnInfo.Player.ZoneGlowshroom)) && (!(!Main.hardMode && spawnInfo.SpawnTileType == TileID.GreenDungeonBrick && !spawnInfo.Water)) && (!(!spawnInfo.Water && (Main.tile[spawnInfo.SpawnTileX, spawnInfo.SpawnTileY].WallType == WallID.GreenDungeonSlabUnsafe || Main.tile[spawnInfo.SpawnTileX, spawnInfo.SpawnTileY].WallType == WallID.GreenDungeonUnsafe) && !Main.hardMode && !tsorcRevampWorld.SuperHardMode)) && (!(Main.hardMode && spawnInfo.Lihzahrd)) && (!(Main.hardMode && spawnInfo.Player.ZoneNormalCaverns && !spawnInfo.Water)) && (!(Main.hardMode && spawnInfo.Player.ZoneDesert && spawnInfo.Player.ZoneOverworldHeight && !spawnInfo.Water)) && (!(Main.hardMode && spawnInfo.Player.ZoneUndergroundDesert && !spawnInfo.Water)) && (!(Main.hardMode && spawnInfo.SpawnTileType == TileID.BlueDungeonBrick && !spawnInfo.Water)) && (!(Main.hardMode && spawnInfo.SpawnTileType == TileID.TungstenBrick && !spawnInfo.Water)) && (!(tsorcRevampWorld.SuperHardMode && !((spawnInfo.SpawnTileX < 800 || (spawnInfo.SpawnTileX > (Main.maxTilesX - 800))) || spawnInfo.Player.ZoneJungle || spawnInfo.Player.ZoneCorrupt || spawnInfo.Player.ZoneCrimson || spawnInfo.Player.ZoneUnderworldHeight))) && (!(tsorcRevampWorld.SuperHardMode && spawnInfo.Player.ZoneOverworldHeight && !((spawnInfo.SpawnTileX < 800 || (spawnInfo.SpawnTileX > (Main.maxTilesX - 800))) || spawnInfo.Player.ZoneJungle || spawnInfo.Player.ZoneCorrupt || spawnInfo.Player.ZoneCrimson || spawnInfo.Player.ZoneSkyHeight))) && (!(tsorcRevampWorld.SuperHardMode && spawnInfo.Player.ZoneDesert && !(spawnInfo.SpawnTileX < 800 || (spawnInfo.SpawnTileX > (Main.maxTilesX - 800))))) && (!(tsorcRevampWorld.SuperHardMode && spawnInfo.Player.ZoneDungeon && !spawnInfo.Player.ZoneUnderworldHeight)) && (!(Main.expertMode && Main.bloodMoon && spawnInfo.Player.ZoneOverworldHeight && !((spawnInfo.SpawnTileX < 800 || (spawnInfo.SpawnTileX > (Main.maxTilesX - 800))) || spawnInfo.Player.ZoneCorrupt || spawnInfo.Player.ZoneCrimson || spawnInfo.Player.ZoneSkyHeight))) && (!(Main.expertMode && Main.bloodMoon && !((spawnInfo.SpawnTileX < 800 || (spawnInfo.SpawnTileX > (Main.maxTilesX - 800))) || spawnInfo.Player.ZoneJungle || spawnInfo.Player.ZoneHallow || spawnInfo.Player.ZoneCorrupt || spawnInfo.Player.ZoneCrimson || spawnInfo.Player.ZoneSnow || spawnInfo.Player.ZoneSkyHeight || spawnInfo.Player.ZoneUnderworldHeight))) && (!(((!Main.expertMode && (NPC.downedBoss1 || NPC.downedBoss2)) || Main.expertMode) && (spawnInfo.Player.ZoneDirtLayerHeight || spawnInfo.Player.ZoneRockLayerHeight) && Main.dayTime && !((spawnInfo.SpawnTileX < 800 || (spawnInfo.SpawnTileX > (Main.maxTilesX - 800))) || spawnInfo.Player.ZoneJungle || spawnInfo.Player.ZoneHallow || spawnInfo.Player.ZoneCorrupt || spawnInfo.Player.ZoneCrimson || spawnInfo.Player.ZoneSnow))) && (((!Main.expertMode && (NPC.downedBoss1 || NPC.downedBoss2)) || Main.expertMode) && (spawnInfo.Player.ZoneDirtLayerHeight || spawnInfo.Player.ZoneRockLayerHeight) && !Main.dayTime && !((spawnInfo.SpawnTileX < 800 || (spawnInfo.SpawnTileX > (Main.maxTilesX - 800))) || spawnInfo.Player.ZoneJungle || spawnInfo.Player.ZoneHallow || spawnInfo.Player.ZoneCorrupt || spawnInfo.Player.ZoneCrimson || spawnInfo.Player.ZoneSnow))",NPCs/Enemies/HollowSpearmanOriginal.cs,852
NPC Spawn Rule,HollowSpearmanOriginal,Old Hollow Spearman,Enemies,ModNPC,Natural spawn rules,1,—,1000,38,45,No,No,No,SpawnChance,0,Pre-Hardmode + Hardmode + SuperHardmode,Machine Temple,Any / condition-defined depth,Day and night / unspecified,—,Excluded,"(!(spawnInfo.Invasion || Sky(spawnInfo.Player) || spawnInfo.Player.ZoneSnow)) && (!(spawnInfo.Player.townNPCs > 1f)) && (!(spawnInfo.Water || spawnInfo.Player.ZoneCorrupt || spawnInfo.Player.ZoneCrimson)) && (!(spawnInfo.Player.ZoneGlowshroom)) && (!(!Main.hardMode && spawnInfo.SpawnTileType == TileID.GreenDungeonBrick && !spawnInfo.Water)) && (!(!spawnInfo.Water && (Main.tile[spawnInfo.SpawnTileX, spawnInfo.SpawnTileY].WallType == WallID.GreenDungeonSlabUnsafe || Main.tile[spawnInfo.SpawnTileX, spawnInfo.SpawnTileY].WallType == WallID.GreenDungeonUnsafe) && !Main.hardMode && !tsorcRevampWorld.SuperHardMode)) && (!(Main.hardMode && spawnInfo.Lihzahrd)) && (!(Main.hardMode && spawnInfo.Player.ZoneNormalCaverns && !spawnInfo.Water)) && (!(Main.hardMode && spawnInfo.Player.ZoneDesert && spawnInfo.Player.ZoneOverworldHeight && !spawnInfo.Water)) && (!(Main.hardMode && spawnInfo.Player.ZoneUndergroundDesert && !spawnInfo.Water)) && (!(Main.hardMode && spawnInfo.SpawnTileType == TileID.BlueDungeonBrick && !spawnInfo.Water)) && (!(Main.hardMode && spawnInfo.SpawnTileType == TileID.TungstenBrick && !spawnInfo.Water)) && (!(tsorcRevampWorld.SuperHardMode && !((spawnInfo.SpawnTileX < 800 || (spawnInfo.SpawnTileX > (Main.maxTilesX - 800))) || spawnInfo.Player.ZoneJungle || spawnInfo.Player.ZoneCorrupt || spawnInfo.Player.ZoneCrimson || spawnInfo.Player.ZoneUnderworldHeight))) && (!(tsorcRevampWorld.SuperHardMode && spawnInfo.Player.ZoneOverworldHeight && !((spawnInfo.SpawnTileX < 800 || (spawnInfo.SpawnTileX > (Main.maxTilesX - 800))) || spawnInfo.Player.ZoneJungle || spawnInfo.Player.ZoneCorrupt || spawnInfo.Player.ZoneCrimson || spawnInfo.Player.ZoneSkyHeight))) && (!(tsorcRevampWorld.SuperHardMode && spawnInfo.Player.ZoneDesert && !(spawnInfo.SpawnTileX < 800 || (spawnInfo.SpawnTileX > (Main.maxTilesX - 800))))) && (!(tsorcRevampWorld.SuperHardMode && spawnInfo.Player.ZoneDungeon && !spawnInfo.Player.ZoneUnderworldHeight)) && (!(Main.expertMode && Main.bloodMoon && spawnInfo.Player.ZoneOverworldHeight && !((spawnInfo.SpawnTileX < 800 || (spawnInfo.SpawnTileX > (Main.maxTilesX - 800))) || spawnInfo.Player.ZoneCorrupt || spawnInfo.Player.ZoneCrimson || spawnInfo.Player.ZoneSkyHeight))) && (!(Main.expertMode && Main.bloodMoon && !((spawnInfo.SpawnTileX < 800 || (spawnInfo.SpawnTileX > (Main.maxTilesX - 800))) || spawnInfo.Player.ZoneJungle || spawnInfo.Player.ZoneHallow || spawnInfo.Player.ZoneCorrupt || spawnInfo.Player.ZoneCrimson || spawnInfo.Player.ZoneSnow || spawnInfo.Player.ZoneSkyHeight || spawnInfo.Player.ZoneUnderworldHeight))) && (!(((!Main.expertMode && (NPC.downedBoss1 || NPC.downedBoss2)) || Main.expertMode) && (spawnInfo.Player.ZoneDirtLayerHeight || spawnInfo.Player.ZoneRockLayerHeight) && Main.dayTime && !((spawnInfo.SpawnTileX < 800 || (spawnInfo.SpawnTileX > (Main.maxTilesX - 800))) || spawnInfo.Player.ZoneJungle || spawnInfo.Player.ZoneHallow || spawnInfo.Player.ZoneCorrupt || spawnInfo.Player.ZoneCrimson || spawnInfo.Player.ZoneSnow))) && (!(((!Main.expertMode && (NPC.downedBoss1 || NPC.downedBoss2)) || Main.expertMode) && (spawnInfo.Player.ZoneDirtLayerHeight || spawnInfo.Player.ZoneRockLayerHeight) && !Main.dayTime && !((spawnInfo.SpawnTileX < 800 || (spawnInfo.SpawnTileX > (Main.maxTilesX - 800))) || spawnInfo.Player.ZoneJungle || spawnInfo.Player.ZoneHallow || spawnInfo.Player.ZoneCorrupt || spawnInfo.Player.ZoneCrimson || spawnInfo.Player.ZoneSnow)))",NPCs/Enemies/HollowSpearmanOriginal.cs,856
NPC Spawn Rule,HollowWarrior,Hollow Warrior,Enemies,ModNPC,Natural spawn rules,1,—,1000,38,45,No,No,No,SpawnChance,0,Pre-Hardmode + Hardmode + SuperHardmode,Snow,Any / condition-defined depth,Day and night / unspecified,—,Unspecified,(spawnInfo.Invasion || Sky(spawnInfo.Player) || spawnInfo.Player.ZoneSnow),NPCs/Enemies/HollowWarrior.cs,687
NPC Spawn Rule,HollowWarrior,Hollow Warrior,Enemies,ModNPC,Natural spawn rules,1,—,1000,38,45,No,No,No,SpawnChance,0f,Pre-Hardmode + Hardmode + SuperHardmode,General / Custom,Any / condition-defined depth,Day and night / unspecified,—,Unspecified,(!(spawnInfo.Invasion || Sky(spawnInfo.Player) || spawnInfo.Player.ZoneSnow)) && (spawnInfo.Player.townNPCs > 1f),NPCs/Enemies/HollowWarrior.cs,690
NPC Spawn Rule,HollowWarrior,Hollow Warrior,Enemies,ModNPC,Natural spawn rules,1,—,1000,38,45,No,No,No,SpawnChance,0f,Pre-Hardmode + Hardmode + SuperHardmode,Corruption + Crimson,Any / condition-defined depth,Day and night / unspecified,—,Conditional / mixed,(!(spawnInfo.Invasion || Sky(spawnInfo.Player) || spawnInfo.Player.ZoneSnow)) && (!(spawnInfo.Player.townNPCs > 1f)) && (spawnInfo.Water || spawnInfo.Player.ZoneCorrupt || spawnInfo.Player.ZoneCrimson),NPCs/Enemies/HollowWarrior.cs,692
NPC Spawn Rule,HollowWarrior,Hollow Warrior,Enemies,ModNPC,Natural spawn rules,1,—,1000,38,45,No,No,No,SpawnChance,0f,Pre-Hardmode + Hardmode + SuperHardmode,Glowing Mushroom,Any / condition-defined depth,Day and night / unspecified,—,Excluded,(!(spawnInfo.Invasion || Sky(spawnInfo.Player) || spawnInfo.Player.ZoneSnow)) && (!(spawnInfo.Player.townNPCs > 1f)) && (!(spawnInfo.Water || spawnInfo.Player.ZoneCorrupt || spawnInfo.Player.ZoneCrimson)) && (spawnInfo.Player.ZoneGlowshroom),NPCs/Enemies/HollowWarrior.cs,693
NPC Spawn Rule,HollowWarrior,Hollow Warrior,Enemies,ModNPC,Natural spawn rules,1,—,1000,38,45,No,No,No,SpawnChance,0.07f,Pre-Hardmode,General / Custom,Any / condition-defined depth,Day and night / unspecified,—,Excluded,(!(spawnInfo.Invasion || Sky(spawnInfo.Player) || spawnInfo.Player.ZoneSnow)) && (!(spawnInfo.Player.townNPCs > 1f)) && (!(spawnInfo.Water || spawnInfo.Player.ZoneCorrupt || spawnInfo.Player.ZoneCrimson)) && (!(spawnInfo.Player.ZoneGlowshroom)) && (!Main.hardMode && spawnInfo.SpawnTileType == TileID.GreenDungeonBrick && !spawnInfo.Water),NPCs/Enemies/HollowWarrior.cs,695
NPC Spawn Rule,HollowWarrior,Hollow Warrior,Enemies,ModNPC,Natural spawn rules,1,—,1000,38,45,No,No,No,SpawnChance,0.05f,Pre-Hardmode,Machine Temple,Any / condition-defined depth,Day and night / unspecified,—,Excluded,"(!(spawnInfo.Invasion || Sky(spawnInfo.Player) || spawnInfo.Player.ZoneSnow)) && (!(spawnInfo.Player.townNPCs > 1f)) && (!(spawnInfo.Water || spawnInfo.Player.ZoneCorrupt || spawnInfo.Player.ZoneCrimson)) && (!(spawnInfo.Player.ZoneGlowshroom)) && (!(!Main.hardMode && spawnInfo.SpawnTileType == TileID.GreenDungeonBrick && !spawnInfo.Water)) && (!spawnInfo.Water && (Main.tile[spawnInfo.SpawnTileX, spawnInfo.SpawnTileY].WallType == WallID.GreenDungeonSlabUnsafe || Main.tile[spawnInfo.SpawnTileX, spawnInfo.SpawnTileY].WallType == WallID.GreenDungeonUnsafe) && !Main.hardMode && !tsorcRevampWorld.SuperHardMode)",NPCs/Enemies/HollowWarrior.cs,696
NPC Spawn Rule,HollowWarrior,Hollow Warrior,Enemies,ModNPC,Natural spawn rules,1,—,1000,38,45,No,No,No,SpawnChance,0.1f,Hardmode + SuperHardmode,Machine Temple,Any / condition-defined depth,Day and night / unspecified,—,Excluded,"(!(spawnInfo.Invasion || Sky(spawnInfo.Player) || spawnInfo.Player.ZoneSnow)) && (!(spawnInfo.Player.townNPCs > 1f)) && (!(spawnInfo.Water || spawnInfo.Player.ZoneCorrupt || spawnInfo.Player.ZoneCrimson)) && (!(spawnInfo.Player.ZoneGlowshroom)) && (!(!Main.hardMode && spawnInfo.SpawnTileType == TileID.GreenDungeonBrick && !spawnInfo.Water)) && (!(!spawnInfo.Water && (Main.tile[spawnInfo.SpawnTileX, spawnInfo.SpawnTileY].WallType == WallID.GreenDungeonSlabUnsafe || Main.tile[spawnInfo.SpawnTileX, spawnInfo.SpawnTileY].WallType == WallID.GreenDungeonUnsafe) && !Main.hardMode && !tsorcRevampWorld.SuperHardMode)) && (Main.hardMode && spawnInfo.Lihzahrd)",NPCs/Enemies/HollowWarrior.cs,697
NPC Spawn Rule,HollowWarrior,Hollow Warrior,Enemies,ModNPC,Natural spawn rules,1,—,1000,38,45,No,No,No,SpawnChance,0.01f,Hardmode + SuperHardmode,Machine Temple,Caverns,Day and night / unspecified,—,Excluded,"(!(spawnInfo.Invasion || Sky(spawnInfo.Player) || spawnInfo.Player.ZoneSnow)) && (!(spawnInfo.Player.townNPCs > 1f)) && (!(spawnInfo.Water || spawnInfo.Player.ZoneCorrupt || spawnInfo.Player.ZoneCrimson)) && (!(spawnInfo.Player.ZoneGlowshroom)) && (!(!Main.hardMode && spawnInfo.SpawnTileType == TileID.GreenDungeonBrick && !spawnInfo.Water)) && (!(!spawnInfo.Water && (Main.tile[spawnInfo.SpawnTileX, spawnInfo.SpawnTileY].WallType == WallID.GreenDungeonSlabUnsafe || Main.tile[spawnInfo.SpawnTileX, spawnInfo.SpawnTileY].WallType == WallID.GreenDungeonUnsafe) && !Main.hardMode && !tsorcRevampWorld.SuperHardMode)) && (!(Main.hardMode && spawnInfo.Lihzahrd)) && (Main.hardMode && spawnInfo.Player.ZoneNormalCaverns && !spawnInfo.Water)",NPCs/Enemies/HollowWarrior.cs,698
NPC Spawn Rule,HollowWarrior,Hollow Warrior,Enemies,ModNPC,Natural spawn rules,1,—,1000,38,45,No,No,No,SpawnChance,0.025f,Hardmode + SuperHardmode,Machine Temple,Surface,Day and night / unspecified,—,Excluded,"(!(spawnInfo.Invasion || Sky(spawnInfo.Player) || spawnInfo.Player.ZoneSnow)) && (!(spawnInfo.Player.townNPCs > 1f)) && (!(spawnInfo.Water || spawnInfo.Player.ZoneCorrupt || spawnInfo.Player.ZoneCrimson)) && (!(spawnInfo.Player.ZoneGlowshroom)) && (!(!Main.hardMode && spawnInfo.SpawnTileType == TileID.GreenDungeonBrick && !spawnInfo.Water)) && (!(!spawnInfo.Water && (Main.tile[spawnInfo.SpawnTileX, spawnInfo.SpawnTileY].WallType == WallID.GreenDungeonSlabUnsafe || Main.tile[spawnInfo.SpawnTileX, spawnInfo.SpawnTileY].WallType == WallID.GreenDungeonUnsafe) && !Main.hardMode && !tsorcRevampWorld.SuperHardMode)) && (!(Main.hardMode && spawnInfo.Lihzahrd)) && (!(Main.hardMode && spawnInfo.Player.ZoneNormalCaverns && !spawnInfo.Water)) && (Main.hardMode && spawnInfo.Player.ZoneDesert && spawnInfo.Player.ZoneOverworldHeight && !spawnInfo.Water)",NPCs/Enemies/HollowWarrior.cs,699
NPC Spawn Rule,HollowWarrior,Hollow Warrior,Enemies,ModNPC,Natural spawn rules,1,—,1000,38,45,No,No,No,SpawnChance,0.035f,Hardmode + SuperHardmode,Machine Temple,Any / condition-defined depth,Day and night / unspecified,—,Excluded,"(!(spawnInfo.Invasion || Sky(spawnInfo.Player) || spawnInfo.Player.ZoneSnow)) && (!(spawnInfo.Player.townNPCs > 1f)) && (!(spawnInfo.Water || spawnInfo.Player.ZoneCorrupt || spawnInfo.Player.ZoneCrimson)) && (!(spawnInfo.Player.ZoneGlowshroom)) && (!(!Main.hardMode && spawnInfo.SpawnTileType == TileID.GreenDungeonBrick && !spawnInfo.Water)) && (!(!spawnInfo.Water && (Main.tile[spawnInfo.SpawnTileX, spawnInfo.SpawnTileY].WallType == WallID.GreenDungeonSlabUnsafe || Main.tile[spawnInfo.SpawnTileX, spawnInfo.SpawnTileY].WallType == WallID.GreenDungeonUnsafe) && !Main.hardMode && !tsorcRevampWorld.SuperHardMode)) && (!(Main.hardMode && spawnInfo.Lihzahrd)) && (!(Main.hardMode && spawnInfo.Player.ZoneNormalCaverns && !spawnInfo.Water)) && (!(Main.hardMode && spawnInfo.Player.ZoneDesert && spawnInfo.Player.ZoneOverworldHeight && !spawnInfo.Water)) && (Main.hardMode && spawnInfo.Player.ZoneUndergroundDesert && !spawnInfo.Water)",NPCs/Enemies/HollowWarrior.cs,700
NPC Spawn Rule,HollowWarrior,Hollow Warrior,Enemies,ModNPC,Natural spawn rules,1,—,1000,38,45,No,No,No,SpawnChance,0.09f,Hardmode + SuperHardmode,Machine Temple,Any / condition-defined depth,Day and night / unspecified,—,Excluded,"(!(spawnInfo.Invasion || Sky(spawnInfo.Player) || spawnInfo.Player.ZoneSnow)) && (!(spawnInfo.Player.townNPCs > 1f)) && (!(spawnInfo.Water || spawnInfo.Player.ZoneCorrupt || spawnInfo.Player.ZoneCrimson)) && (!(spawnInfo.Player.ZoneGlowshroom)) && (!(!Main.hardMode && spawnInfo.SpawnTileType == TileID.GreenDungeonBrick && !spawnInfo.Water)) && (!(!spawnInfo.Water && (Main.tile[spawnInfo.SpawnTileX, spawnInfo.SpawnTileY].WallType == WallID.GreenDungeonSlabUnsafe || Main.tile[spawnInfo.SpawnTileX, spawnInfo.SpawnTileY].WallType == WallID.GreenDungeonUnsafe) && !Main.hardMode && !tsorcRevampWorld.SuperHardMode)) && (!(Main.hardMode && spawnInfo.Lihzahrd)) && (!(Main.hardMode && spawnInfo.Player.ZoneNormalCaverns && !spawnInfo.Water)) && (!(Main.hardMode && spawnInfo.Player.ZoneDesert && spawnInfo.Player.ZoneOverworldHeight && !spawnInfo.Water)) && (!(Main.hardMode && spawnInfo.Player.ZoneUndergroundDesert && !spawnInfo.Water)) && (Main.hardMode && spawnInfo.SpawnTileType == TileID.BlueDungeonBrick && !spawnInfo.Water)",NPCs/Enemies/HollowWarrior.cs,701
NPC Spawn Rule,HollowWarrior,Hollow Warrior,Enemies,ModNPC,Natural spawn rules,1,—,1000,38,45,No,No,No,SpawnChance,0.08f,Hardmode + SuperHardmode,Machine Temple,Any / condition-defined depth,Day and night / unspecified,—,Excluded,"(!(spawnInfo.Invasion || Sky(spawnInfo.Player) || spawnInfo.Player.ZoneSnow)) && (!(spawnInfo.Player.townNPCs > 1f)) && (!(spawnInfo.Water || spawnInfo.Player.ZoneCorrupt || spawnInfo.Player.ZoneCrimson)) && (!(spawnInfo.Player.ZoneGlowshroom)) && (!(!Main.hardMode && spawnInfo.SpawnTileType == TileID.GreenDungeonBrick && !spawnInfo.Water)) && (!(!spawnInfo.Water && (Main.tile[spawnInfo.SpawnTileX, spawnInfo.SpawnTileY].WallType == WallID.GreenDungeonSlabUnsafe || Main.tile[spawnInfo.SpawnTileX, spawnInfo.SpawnTileY].WallType == WallID.GreenDungeonUnsafe) && !Main.hardMode && !tsorcRevampWorld.SuperHardMode)) && (!(Main.hardMode && spawnInfo.Lihzahrd)) && (!(Main.hardMode && spawnInfo.Player.ZoneNormalCaverns && !spawnInfo.Water)) && (!(Main.hardMode && spawnInfo.Player.ZoneDesert && spawnInfo.Player.ZoneOverworldHeight && !spawnInfo.Water)) && (!(Main.hardMode && spawnInfo.Player.ZoneUndergroundDesert && !spawnInfo.Water)) && (!(Main.hardMode && spawnInfo.SpawnTileType == TileID.BlueDungeonBrick && !spawnInfo.Water)) && (Main.hardMode && spawnInfo.SpawnTileType == TileID.TungstenBrick && !spawnInfo.Water)",NPCs/Enemies/HollowWarrior.cs,702
NPC Spawn Rule,HollowWarrior,Hollow Warrior,Enemies,ModNPC,Natural spawn rules,1,—,1000,38,45,No,No,No,SpawnChance,0.115f,SuperHardmode,Machine Temple,Any / condition-defined depth,Day and night / unspecified,—,Excluded,"(!(spawnInfo.Invasion || Sky(spawnInfo.Player) || spawnInfo.Player.ZoneSnow)) && (!(spawnInfo.Player.townNPCs > 1f)) && (!(spawnInfo.Water || spawnInfo.Player.ZoneCorrupt || spawnInfo.Player.ZoneCrimson)) && (!(spawnInfo.Player.ZoneGlowshroom)) && (!(!Main.hardMode && spawnInfo.SpawnTileType == TileID.GreenDungeonBrick && !spawnInfo.Water)) && (!(!spawnInfo.Water && (Main.tile[spawnInfo.SpawnTileX, spawnInfo.SpawnTileY].WallType == WallID.GreenDungeonSlabUnsafe || Main.tile[spawnInfo.SpawnTileX, spawnInfo.SpawnTileY].WallType == WallID.GreenDungeonUnsafe) && !Main.hardMode && !tsorcRevampWorld.SuperHardMode)) && (!(Main.hardMode && spawnInfo.Lihzahrd)) && (!(Main.hardMode && spawnInfo.Player.ZoneNormalCaverns && !spawnInfo.Water)) && (!(Main.hardMode && spawnInfo.Player.ZoneDesert && spawnInfo.Player.ZoneOverworldHeight && !spawnInfo.Water)) && (!(Main.hardMode && spawnInfo.Player.ZoneUndergroundDesert && !spawnInfo.Water)) && (!(Main.hardMode && spawnInfo.SpawnTileType == TileID.BlueDungeonBrick && !spawnInfo.Water)) && (!(Main.hardMode && spawnInfo.SpawnTileType == TileID.TungstenBrick && !spawnInfo.Water)) && (tsorcRevampWorld.SuperHardMode && !((spawnInfo.SpawnTileX < 800 || (spawnInfo.SpawnTileX > (Main.maxTilesX - 800))) || spawnInfo.Player.ZoneJungle || spawnInfo.Player.ZoneCorrupt || spawnInfo.Player.ZoneCrimson || spawnInfo.Player.ZoneUnderworldHeight))",NPCs/Enemies/HollowWarrior.cs,704
NPC Spawn Rule,HollowWarrior,Hollow Warrior,Enemies,ModNPC,Natural spawn rules,1,—,1000,38,45,No,No,No,SpawnChance,0.13f,SuperHardmode,Machine Temple,Surface,Day and night / unspecified,—,Excluded,"(!(spawnInfo.Invasion || Sky(spawnInfo.Player) || spawnInfo.Player.ZoneSnow)) && (!(spawnInfo.Player.townNPCs > 1f)) && (!(spawnInfo.Water || spawnInfo.Player.ZoneCorrupt || spawnInfo.Player.ZoneCrimson)) && (!(spawnInfo.Player.ZoneGlowshroom)) && (!(!Main.hardMode && spawnInfo.SpawnTileType == TileID.GreenDungeonBrick && !spawnInfo.Water)) && (!(!spawnInfo.Water && (Main.tile[spawnInfo.SpawnTileX, spawnInfo.SpawnTileY].WallType == WallID.GreenDungeonSlabUnsafe || Main.tile[spawnInfo.SpawnTileX, spawnInfo.SpawnTileY].WallType == WallID.GreenDungeonUnsafe) && !Main.hardMode && !tsorcRevampWorld.SuperHardMode)) && (!(Main.hardMode && spawnInfo.Lihzahrd)) && (!(Main.hardMode && spawnInfo.Player.ZoneNormalCaverns && !spawnInfo.Water)) && (!(Main.hardMode && spawnInfo.Player.ZoneDesert && spawnInfo.Player.ZoneOverworldHeight && !spawnInfo.Water)) && (!(Main.hardMode && spawnInfo.Player.ZoneUndergroundDesert && !spawnInfo.Water)) && (!(Main.hardMode && spawnInfo.SpawnTileType == TileID.BlueDungeonBrick && !spawnInfo.Water)) && (!(Main.hardMode && spawnInfo.SpawnTileType == TileID.TungstenBrick && !spawnInfo.Water)) && (!(tsorcRevampWorld.SuperHardMode && !((spawnInfo.SpawnTileX < 800 || (spawnInfo.SpawnTileX > (Main.maxTilesX - 800))) || spawnInfo.Player.ZoneJungle || spawnInfo.Player.ZoneCorrupt || spawnInfo.Player.ZoneCrimson || spawnInfo.Player.ZoneUnderworldHeight))) && (tsorcRevampWorld.SuperHardMode && spawnInfo.Player.ZoneOverworldHeight && !((spawnInfo.SpawnTileX < 800 || (spawnInfo.SpawnTileX > (Main.maxTilesX - 800))) || spawnInfo.Player.ZoneJungle || spawnInfo.Player.ZoneCorrupt || spawnInfo.Player.ZoneCrimson || spawnInfo.Player.ZoneSkyHeight))",NPCs/Enemies/HollowWarrior.cs,705
NPC Spawn Rule,HollowWarrior,Hollow Warrior,Enemies,ModNPC,Natural spawn rules,1,—,1000,38,45,No,No,No,SpawnChance,0.15f,SuperHardmode,Machine Temple,Any / condition-defined depth,Day and night / unspecified,—,Excluded,"(!(spawnInfo.Invasion || Sky(spawnInfo.Player) || spawnInfo.Player.ZoneSnow)) && (!(spawnInfo.Player.townNPCs > 1f)) && (!(spawnInfo.Water || spawnInfo.Player.ZoneCorrupt || spawnInfo.Player.ZoneCrimson)) && (!(spawnInfo.Player.ZoneGlowshroom)) && (!(!Main.hardMode && spawnInfo.SpawnTileType == TileID.GreenDungeonBrick && !spawnInfo.Water)) && (!(!spawnInfo.Water && (Main.tile[spawnInfo.SpawnTileX, spawnInfo.SpawnTileY].WallType == WallID.GreenDungeonSlabUnsafe || Main.tile[spawnInfo.SpawnTileX, spawnInfo.SpawnTileY].WallType == WallID.GreenDungeonUnsafe) && !Main.hardMode && !tsorcRevampWorld.SuperHardMode)) && (!(Main.hardMode && spawnInfo.Lihzahrd)) && (!(Main.hardMode && spawnInfo.Player.ZoneNormalCaverns && !spawnInfo.Water)) && (!(Main.hardMode && spawnInfo.Player.ZoneDesert && spawnInfo.Player.ZoneOverworldHeight && !spawnInfo.Water)) && (!(Main.hardMode && spawnInfo.Player.ZoneUndergroundDesert && !spawnInfo.Water)) && (!(Main.hardMode && spawnInfo.SpawnTileType == TileID.BlueDungeonBrick && !spawnInfo.Water)) && (!(Main.hardMode && spawnInfo.SpawnTileType == TileID.TungstenBrick && !spawnInfo.Water)) && (!(tsorcRevampWorld.SuperHardMode && !((spawnInfo.SpawnTileX < 800 || (spawnInfo.SpawnTileX > (Main.maxTilesX - 800))) || spawnInfo.Player.ZoneJungle || spawnInfo.Player.ZoneCorrupt || spawnInfo.Player.ZoneCrimson || spawnInfo.Player.ZoneUnderworldHeight))) && (!(tsorcRevampWorld.SuperHardMode && spawnInfo.Player.ZoneOverworldHeight && !((spawnInfo.SpawnTileX < 800 || (spawnInfo.SpawnTileX > (Main.maxTilesX - 800))) || spawnInfo.Player.ZoneJungle || spawnInfo.Player.ZoneCorrupt || spawnInfo.Player.ZoneCrimson || spawnInfo.Player.ZoneSkyHeight))) && (tsorcRevampWorld.SuperHardMode && spawnInfo.Player.ZoneDesert && !(spawnInfo.SpawnTileX < 800 || (spawnInfo.SpawnTileX > (Main.maxTilesX - 800))))",NPCs/Enemies/HollowWarrior.cs,706
NPC Spawn Rule,HollowWarrior,Hollow Warrior,Enemies,ModNPC,Natural spawn rules,1,—,1000,38,45,No,No,No,SpawnChance,0.08f,SuperHardmode,Machine Temple,Any / condition-defined depth,Day and night / unspecified,—,Excluded,"(!(spawnInfo.Invasion || Sky(spawnInfo.Player) || spawnInfo.Player.ZoneSnow)) && (!(spawnInfo.Player.townNPCs > 1f)) && (!(spawnInfo.Water || spawnInfo.Player.ZoneCorrupt || spawnInfo.Player.ZoneCrimson)) && (!(spawnInfo.Player.ZoneGlowshroom)) && (!(!Main.hardMode && spawnInfo.SpawnTileType == TileID.GreenDungeonBrick && !spawnInfo.Water)) && (!(!spawnInfo.Water && (Main.tile[spawnInfo.SpawnTileX, spawnInfo.SpawnTileY].WallType == WallID.GreenDungeonSlabUnsafe || Main.tile[spawnInfo.SpawnTileX, spawnInfo.SpawnTileY].WallType == WallID.GreenDungeonUnsafe) && !Main.hardMode && !tsorcRevampWorld.SuperHardMode)) && (!(Main.hardMode && spawnInfo.Lihzahrd)) && (!(Main.hardMode && spawnInfo.Player.ZoneNormalCaverns && !spawnInfo.Water)) && (!(Main.hardMode && spawnInfo.Player.ZoneDesert && spawnInfo.Player.ZoneOverworldHeight && !spawnInfo.Water)) && (!(Main.hardMode && spawnInfo.Player.ZoneUndergroundDesert && !spawnInfo.Water)) && (!(Main.hardMode && spawnInfo.SpawnTileType == TileID.BlueDungeonBrick && !spawnInfo.Water)) && (!(Main.hardMode && spawnInfo.SpawnTileType == TileID.TungstenBrick && !spawnInfo.Water)) && (!(tsorcRevampWorld.SuperHardMode && !((spawnInfo.SpawnTileX < 800 || (spawnInfo.SpawnTileX > (Main.maxTilesX - 800))) || spawnInfo.Player.ZoneJungle || spawnInfo.Player.ZoneCorrupt || spawnInfo.Player.ZoneCrimson || spawnInfo.Player.ZoneUnderworldHeight))) && (!(tsorcRevampWorld.SuperHardMode && spawnInfo.Player.ZoneOverworldHeight && !((spawnInfo.SpawnTileX < 800 || (spawnInfo.SpawnTileX > (Main.maxTilesX - 800))) || spawnInfo.Player.ZoneJungle || spawnInfo.Player.ZoneCorrupt || spawnInfo.Player.ZoneCrimson || spawnInfo.Player.ZoneSkyHeight))) && (!(tsorcRevampWorld.SuperHardMode && spawnInfo.Player.ZoneDesert && !(spawnInfo.SpawnTileX < 800 || (spawnInfo.SpawnTileX > (Main.maxTilesX - 800))))) && (tsorcRevampWorld.SuperHardMode && spawnInfo.Player.ZoneDungeon && !spawnInfo.Player.ZoneUnderworldHeight)",NPCs/Enemies/HollowWarrior.cs,707
NPC Spawn Rule,HollowWarrior,Hollow Warrior,Enemies,ModNPC,Natural spawn rules,1,—,1000,38,45,No,No,No,SpawnChance,0.04f,Pre-Hardmode + Hardmode + SuperHardmode,Machine Temple,Surface,Day and night / unspecified,—,Excluded,"(!(spawnInfo.Invasion || Sky(spawnInfo.Player) || spawnInfo.Player.ZoneSnow)) && (!(spawnInfo.Player.townNPCs > 1f)) && (!(spawnInfo.Water || spawnInfo.Player.ZoneCorrupt || spawnInfo.Player.ZoneCrimson)) && (!(spawnInfo.Player.ZoneGlowshroom)) && (!(!Main.hardMode && spawnInfo.SpawnTileType == TileID.GreenDungeonBrick && !spawnInfo.Water)) && (!(!spawnInfo.Water && (Main.tile[spawnInfo.SpawnTileX, spawnInfo.SpawnTileY].WallType == WallID.GreenDungeonSlabUnsafe || Main.tile[spawnInfo.SpawnTileX, spawnInfo.SpawnTileY].WallType == WallID.GreenDungeonUnsafe) && !Main.hardMode && !tsorcRevampWorld.SuperHardMode)) && (!(Main.hardMode && spawnInfo.Lihzahrd)) && (!(Main.hardMode && spawnInfo.Player.ZoneNormalCaverns && !spawnInfo.Water)) && (!(Main.hardMode && spawnInfo.Player.ZoneDesert && spawnInfo.Player.ZoneOverworldHeight && !spawnInfo.Water)) && (!(Main.hardMode && spawnInfo.Player.ZoneUndergroundDesert && !spawnInfo.Water)) && (!(Main.hardMode && spawnInfo.SpawnTileType == TileID.BlueDungeonBrick && !spawnInfo.Water)) && (!(Main.hardMode && spawnInfo.SpawnTileType == TileID.TungstenBrick && !spawnInfo.Water)) && (!(tsorcRevampWorld.SuperHardMode && !((spawnInfo.SpawnTileX < 800 || (spawnInfo.SpawnTileX > (Main.maxTilesX - 800))) || spawnInfo.Player.ZoneJungle || spawnInfo.Player.ZoneCorrupt || spawnInfo.Player.ZoneCrimson || spawnInfo.Player.ZoneUnderworldHeight))) && (!(tsorcRevampWorld.SuperHardMode && spawnInfo.Player.ZoneOverworldHeight && !((spawnInfo.SpawnTileX < 800 || (spawnInfo.SpawnTileX > (Main.maxTilesX - 800))) || spawnInfo.Player.ZoneJungle || spawnInfo.Player.ZoneCorrupt || spawnInfo.Player.ZoneCrimson || spawnInfo.Player.ZoneSkyHeight))) && (!(tsorcRevampWorld.SuperHardMode && spawnInfo.Player.ZoneDesert && !(spawnInfo.SpawnTileX < 800 || (spawnInfo.SpawnTileX > (Main.maxTilesX - 800))))) && (!(tsorcRevampWorld.SuperHardMode && spawnInfo.Player.ZoneDungeon && !spawnInfo.Player.ZoneUnderworldHeight)) && (Main.expertMode && Main.bloodMoon && spawnInfo.Player.ZoneOverworldHeight && !((spawnInfo.SpawnTileX < 800 || (spawnInfo.SpawnTileX > (Main.maxTilesX - 800))) || spawnInfo.Player.ZoneCorrupt || spawnInfo.Player.ZoneCrimson || spawnInfo.Player.ZoneSkyHeight))",NPCs/Enemies/HollowWarrior.cs,710
NPC Spawn Rule,HollowWarrior,Hollow Warrior,Enemies,ModNPC,Natural spawn rules,1,—,1000,38,45,No,No,No,SpawnChance,0.02f,Pre-Hardmode + Hardmode + SuperHardmode,Machine Temple,Any / condition-defined depth,Day and night / unspecified,—,Excluded,"(!(spawnInfo.Invasion || Sky(spawnInfo.Player) || spawnInfo.Player.ZoneSnow)) && (!(spawnInfo.Player.townNPCs > 1f)) && (!(spawnInfo.Water || spawnInfo.Player.ZoneCorrupt || spawnInfo.Player.ZoneCrimson)) && (!(spawnInfo.Player.ZoneGlowshroom)) && (!(!Main.hardMode && spawnInfo.SpawnTileType == TileID.GreenDungeonBrick && !spawnInfo.Water)) && (!(!spawnInfo.Water && (Main.tile[spawnInfo.SpawnTileX, spawnInfo.SpawnTileY].WallType == WallID.GreenDungeonSlabUnsafe || Main.tile[spawnInfo.SpawnTileX, spawnInfo.SpawnTileY].WallType == WallID.GreenDungeonUnsafe) && !Main.hardMode && !tsorcRevampWorld.SuperHardMode)) && (!(Main.hardMode && spawnInfo.Lihzahrd)) && (!(Main.hardMode && spawnInfo.Player.ZoneNormalCaverns && !spawnInfo.Water)) && (!(Main.hardMode && spawnInfo.Player.ZoneDesert && spawnInfo.Player.ZoneOverworldHeight && !spawnInfo.Water)) && (!(Main.hardMode && spawnInfo.Player.ZoneUndergroundDesert && !spawnInfo.Water)) && (!(Main.hardMode && spawnInfo.SpawnTileType == TileID.BlueDungeonBrick && !spawnInfo.Water)) && (!(Main.hardMode && spawnInfo.SpawnTileType == TileID.TungstenBrick && !spawnInfo.Water)) && (!(tsorcRevampWorld.SuperHardMode && !((spawnInfo.SpawnTileX < 800 || (spawnInfo.SpawnTileX > (Main.maxTilesX - 800))) || spawnInfo.Player.ZoneJungle || spawnInfo.Player.ZoneCorrupt || spawnInfo.Player.ZoneCrimson || spawnInfo.Player.ZoneUnderworldHeight))) && (!(tsorcRevampWorld.SuperHardMode && spawnInfo.Player.ZoneOverworldHeight && !((spawnInfo.SpawnTileX < 800 || (spawnInfo.SpawnTileX > (Main.maxTilesX - 800))) || spawnInfo.Player.ZoneJungle || spawnInfo.Player.ZoneCorrupt || spawnInfo.Player.ZoneCrimson || spawnInfo.Player.ZoneSkyHeight))) && (!(tsorcRevampWorld.SuperHardMode && spawnInfo.Player.ZoneDesert && !(spawnInfo.SpawnTileX < 800 || (spawnInfo.SpawnTileX > (Main.maxTilesX - 800))))) && (!(tsorcRevampWorld.SuperHardMode && spawnInfo.Player.ZoneDungeon && !spawnInfo.Player.ZoneUnderworldHeight)) && (!(Main.expertMode && Main.bloodMoon && spawnInfo.Player.ZoneOverworldHeight && !((spawnInfo.SpawnTileX < 800 || (spawnInfo.SpawnTileX > (Main.maxTilesX - 800))) || spawnInfo.Player.ZoneCorrupt || spawnInfo.Player.ZoneCrimson || spawnInfo.Player.ZoneSkyHeight))) && (Main.expertMode && Main.bloodMoon && !((spawnInfo.SpawnTileX < 800 || (spawnInfo.SpawnTileX > (Main.maxTilesX - 800))) || spawnInfo.Player.ZoneJungle || spawnInfo.Player.ZoneHallow || spawnInfo.Player.ZoneCorrupt || spawnInfo.Player.ZoneCrimson || spawnInfo.Player.ZoneSnow || spawnInfo.Player.ZoneSkyHeight || spawnInfo.Player.ZoneUnderworldHeight))",NPCs/Enemies/HollowWarrior.cs,712
NPC Spawn Rule,HollowWarrior,Hollow Warrior,Enemies,ModNPC,Natural spawn rules,1,—,1000,38,45,No,No,No,SpawnChance,0.025f,Pre-Hardmode + Hardmode + SuperHardmode,Machine Temple,Surface,Day,—,Excluded,"(!(spawnInfo.Invasion || Sky(spawnInfo.Player) || spawnInfo.Player.ZoneSnow)) && (!(spawnInfo.Player.townNPCs > 1f)) && (!(spawnInfo.Water || spawnInfo.Player.ZoneCorrupt || spawnInfo.Player.ZoneCrimson)) && (!(spawnInfo.Player.ZoneGlowshroom)) && (!(!Main.hardMode && spawnInfo.SpawnTileType == TileID.GreenDungeonBrick && !spawnInfo.Water)) && (!(!spawnInfo.Water && (Main.tile[spawnInfo.SpawnTileX, spawnInfo.SpawnTileY].WallType == WallID.GreenDungeonSlabUnsafe || Main.tile[spawnInfo.SpawnTileX, spawnInfo.SpawnTileY].WallType == WallID.GreenDungeonUnsafe) && !Main.hardMode && !tsorcRevampWorld.SuperHardMode)) && (!(Main.hardMode && spawnInfo.Lihzahrd)) && (!(Main.hardMode && spawnInfo.Player.ZoneNormalCaverns && !spawnInfo.Water)) && (!(Main.hardMode && spawnInfo.Player.ZoneDesert && spawnInfo.Player.ZoneOverworldHeight && !spawnInfo.Water)) && (!(Main.hardMode && spawnInfo.Player.ZoneUndergroundDesert && !spawnInfo.Water)) && (!(Main.hardMode && spawnInfo.SpawnTileType == TileID.BlueDungeonBrick && !spawnInfo.Water)) && (!(Main.hardMode && spawnInfo.SpawnTileType == TileID.TungstenBrick && !spawnInfo.Water)) && (!(tsorcRevampWorld.SuperHardMode && !((spawnInfo.SpawnTileX < 800 || (spawnInfo.SpawnTileX > (Main.maxTilesX - 800))) || spawnInfo.Player.ZoneJungle || spawnInfo.Player.ZoneCorrupt || spawnInfo.Player.ZoneCrimson || spawnInfo.Player.ZoneUnderworldHeight))) && (!(tsorcRevampWorld.SuperHardMode && spawnInfo.Player.ZoneOverworldHeight && !((spawnInfo.SpawnTileX < 800 || (spawnInfo.SpawnTileX > (Main.maxTilesX - 800))) || spawnInfo.Player.ZoneJungle || spawnInfo.Player.ZoneCorrupt || spawnInfo.Player.ZoneCrimson || spawnInfo.Player.ZoneSkyHeight))) && (!(tsorcRevampWorld.SuperHardMode && spawnInfo.Player.ZoneDesert && !(spawnInfo.SpawnTileX < 800 || (spawnInfo.SpawnTileX > (Main.maxTilesX - 800))))) && (!(tsorcRevampWorld.SuperHardMode && spawnInfo.Player.ZoneDungeon && !spawnInfo.Player.ZoneUnderworldHeight)) && (!(Main.expertMode && Main.bloodMoon && spawnInfo.Player.ZoneOverworldHeight && !((spawnInfo.SpawnTileX < 800 || (spawnInfo.SpawnTileX > (Main.maxTilesX - 800))) || spawnInfo.Player.ZoneCorrupt || spawnInfo.Player.ZoneCrimson || spawnInfo.Player.ZoneSkyHeight))) && (!(Main.expertMode && Main.bloodMoon && !((spawnInfo.SpawnTileX < 800 || (spawnInfo.SpawnTileX > (Main.maxTilesX - 800))) || spawnInfo.Player.ZoneJungle || spawnInfo.Player.ZoneHallow || spawnInfo.Player.ZoneCorrupt || spawnInfo.Player.ZoneCrimson || spawnInfo.Player.ZoneSnow || spawnInfo.Player.ZoneSkyHeight || spawnInfo.Player.ZoneUnderworldHeight))) && (((!Main.expertMode && (NPC.downedBoss1 || NPC.downedBoss2)) || Main.expertMode) && spawnInfo.Player.ZoneOverworldHeight && Main.dayTime && !((spawnInfo.SpawnTileX < 800 || (spawnInfo.SpawnTileX > (Main.maxTilesX - 800))) || spawnInfo.Player.ZoneJungle || spawnInfo.Player.ZoneHallow || spawnInfo.Player.ZoneCorrupt || spawnInfo.Player.ZoneCrimson || spawnInfo.Player.ZoneSnow || spawnInfo.Player.ZoneBeach || spawnInfo.Player.ZoneSkyHeight))",NPCs/Enemies/HollowWarrior.cs,715
NPC Spawn Rule,HollowWarrior,Hollow Warrior,Enemies,ModNPC,Natural spawn rules,1,—,1000,38,45,No,No,No,SpawnChance,0.05f,Pre-Hardmode + Hardmode + SuperHardmode,Machine Temple,Surface,Night,—,Excluded,"(!(spawnInfo.Invasion || Sky(spawnInfo.Player) || spawnInfo.Player.ZoneSnow)) && (!(spawnInfo.Player.townNPCs > 1f)) && (!(spawnInfo.Water || spawnInfo.Player.ZoneCorrupt || spawnInfo.Player.ZoneCrimson)) && (!(spawnInfo.Player.ZoneGlowshroom)) && (!(!Main.hardMode && spawnInfo.SpawnTileType == TileID.GreenDungeonBrick && !spawnInfo.Water)) && (!(!spawnInfo.Water && (Main.tile[spawnInfo.SpawnTileX, spawnInfo.SpawnTileY].WallType == WallID.GreenDungeonSlabUnsafe || Main.tile[spawnInfo.SpawnTileX, spawnInfo.SpawnTileY].WallType == WallID.GreenDungeonUnsafe) && !Main.hardMode && !tsorcRevampWorld.SuperHardMode)) && (!(Main.hardMode && spawnInfo.Lihzahrd)) && (!(Main.hardMode && spawnInfo.Player.ZoneNormalCaverns && !spawnInfo.Water)) && (!(Main.hardMode && spawnInfo.Player.ZoneDesert && spawnInfo.Player.ZoneOverworldHeight && !spawnInfo.Water)) && (!(Main.hardMode && spawnInfo.Player.ZoneUndergroundDesert && !spawnInfo.Water)) && (!(Main.hardMode && spawnInfo.SpawnTileType == TileID.BlueDungeonBrick && !spawnInfo.Water)) && (!(Main.hardMode && spawnInfo.SpawnTileType == TileID.TungstenBrick && !spawnInfo.Water)) && (!(tsorcRevampWorld.SuperHardMode && !((spawnInfo.SpawnTileX < 800 || (spawnInfo.SpawnTileX > (Main.maxTilesX - 800))) || spawnInfo.Player.ZoneJungle || spawnInfo.Player.ZoneCorrupt || spawnInfo.Player.ZoneCrimson || spawnInfo.Player.ZoneUnderworldHeight))) && (!(tsorcRevampWorld.SuperHardMode && spawnInfo.Player.ZoneOverworldHeight && !((spawnInfo.SpawnTileX < 800 || (spawnInfo.SpawnTileX > (Main.maxTilesX - 800))) || spawnInfo.Player.ZoneJungle || spawnInfo.Player.ZoneCorrupt || spawnInfo.Player.ZoneCrimson || spawnInfo.Player.ZoneSkyHeight))) && (!(tsorcRevampWorld.SuperHardMode && spawnInfo.Player.ZoneDesert && !(spawnInfo.SpawnTileX < 800 || (spawnInfo.SpawnTileX > (Main.maxTilesX - 800))))) && (!(tsorcRevampWorld.SuperHardMode && spawnInfo.Player.ZoneDungeon && !spawnInfo.Player.ZoneUnderworldHeight)) && (!(Main.expertMode && Main.bloodMoon && spawnInfo.Player.ZoneOverworldHeight && !((spawnInfo.SpawnTileX < 800 || (spawnInfo.SpawnTileX > (Main.maxTilesX - 800))) || spawnInfo.Player.ZoneCorrupt || spawnInfo.Player.ZoneCrimson || spawnInfo.Player.ZoneSkyHeight))) && (!(Main.expertMode && Main.bloodMoon && !((spawnInfo.SpawnTileX < 800 || (spawnInfo.SpawnTileX > (Main.maxTilesX - 800))) || spawnInfo.Player.ZoneJungle || spawnInfo.Player.ZoneHallow || spawnInfo.Player.ZoneCorrupt || spawnInfo.Player.ZoneCrimson || spawnInfo.Player.ZoneSnow || spawnInfo.Player.ZoneSkyHeight || spawnInfo.Player.ZoneUnderworldHeight))) && (!(((!Main.expertMode && (NPC.downedBoss1 || NPC.downedBoss2)) || Main.expertMode) && spawnInfo.Player.ZoneOverworldHeight && Main.dayTime && !((spawnInfo.SpawnTileX < 800 || (spawnInfo.SpawnTileX > (Main.maxTilesX - 800))) || spawnInfo.Player.ZoneJungle || spawnInfo.Player.ZoneHallow || spawnInfo.Player.ZoneCorrupt || spawnInfo.Player.ZoneCrimson || spawnInfo.Player.ZoneSnow || spawnInfo.Player.ZoneBeach || spawnInfo.Player.ZoneSkyHeight))) && (((!Main.expertMode && (NPC.downedBoss1 || NPC.downedBoss2)) || Main.expertMode) && spawnInfo.Player.ZoneOverworldHeight && !Main.dayTime && !(spawnInfo.Player.ZoneCorrupt || spawnInfo.Player.ZoneCrimson))",NPCs/Enemies/HollowWarrior.cs,716
NPC Spawn Rule,HollowWarrior,Hollow Warrior,Enemies,ModNPC,Natural spawn rules,1,—,1000,38,45,No,No,No,SpawnChance,0.035f,Pre-Hardmode + Hardmode + SuperHardmode,Machine Temple,Underground or Caverns,Day,—,Excluded,"(!(spawnInfo.Invasion || Sky(spawnInfo.Player) || spawnInfo.Player.ZoneSnow)) && (!(spawnInfo.Player.townNPCs > 1f)) && (!(spawnInfo.Water || spawnInfo.Player.ZoneCorrupt || spawnInfo.Player.ZoneCrimson)) && (!(spawnInfo.Player.ZoneGlowshroom)) && (!(!Main.hardMode && spawnInfo.SpawnTileType == TileID.GreenDungeonBrick && !spawnInfo.Water)) && (!(!spawnInfo.Water && (Main.tile[spawnInfo.SpawnTileX, spawnInfo.SpawnTileY].WallType == WallID.GreenDungeonSlabUnsafe || Main.tile[spawnInfo.SpawnTileX, spawnInfo.SpawnTileY].WallType == WallID.GreenDungeonUnsafe) && !Main.hardMode && !tsorcRevampWorld.SuperHardMode)) && (!(Main.hardMode && spawnInfo.Lihzahrd)) && (!(Main.hardMode && spawnInfo.Player.ZoneNormalCaverns && !spawnInfo.Water)) && (!(Main.hardMode && spawnInfo.Player.ZoneDesert && spawnInfo.Player.ZoneOverworldHeight && !spawnInfo.Water)) && (!(Main.hardMode && spawnInfo.Player.ZoneUndergroundDesert && !spawnInfo.Water)) && (!(Main.hardMode && spawnInfo.SpawnTileType == TileID.BlueDungeonBrick && !spawnInfo.Water)) && (!(Main.hardMode && spawnInfo.SpawnTileType == TileID.TungstenBrick && !spawnInfo.Water)) && (!(tsorcRevampWorld.SuperHardMode && !((spawnInfo.SpawnTileX < 800 || (spawnInfo.SpawnTileX > (Main.maxTilesX - 800))) || spawnInfo.Player.ZoneJungle || spawnInfo.Player.ZoneCorrupt || spawnInfo.Player.ZoneCrimson || spawnInfo.Player.ZoneUnderworldHeight))) && (!(tsorcRevampWorld.SuperHardMode && spawnInfo.Player.ZoneOverworldHeight && !((spawnInfo.SpawnTileX < 800 || (spawnInfo.SpawnTileX > (Main.maxTilesX - 800))) || spawnInfo.Player.ZoneJungle || spawnInfo.Player.ZoneCorrupt || spawnInfo.Player.ZoneCrimson || spawnInfo.Player.ZoneSkyHeight))) && (!(tsorcRevampWorld.SuperHardMode && spawnInfo.Player.ZoneDesert && !(spawnInfo.SpawnTileX < 800 || (spawnInfo.SpawnTileX > (Main.maxTilesX - 800))))) && (!(tsorcRevampWorld.SuperHardMode && spawnInfo.Player.ZoneDungeon && !spawnInfo.Player.ZoneUnderworldHeight)) && (!(Main.expertMode && Main.bloodMoon && spawnInfo.Player.ZoneOverworldHeight && !((spawnInfo.SpawnTileX < 800 || (spawnInfo.SpawnTileX > (Main.maxTilesX - 800))) || spawnInfo.Player.ZoneCorrupt || spawnInfo.Player.ZoneCrimson || spawnInfo.Player.ZoneSkyHeight))) && (!(Main.expertMode && Main.bloodMoon && !((spawnInfo.SpawnTileX < 800 || (spawnInfo.SpawnTileX > (Main.maxTilesX - 800))) || spawnInfo.Player.ZoneJungle || spawnInfo.Player.ZoneHallow || spawnInfo.Player.ZoneCorrupt || spawnInfo.Player.ZoneCrimson || spawnInfo.Player.ZoneSnow || spawnInfo.Player.ZoneSkyHeight || spawnInfo.Player.ZoneUnderworldHeight))) && (!(((!Main.expertMode && (NPC.downedBoss1 || NPC.downedBoss2)) || Main.expertMode) && spawnInfo.Player.ZoneOverworldHeight && Main.dayTime && !((spawnInfo.SpawnTileX < 800 || (spawnInfo.SpawnTileX > (Main.maxTilesX - 800))) || spawnInfo.Player.ZoneJungle || spawnInfo.Player.ZoneHallow || spawnInfo.Player.ZoneCorrupt || spawnInfo.Player.ZoneCrimson || spawnInfo.Player.ZoneSnow || spawnInfo.Player.ZoneBeach || spawnInfo.Player.ZoneSkyHeight))) && (!(((!Main.expertMode && (NPC.downedBoss1 || NPC.downedBoss2)) || Main.expertMode) && spawnInfo.Player.ZoneOverworldHeight && !Main.dayTime && !(spawnInfo.Player.ZoneCorrupt || spawnInfo.Player.ZoneCrimson))) && (((!Main.expertMode && (NPC.downedBoss1 || NPC.downedBoss2)) || Main.expertMode) && (spawnInfo.Player.ZoneDirtLayerHeight || spawnInfo.Player.ZoneRockLayerHeight) && Main.dayTime && !((spawnInfo.SpawnTileX < 800 || (spawnInfo.SpawnTileX > (Main.maxTilesX - 800))) || spawnInfo.Player.ZoneJungle || spawnInfo.Player.ZoneHallow || spawnInfo.Player.ZoneCorrupt || spawnInfo.Player.ZoneCrimson || spawnInfo.Player.ZoneSnow))",NPCs/Enemies/HollowWarrior.cs,718
NPC Spawn Rule,HollowWarrior,Hollow Warrior,Enemies,ModNPC,Natural spawn rules,1,—,1000,38,45,No,No,No,SpawnChance,0.05f,Pre-Hardmode + Hardmode + SuperHardmode,Machine Temple,Underground or Caverns,Night,—,Excluded,"(!(spawnInfo.Invasion || Sky(spawnInfo.Player) || spawnInfo.Player.ZoneSnow)) && (!(spawnInfo.Player.townNPCs > 1f)) && (!(spawnInfo.Water || spawnInfo.Player.ZoneCorrupt || spawnInfo.Player.ZoneCrimson)) && (!(spawnInfo.Player.ZoneGlowshroom)) && (!(!Main.hardMode && spawnInfo.SpawnTileType == TileID.GreenDungeonBrick && !spawnInfo.Water)) && (!(!spawnInfo.Water && (Main.tile[spawnInfo.SpawnTileX, spawnInfo.SpawnTileY].WallType == WallID.GreenDungeonSlabUnsafe || Main.tile[spawnInfo.SpawnTileX, spawnInfo.SpawnTileY].WallType == WallID.GreenDungeonUnsafe) && !Main.hardMode && !tsorcRevampWorld.SuperHardMode)) && (!(Main.hardMode && spawnInfo.Lihzahrd)) && (!(Main.hardMode && spawnInfo.Player.ZoneNormalCaverns && !spawnInfo.Water)) && (!(Main.hardMode && spawnInfo.Player.ZoneDesert && spawnInfo.Player.ZoneOverworldHeight && !spawnInfo.Water)) && (!(Main.hardMode && spawnInfo.Player.ZoneUndergroundDesert && !spawnInfo.Water)) && (!(Main.hardMode && spawnInfo.SpawnTileType == TileID.BlueDungeonBrick && !spawnInfo.Water)) && (!(Main.hardMode && spawnInfo.SpawnTileType == TileID.TungstenBrick && !spawnInfo.Water)) && (!(tsorcRevampWorld.SuperHardMode && !((spawnInfo.SpawnTileX < 800 || (spawnInfo.SpawnTileX > (Main.maxTilesX - 800))) || spawnInfo.Player.ZoneJungle || spawnInfo.Player.ZoneCorrupt || spawnInfo.Player.ZoneCrimson || spawnInfo.Player.ZoneUnderworldHeight))) && (!(tsorcRevampWorld.SuperHardMode && spawnInfo.Player.ZoneOverworldHeight && !((spawnInfo.SpawnTileX < 800 || (spawnInfo.SpawnTileX > (Main.maxTilesX - 800))) || spawnInfo.Player.ZoneJungle || spawnInfo.Player.ZoneCorrupt || spawnInfo.Player.ZoneCrimson || spawnInfo.Player.ZoneSkyHeight))) && (!(tsorcRevampWorld.SuperHardMode && spawnInfo.Player.ZoneDesert && !(spawnInfo.SpawnTileX < 800 || (spawnInfo.SpawnTileX > (Main.maxTilesX - 800))))) && (!(tsorcRevampWorld.SuperHardMode && spawnInfo.Player.ZoneDungeon && !spawnInfo.Player.ZoneUnderworldHeight)) && (!(Main.expertMode && Main.bloodMoon && spawnInfo.Player.ZoneOverworldHeight && !((spawnInfo.SpawnTileX < 800 || (spawnInfo.SpawnTileX > (Main.maxTilesX - 800))) || spawnInfo.Player.ZoneCorrupt || spawnInfo.Player.ZoneCrimson || spawnInfo.Player.ZoneSkyHeight))) && (!(Main.expertMode && Main.bloodMoon && !((spawnInfo.SpawnTileX < 800 || (spawnInfo.SpawnTileX > (Main.maxTilesX - 800))) || spawnInfo.Player.ZoneJungle || spawnInfo.Player.ZoneHallow || spawnInfo.Player.ZoneCorrupt || spawnInfo.Player.ZoneCrimson || spawnInfo.Player.ZoneSnow || spawnInfo.Player.ZoneSkyHeight || spawnInfo.Player.ZoneUnderworldHeight))) && (!(((!Main.expertMode && (NPC.downedBoss1 || NPC.downedBoss2)) || Main.expertMode) && spawnInfo.Player.ZoneOverworldHeight && Main.dayTime && !((spawnInfo.SpawnTileX < 800 || (spawnInfo.SpawnTileX > (Main.maxTilesX - 800))) || spawnInfo.Player.ZoneJungle || spawnInfo.Player.ZoneHallow || spawnInfo.Player.ZoneCorrupt || spawnInfo.Player.ZoneCrimson || spawnInfo.Player.ZoneSnow || spawnInfo.Player.ZoneBeach || spawnInfo.Player.ZoneSkyHeight))) && (!(((!Main.expertMode && (NPC.downedBoss1 || NPC.downedBoss2)) || Main.expertMode) && spawnInfo.Player.ZoneOverworldHeight && !Main.dayTime && !(spawnInfo.Player.ZoneCorrupt || spawnInfo.Player.ZoneCrimson))) && (!(((!Main.expertMode && (NPC.downedBoss1 || NPC.downedBoss2)) || Main.expertMode) && (spawnInfo.Player.ZoneDirtLayerHeight || spawnInfo.Player.ZoneRockLayerHeight) && Main.dayTime && !((spawnInfo.SpawnTileX < 800 || (spawnInfo.SpawnTileX > (Main.maxTilesX - 800))) || spawnInfo.Player.ZoneJungle || spawnInfo.Player.ZoneHallow || spawnInfo.Player.ZoneCorrupt || spawnInfo.Player.ZoneCrimson || spawnInfo.Player.ZoneSnow))) && (((!Main.expertMode && (NPC.downedBoss1 || NPC.downedBoss2)) || Main.expertMode) && (spawnInfo.Player.ZoneDirtLayerHeight || spawnInfo.Player.ZoneRockLayerHeight) && !Main.dayTime && !((spawnInfo.SpawnTileX < 800 || (spawnInfo.SpawnTileX > (Main.maxTilesX - 800))) || spawnInfo.Player.ZoneJungle || spawnInfo.Player.ZoneHallow || spawnInfo.Player.ZoneCorrupt || spawnInfo.Player.ZoneCrimson || spawnInfo.Player.ZoneSnow))",NPCs/Enemies/HollowWarrior.cs,719
NPC Spawn Rule,HollowWarrior,Hollow Warrior,Enemies,ModNPC,Natural spawn rules,1,—,1000,38,45,No,No,No,SpawnChance,0.02f,Pre-Hardmode + Hardmode + SuperHardmode,Machine Temple,Any / condition-defined depth,Day and night / unspecified,—,Excluded,"(!(spawnInfo.Invasion || Sky(spawnInfo.Player) || spawnInfo.Player.ZoneSnow)) && (!(spawnInfo.Player.townNPCs > 1f)) && (!(spawnInfo.Water || spawnInfo.Player.ZoneCorrupt || spawnInfo.Player.ZoneCrimson)) && (!(spawnInfo.Player.ZoneGlowshroom)) && (!(!Main.hardMode && spawnInfo.SpawnTileType == TileID.GreenDungeonBrick && !spawnInfo.Water)) && (!(!spawnInfo.Water && (Main.tile[spawnInfo.SpawnTileX, spawnInfo.SpawnTileY].WallType == WallID.GreenDungeonSlabUnsafe || Main.tile[spawnInfo.SpawnTileX, spawnInfo.SpawnTileY].WallType == WallID.GreenDungeonUnsafe) && !Main.hardMode && !tsorcRevampWorld.SuperHardMode)) && (!(Main.hardMode && spawnInfo.Lihzahrd)) && (!(Main.hardMode && spawnInfo.Player.ZoneNormalCaverns && !spawnInfo.Water)) && (!(Main.hardMode && spawnInfo.Player.ZoneDesert && spawnInfo.Player.ZoneOverworldHeight && !spawnInfo.Water)) && (!(Main.hardMode && spawnInfo.Player.ZoneUndergroundDesert && !spawnInfo.Water)) && (!(Main.hardMode && spawnInfo.SpawnTileType == TileID.BlueDungeonBrick && !spawnInfo.Water)) && (!(Main.hardMode && spawnInfo.SpawnTileType == TileID.TungstenBrick && !spawnInfo.Water)) && (!(tsorcRevampWorld.SuperHardMode && !((spawnInfo.SpawnTileX < 800 || (spawnInfo.SpawnTileX > (Main.maxTilesX - 800))) || spawnInfo.Player.ZoneJungle || spawnInfo.Player.ZoneCorrupt || spawnInfo.Player.ZoneCrimson || spawnInfo.Player.ZoneUnderworldHeight))) && (!(tsorcRevampWorld.SuperHardMode && spawnInfo.Player.ZoneOverworldHeight && !((spawnInfo.SpawnTileX < 800 || (spawnInfo.SpawnTileX > (Main.maxTilesX - 800))) || spawnInfo.Player.ZoneJungle || spawnInfo.Player.ZoneCorrupt || spawnInfo.Player.ZoneCrimson || spawnInfo.Player.ZoneSkyHeight))) && (!(tsorcRevampWorld.SuperHardMode && spawnInfo.Player.ZoneDesert && !(spawnInfo.SpawnTileX < 800 || (spawnInfo.SpawnTileX > (Main.maxTilesX - 800))))) && (!(tsorcRevampWorld.SuperHardMode && spawnInfo.Player.ZoneDungeon && !spawnInfo.Player.ZoneUnderworldHeight)) && (!(Main.expertMode && Main.bloodMoon && spawnInfo.Player.ZoneOverworldHeight && !((spawnInfo.SpawnTileX < 800 || (spawnInfo.SpawnTileX > (Main.maxTilesX - 800))) || spawnInfo.Player.ZoneCorrupt || spawnInfo.Player.ZoneCrimson || spawnInfo.Player.ZoneSkyHeight))) && (!(Main.expertMode && Main.bloodMoon && !((spawnInfo.SpawnTileX < 800 || (spawnInfo.SpawnTileX > (Main.maxTilesX - 800))) || spawnInfo.Player.ZoneJungle || spawnInfo.Player.ZoneHallow || spawnInfo.Player.ZoneCorrupt || spawnInfo.Player.ZoneCrimson || spawnInfo.Player.ZoneSnow || spawnInfo.Player.ZoneSkyHeight || spawnInfo.Player.ZoneUnderworldHeight))) && (!(((!Main.expertMode && (NPC.downedBoss1 || NPC.downedBoss2)) || Main.expertMode) && spawnInfo.Player.ZoneOverworldHeight && Main.dayTime && !((spawnInfo.SpawnTileX < 800 || (spawnInfo.SpawnTileX > (Main.maxTilesX - 800))) || spawnInfo.Player.ZoneJungle || spawnInfo.Player.ZoneHallow || spawnInfo.Player.ZoneCorrupt || spawnInfo.Player.ZoneCrimson || spawnInfo.Player.ZoneSnow || spawnInfo.Player.ZoneBeach || spawnInfo.Player.ZoneSkyHeight))) && (!(((!Main.expertMode && (NPC.downedBoss1 || NPC.downedBoss2)) || Main.expertMode) && spawnInfo.Player.ZoneOverworldHeight && !Main.dayTime && !(spawnInfo.Player.ZoneCorrupt || spawnInfo.Player.ZoneCrimson))) && (!(((!Main.expertMode && (NPC.downedBoss1 || NPC.downedBoss2)) || Main.expertMode) && (spawnInfo.Player.ZoneDirtLayerHeight || spawnInfo.Player.ZoneRockLayerHeight) && Main.dayTime && !((spawnInfo.SpawnTileX < 800 || (spawnInfo.SpawnTileX > (Main.maxTilesX - 800))) || spawnInfo.Player.ZoneJungle || spawnInfo.Player.ZoneHallow || spawnInfo.Player.ZoneCorrupt || spawnInfo.Player.ZoneCrimson || spawnInfo.Player.ZoneSnow))) && (!(((!Main.expertMode && (NPC.downedBoss1 || NPC.downedBoss2)) || Main.expertMode) && (spawnInfo.Player.ZoneDirtLayerHeight || spawnInfo.Player.ZoneRockLayerHeight) && !Main.dayTime && !((spawnInfo.SpawnTileX < 800 || (spawnInfo.SpawnTileX > (Main.maxTilesX - 800))) || spawnInfo.Player.ZoneJungle || spawnInfo.Player.ZoneHallow || spawnInfo.Player.ZoneCorrupt || spawnInfo.Player.ZoneCrimson || spawnInfo.Player.ZoneSnow))) && ((!Main.expertMode && !(spawnInfo.Player.ZoneUnderworldHeight || spawnInfo.Player.ZoneJungle || spawnInfo.Player.ZoneCorrupt || spawnInfo.Player.ZoneCrimson) && (NPC.downedBoss1 || NPC.downedBoss2)) || Main.expertMode)",NPCs/Enemies/HollowWarrior.cs,722
NPC Spawn Rule,HollowWarrior,Hollow Warrior,Enemies,ModNPC,Natural spawn rules,1,—,1000,38,45,No,No,No,SpawnChance,0,Pre-Hardmode + Hardmode + SuperHardmode,Machine Temple,Any / condition-defined depth,Day and night / unspecified,—,Excluded,"(!(spawnInfo.Invasion || Sky(spawnInfo.Player) || spawnInfo.Player.ZoneSnow)) && (!(spawnInfo.Player.townNPCs > 1f)) && (!(spawnInfo.Water || spawnInfo.Player.ZoneCorrupt || spawnInfo.Player.ZoneCrimson)) && (!(spawnInfo.Player.ZoneGlowshroom)) && (!(!Main.hardMode && spawnInfo.SpawnTileType == TileID.GreenDungeonBrick && !spawnInfo.Water)) && (!(!spawnInfo.Water && (Main.tile[spawnInfo.SpawnTileX, spawnInfo.SpawnTileY].WallType == WallID.GreenDungeonSlabUnsafe || Main.tile[spawnInfo.SpawnTileX, spawnInfo.SpawnTileY].WallType == WallID.GreenDungeonUnsafe) && !Main.hardMode && !tsorcRevampWorld.SuperHardMode)) && (!(Main.hardMode && spawnInfo.Lihzahrd)) && (!(Main.hardMode && spawnInfo.Player.ZoneNormalCaverns && !spawnInfo.Water)) && (!(Main.hardMode && spawnInfo.Player.ZoneDesert && spawnInfo.Player.ZoneOverworldHeight && !spawnInfo.Water)) && (!(Main.hardMode && spawnInfo.Player.ZoneUndergroundDesert && !spawnInfo.Water)) && (!(Main.hardMode && spawnInfo.SpawnTileType == TileID.BlueDungeonBrick && !spawnInfo.Water)) && (!(Main.hardMode && spawnInfo.SpawnTileType == TileID.TungstenBrick && !spawnInfo.Water)) && (!(tsorcRevampWorld.SuperHardMode && !((spawnInfo.SpawnTileX < 800 || (spawnInfo.SpawnTileX > (Main.maxTilesX - 800))) || spawnInfo.Player.ZoneJungle || spawnInfo.Player.ZoneCorrupt || spawnInfo.Player.ZoneCrimson || spawnInfo.Player.ZoneUnderworldHeight))) && (!(tsorcRevampWorld.SuperHardMode && spawnInfo.Player.ZoneOverworldHeight && !((spawnInfo.SpawnTileX < 800 || (spawnInfo.SpawnTileX > (Main.maxTilesX - 800))) || spawnInfo.Player.ZoneJungle || spawnInfo.Player.ZoneCorrupt || spawnInfo.Player.ZoneCrimson || spawnInfo.Player.ZoneSkyHeight))) && (!(tsorcRevampWorld.SuperHardMode && spawnInfo.Player.ZoneDesert && !(spawnInfo.SpawnTileX < 800 || (spawnInfo.SpawnTileX > (Main.maxTilesX - 800))))) && (!(tsorcRevampWorld.SuperHardMode && spawnInfo.Player.ZoneDungeon && !spawnInfo.Player.ZoneUnderworldHeight)) && (!(Main.expertMode && Main.bloodMoon && spawnInfo.Player.ZoneOverworldHeight && !((spawnInfo.SpawnTileX < 800 || (spawnInfo.SpawnTileX > (Main.maxTilesX - 800))) || spawnInfo.Player.ZoneCorrupt || spawnInfo.Player.ZoneCrimson || spawnInfo.Player.ZoneSkyHeight))) && (!(Main.expertMode && Main.bloodMoon && !((spawnInfo.SpawnTileX < 800 || (spawnInfo.SpawnTileX > (Main.maxTilesX - 800))) || spawnInfo.Player.ZoneJungle || spawnInfo.Player.ZoneHallow || spawnInfo.Player.ZoneCorrupt || spawnInfo.Player.ZoneCrimson || spawnInfo.Player.ZoneSnow || spawnInfo.Player.ZoneSkyHeight || spawnInfo.Player.ZoneUnderworldHeight))) && (!(((!Main.expertMode && (NPC.downedBoss1 || NPC.downedBoss2)) || Main.expertMode) && spawnInfo.Player.ZoneOverworldHeight && Main.dayTime && !((spawnInfo.SpawnTileX < 800 || (spawnInfo.SpawnTileX > (Main.maxTilesX - 800))) || spawnInfo.Player.ZoneJungle || spawnInfo.Player.ZoneHallow || spawnInfo.Player.ZoneCorrupt || spawnInfo.Player.ZoneCrimson || spawnInfo.Player.ZoneSnow || spawnInfo.Player.ZoneBeach || spawnInfo.Player.ZoneSkyHeight))) && (!(((!Main.expertMode && (NPC.downedBoss1 || NPC.downedBoss2)) || Main.expertMode) && spawnInfo.Player.ZoneOverworldHeight && !Main.dayTime && !(spawnInfo.Player.ZoneCorrupt || spawnInfo.Player.ZoneCrimson))) && (!(((!Main.expertMode && (NPC.downedBoss1 || NPC.downedBoss2)) || Main.expertMode) && (spawnInfo.Player.ZoneDirtLayerHeight || spawnInfo.Player.ZoneRockLayerHeight) && Main.dayTime && !((spawnInfo.SpawnTileX < 800 || (spawnInfo.SpawnTileX > (Main.maxTilesX - 800))) || spawnInfo.Player.ZoneJungle || spawnInfo.Player.ZoneHallow || spawnInfo.Player.ZoneCorrupt || spawnInfo.Player.ZoneCrimson || spawnInfo.Player.ZoneSnow))) && (!(((!Main.expertMode && (NPC.downedBoss1 || NPC.downedBoss2)) || Main.expertMode) && (spawnInfo.Player.ZoneDirtLayerHeight || spawnInfo.Player.ZoneRockLayerHeight) && !Main.dayTime && !((spawnInfo.SpawnTileX < 800 || (spawnInfo.SpawnTileX > (Main.maxTilesX - 800))) || spawnInfo.Player.ZoneJungle || spawnInfo.Player.ZoneHallow || spawnInfo.Player.ZoneCorrupt || spawnInfo.Player.ZoneCrimson || spawnInfo.Player.ZoneSnow))) && (!((!Main.expertMode && !(spawnInfo.Player.ZoneUnderworldHeight || spawnInfo.Player.ZoneJungle || spawnInfo.Player.ZoneCorrupt || spawnInfo.Player.ZoneCrimson) && (NPC.downedBoss1 || NPC.downedBoss2)) || Main.expertMode))",NPCs/Enemies/HollowWarrior.cs,724
NPC Spawn Rule,HollowWarriorOriginal,Old Hollow Warrior,Enemies,ModNPC,Natural spawn rules,1,—,1000,38,45,No,No,No,SpawnChance,0,Pre-Hardmode + Hardmode + SuperHardmode,Snow,Any / condition-defined depth,Day and night / unspecified,—,Unspecified,(spawnInfo.Invasion || Sky(spawnInfo.Player) || spawnInfo.Player.ZoneSnow),NPCs/Enemies/HollowWarriorOriginal.cs,819
NPC Spawn Rule,HollowWarriorOriginal,Old Hollow Warrior,Enemies,ModNPC,Natural spawn rules,1,—,1000,38,45,No,No,No,SpawnChance,0f,Pre-Hardmode + Hardmode + SuperHardmode,General / Custom,Any / condition-defined depth,Day and night / unspecified,—,Unspecified,(!(spawnInfo.Invasion || Sky(spawnInfo.Player) || spawnInfo.Player.ZoneSnow)) && (spawnInfo.Player.townNPCs > 1f),NPCs/Enemies/HollowWarriorOriginal.cs,822
NPC Spawn Rule,HollowWarriorOriginal,Old Hollow Warrior,Enemies,ModNPC,Natural spawn rules,1,—,1000,38,45,No,No,No,SpawnChance,0f,Pre-Hardmode + Hardmode + SuperHardmode,Corruption + Crimson,Any / condition-defined depth,Day and night / unspecified,—,Conditional / mixed,(!(spawnInfo.Invasion || Sky(spawnInfo.Player) || spawnInfo.Player.ZoneSnow)) && (!(spawnInfo.Player.townNPCs > 1f)) && (spawnInfo.Water || spawnInfo.Player.ZoneCorrupt || spawnInfo.Player.ZoneCrimson),NPCs/Enemies/HollowWarriorOriginal.cs,824
NPC Spawn Rule,HollowWarriorOriginal,Old Hollow Warrior,Enemies,ModNPC,Natural spawn rules,1,—,1000,38,45,No,No,No,SpawnChance,0f,Pre-Hardmode + Hardmode + SuperHardmode,Glowing Mushroom,Any / condition-defined depth,Day and night / unspecified,—,Excluded,(!(spawnInfo.Invasion || Sky(spawnInfo.Player) || spawnInfo.Player.ZoneSnow)) && (!(spawnInfo.Player.townNPCs > 1f)) && (!(spawnInfo.Water || spawnInfo.Player.ZoneCorrupt || spawnInfo.Player.ZoneCrimson)) && (spawnInfo.Player.ZoneGlowshroom),NPCs/Enemies/HollowWarriorOriginal.cs,825
NPC Spawn Rule,HollowWarriorOriginal,Old Hollow Warrior,Enemies,ModNPC,Natural spawn rules,1,—,1000,38,45,No,No,No,SpawnChance,0.07f,Pre-Hardmode,General / Custom,Any / condition-defined depth,Day and night / unspecified,—,Excluded,(!(spawnInfo.Invasion || Sky(spawnInfo.Player) || spawnInfo.Player.ZoneSnow)) && (!(spawnInfo.Player.townNPCs > 1f)) && (!(spawnInfo.Water || spawnInfo.Player.ZoneCorrupt || spawnInfo.Player.ZoneCrimson)) && (!(spawnInfo.Player.ZoneGlowshroom)) && (!Main.hardMode && spawnInfo.SpawnTileType == TileID.GreenDungeonBrick && !spawnInfo.Water),NPCs/Enemies/HollowWarriorOriginal.cs,827
NPC Spawn Rule,HollowWarriorOriginal,Old Hollow Warrior,Enemies,ModNPC,Natural spawn rules,1,—,1000,38,45,No,No,No,SpawnChance,0.05f,Pre-Hardmode,Machine Temple,Any / condition-defined depth,Day and night / unspecified,—,Excluded,"(!(spawnInfo.Invasion || Sky(spawnInfo.Player) || spawnInfo.Player.ZoneSnow)) && (!(spawnInfo.Player.townNPCs > 1f)) && (!(spawnInfo.Water || spawnInfo.Player.ZoneCorrupt || spawnInfo.Player.ZoneCrimson)) && (!(spawnInfo.Player.ZoneGlowshroom)) && (!(!Main.hardMode && spawnInfo.SpawnTileType == TileID.GreenDungeonBrick && !spawnInfo.Water)) && (!spawnInfo.Water && (Main.tile[spawnInfo.SpawnTileX, spawnInfo.SpawnTileY].WallType == WallID.GreenDungeonSlabUnsafe || Main.tile[spawnInfo.SpawnTileX, spawnInfo.SpawnTileY].WallType == WallID.GreenDungeonUnsafe) && !Main.hardMode && !tsorcRevampWorld.SuperHardMode)",NPCs/Enemies/HollowWarriorOriginal.cs,828
NPC Spawn Rule,HollowWarriorOriginal,Old Hollow Warrior,Enemies,ModNPC,Natural spawn rules,1,—,1000,38,45,No,No,No,SpawnChance,0.1f,Hardmode + SuperHardmode,Machine Temple,Any / condition-defined depth,Day and night / unspecified,—,Excluded,"(!(spawnInfo.Invasion || Sky(spawnInfo.Player) || spawnInfo.Player.ZoneSnow)) && (!(spawnInfo.Player.townNPCs > 1f)) && (!(spawnInfo.Water || spawnInfo.Player.ZoneCorrupt || spawnInfo.Player.ZoneCrimson)) && (!(spawnInfo.Player.ZoneGlowshroom)) && (!(!Main.hardMode && spawnInfo.SpawnTileType == TileID.GreenDungeonBrick && !spawnInfo.Water)) && (!(!spawnInfo.Water && (Main.tile[spawnInfo.SpawnTileX, spawnInfo.SpawnTileY].WallType == WallID.GreenDungeonSlabUnsafe || Main.tile[spawnInfo.SpawnTileX, spawnInfo.SpawnTileY].WallType == WallID.GreenDungeonUnsafe) && !Main.hardMode && !tsorcRevampWorld.SuperHardMode)) && (Main.hardMode && spawnInfo.Lihzahrd)",NPCs/Enemies/HollowWarriorOriginal.cs,829
NPC Spawn Rule,HollowWarriorOriginal,Old Hollow Warrior,Enemies,ModNPC,Natural spawn rules,1,—,1000,38,45,No,No,No,SpawnChance,0.01f,Hardmode + SuperHardmode,Machine Temple,Caverns,Day and night / unspecified,—,Excluded,"(!(spawnInfo.Invasion || Sky(spawnInfo.Player) || spawnInfo.Player.ZoneSnow)) && (!(spawnInfo.Player.townNPCs > 1f)) && (!(spawnInfo.Water || spawnInfo.Player.ZoneCorrupt || spawnInfo.Player.ZoneCrimson)) && (!(spawnInfo.Player.ZoneGlowshroom)) && (!(!Main.hardMode && spawnInfo.SpawnTileType == TileID.GreenDungeonBrick && !spawnInfo.Water)) && (!(!spawnInfo.Water && (Main.tile[spawnInfo.SpawnTileX, spawnInfo.SpawnTileY].WallType == WallID.GreenDungeonSlabUnsafe || Main.tile[spawnInfo.SpawnTileX, spawnInfo.SpawnTileY].WallType == WallID.GreenDungeonUnsafe) && !Main.hardMode && !tsorcRevampWorld.SuperHardMode)) && (!(Main.hardMode && spawnInfo.Lihzahrd)) && (Main.hardMode && spawnInfo.Player.ZoneNormalCaverns && !spawnInfo.Water)",NPCs/Enemies/HollowWarriorOriginal.cs,830
NPC Spawn Rule,HollowWarriorOriginal,Old Hollow Warrior,Enemies,ModNPC,Natural spawn rules,1,—,1000,38,45,No,No,No,SpawnChance,0.025f,Hardmode + SuperHardmode,Machine Temple,Surface,Day and night / unspecified,—,Excluded,"(!(spawnInfo.Invasion || Sky(spawnInfo.Player) || spawnInfo.Player.ZoneSnow)) && (!(spawnInfo.Player.townNPCs > 1f)) && (!(spawnInfo.Water || spawnInfo.Player.ZoneCorrupt || spawnInfo.Player.ZoneCrimson)) && (!(spawnInfo.Player.ZoneGlowshroom)) && (!(!Main.hardMode && spawnInfo.SpawnTileType == TileID.GreenDungeonBrick && !spawnInfo.Water)) && (!(!spawnInfo.Water && (Main.tile[spawnInfo.SpawnTileX, spawnInfo.SpawnTileY].WallType == WallID.GreenDungeonSlabUnsafe || Main.tile[spawnInfo.SpawnTileX, spawnInfo.SpawnTileY].WallType == WallID.GreenDungeonUnsafe) && !Main.hardMode && !tsorcRevampWorld.SuperHardMode)) && (!(Main.hardMode && spawnInfo.Lihzahrd)) && (!(Main.hardMode && spawnInfo.Player.ZoneNormalCaverns && !spawnInfo.Water)) && (Main.hardMode && spawnInfo.Player.ZoneDesert && spawnInfo.Player.ZoneOverworldHeight && !spawnInfo.Water)",NPCs/Enemies/HollowWarriorOriginal.cs,831
NPC Spawn Rule,HollowWarriorOriginal,Old Hollow Warrior,Enemies,ModNPC,Natural spawn rules,1,—,1000,38,45,No,No,No,SpawnChance,0.035f,Hardmode + SuperHardmode,Machine Temple,Any / condition-defined depth,Day and night / unspecified,—,Excluded,"(!(spawnInfo.Invasion || Sky(spawnInfo.Player) || spawnInfo.Player.ZoneSnow)) && (!(spawnInfo.Player.townNPCs > 1f)) && (!(spawnInfo.Water || spawnInfo.Player.ZoneCorrupt || spawnInfo.Player.ZoneCrimson)) && (!(spawnInfo.Player.ZoneGlowshroom)) && (!(!Main.hardMode && spawnInfo.SpawnTileType == TileID.GreenDungeonBrick && !spawnInfo.Water)) && (!(!spawnInfo.Water && (Main.tile[spawnInfo.SpawnTileX, spawnInfo.SpawnTileY].WallType == WallID.GreenDungeonSlabUnsafe || Main.tile[spawnInfo.SpawnTileX, spawnInfo.SpawnTileY].WallType == WallID.GreenDungeonUnsafe) && !Main.hardMode && !tsorcRevampWorld.SuperHardMode)) && (!(Main.hardMode && spawnInfo.Lihzahrd)) && (!(Main.hardMode && spawnInfo.Player.ZoneNormalCaverns && !spawnInfo.Water)) && (!(Main.hardMode && spawnInfo.Player.ZoneDesert && spawnInfo.Player.ZoneOverworldHeight && !spawnInfo.Water)) && (Main.hardMode && spawnInfo.Player.ZoneUndergroundDesert && !spawnInfo.Water)",NPCs/Enemies/HollowWarriorOriginal.cs,832
NPC Spawn Rule,HollowWarriorOriginal,Old Hollow Warrior,Enemies,ModNPC,Natural spawn rules,1,—,1000,38,45,No,No,No,SpawnChance,0.09f,Hardmode + SuperHardmode,Machine Temple,Any / condition-defined depth,Day and night / unspecified,—,Excluded,"(!(spawnInfo.Invasion || Sky(spawnInfo.Player) || spawnInfo.Player.ZoneSnow)) && (!(spawnInfo.Player.townNPCs > 1f)) && (!(spawnInfo.Water || spawnInfo.Player.ZoneCorrupt || spawnInfo.Player.ZoneCrimson)) && (!(spawnInfo.Player.ZoneGlowshroom)) && (!(!Main.hardMode && spawnInfo.SpawnTileType == TileID.GreenDungeonBrick && !spawnInfo.Water)) && (!(!spawnInfo.Water && (Main.tile[spawnInfo.SpawnTileX, spawnInfo.SpawnTileY].WallType == WallID.GreenDungeonSlabUnsafe || Main.tile[spawnInfo.SpawnTileX, spawnInfo.SpawnTileY].WallType == WallID.GreenDungeonUnsafe) && !Main.hardMode && !tsorcRevampWorld.SuperHardMode)) && (!(Main.hardMode && spawnInfo.Lihzahrd)) && (!(Main.hardMode && spawnInfo.Player.ZoneNormalCaverns && !spawnInfo.Water)) && (!(Main.hardMode && spawnInfo.Player.ZoneDesert && spawnInfo.Player.ZoneOverworldHeight && !spawnInfo.Water)) && (!(Main.hardMode && spawnInfo.Player.ZoneUndergroundDesert && !spawnInfo.Water)) && (Main.hardMode && spawnInfo.SpawnTileType == TileID.BlueDungeonBrick && !spawnInfo.Water)",NPCs/Enemies/HollowWarriorOriginal.cs,833
NPC Spawn Rule,HollowWarriorOriginal,Old Hollow Warrior,Enemies,ModNPC,Natural spawn rules,1,—,1000,38,45,No,No,No,SpawnChance,0.08f,Hardmode + SuperHardmode,Machine Temple,Any / condition-defined depth,Day and night / unspecified,—,Excluded,"(!(spawnInfo.Invasion || Sky(spawnInfo.Player) || spawnInfo.Player.ZoneSnow)) && (!(spawnInfo.Player.townNPCs > 1f)) && (!(spawnInfo.Water || spawnInfo.Player.ZoneCorrupt || spawnInfo.Player.ZoneCrimson)) && (!(spawnInfo.Player.ZoneGlowshroom)) && (!(!Main.hardMode && spawnInfo.SpawnTileType == TileID.GreenDungeonBrick && !spawnInfo.Water)) && (!(!spawnInfo.Water && (Main.tile[spawnInfo.SpawnTileX, spawnInfo.SpawnTileY].WallType == WallID.GreenDungeonSlabUnsafe || Main.tile[spawnInfo.SpawnTileX, spawnInfo.SpawnTileY].WallType == WallID.GreenDungeonUnsafe) && !Main.hardMode && !tsorcRevampWorld.SuperHardMode)) && (!(Main.hardMode && spawnInfo.Lihzahrd)) && (!(Main.hardMode && spawnInfo.Player.ZoneNormalCaverns && !spawnInfo.Water)) && (!(Main.hardMode && spawnInfo.Player.ZoneDesert && spawnInfo.Player.ZoneOverworldHeight && !spawnInfo.Water)) && (!(Main.hardMode && spawnInfo.Player.ZoneUndergroundDesert && !spawnInfo.Water)) && (!(Main.hardMode && spawnInfo.SpawnTileType == TileID.BlueDungeonBrick && !spawnInfo.Water)) && (Main.hardMode && spawnInfo.SpawnTileType == TileID.TungstenBrick && !spawnInfo.Water)",NPCs/Enemies/HollowWarriorOriginal.cs,834
NPC Spawn Rule,HollowWarriorOriginal,Old Hollow Warrior,Enemies,ModNPC,Natural spawn rules,1,—,1000,38,45,No,No,No,SpawnChance,0.115f,SuperHardmode,Machine Temple,Any / condition-defined depth,Day and night / unspecified,—,Excluded,"(!(spawnInfo.Invasion || Sky(spawnInfo.Player) || spawnInfo.Player.ZoneSnow)) && (!(spawnInfo.Player.townNPCs > 1f)) && (!(spawnInfo.Water || spawnInfo.Player.ZoneCorrupt || spawnInfo.Player.ZoneCrimson)) && (!(spawnInfo.Player.ZoneGlowshroom)) && (!(!Main.hardMode && spawnInfo.SpawnTileType == TileID.GreenDungeonBrick && !spawnInfo.Water)) && (!(!spawnInfo.Water && (Main.tile[spawnInfo.SpawnTileX, spawnInfo.SpawnTileY].WallType == WallID.GreenDungeonSlabUnsafe || Main.tile[spawnInfo.SpawnTileX, spawnInfo.SpawnTileY].WallType == WallID.GreenDungeonUnsafe) && !Main.hardMode && !tsorcRevampWorld.SuperHardMode)) && (!(Main.hardMode && spawnInfo.Lihzahrd)) && (!(Main.hardMode && spawnInfo.Player.ZoneNormalCaverns && !spawnInfo.Water)) && (!(Main.hardMode && spawnInfo.Player.ZoneDesert && spawnInfo.Player.ZoneOverworldHeight && !spawnInfo.Water)) && (!(Main.hardMode && spawnInfo.Player.ZoneUndergroundDesert && !spawnInfo.Water)) && (!(Main.hardMode && spawnInfo.SpawnTileType == TileID.BlueDungeonBrick && !spawnInfo.Water)) && (!(Main.hardMode && spawnInfo.SpawnTileType == TileID.TungstenBrick && !spawnInfo.Water)) && (tsorcRevampWorld.SuperHardMode && !((spawnInfo.SpawnTileX < 800 || (spawnInfo.SpawnTileX > (Main.maxTilesX - 800))) || spawnInfo.Player.ZoneJungle || spawnInfo.Player.ZoneCorrupt || spawnInfo.Player.ZoneCrimson || spawnInfo.Player.ZoneUnderworldHeight))",NPCs/Enemies/HollowWarriorOriginal.cs,836
NPC Spawn Rule,HollowWarriorOriginal,Old Hollow Warrior,Enemies,ModNPC,Natural spawn rules,1,—,1000,38,45,No,No,No,SpawnChance,0.13f,SuperHardmode,Machine Temple,Surface,Day and night / unspecified,—,Excluded,"(!(spawnInfo.Invasion || Sky(spawnInfo.Player) || spawnInfo.Player.ZoneSnow)) && (!(spawnInfo.Player.townNPCs > 1f)) && (!(spawnInfo.Water || spawnInfo.Player.ZoneCorrupt || spawnInfo.Player.ZoneCrimson)) && (!(spawnInfo.Player.ZoneGlowshroom)) && (!(!Main.hardMode && spawnInfo.SpawnTileType == TileID.GreenDungeonBrick && !spawnInfo.Water)) && (!(!spawnInfo.Water && (Main.tile[spawnInfo.SpawnTileX, spawnInfo.SpawnTileY].WallType == WallID.GreenDungeonSlabUnsafe || Main.tile[spawnInfo.SpawnTileX, spawnInfo.SpawnTileY].WallType == WallID.GreenDungeonUnsafe) && !Main.hardMode && !tsorcRevampWorld.SuperHardMode)) && (!(Main.hardMode && spawnInfo.Lihzahrd)) && (!(Main.hardMode && spawnInfo.Player.ZoneNormalCaverns && !spawnInfo.Water)) && (!(Main.hardMode && spawnInfo.Player.ZoneDesert && spawnInfo.Player.ZoneOverworldHeight && !spawnInfo.Water)) && (!(Main.hardMode && spawnInfo.Player.ZoneUndergroundDesert && !spawnInfo.Water)) && (!(Main.hardMode && spawnInfo.SpawnTileType == TileID.BlueDungeonBrick && !spawnInfo.Water)) && (!(Main.hardMode && spawnInfo.SpawnTileType == TileID.TungstenBrick && !spawnInfo.Water)) && (!(tsorcRevampWorld.SuperHardMode && !((spawnInfo.SpawnTileX < 800 || (spawnInfo.SpawnTileX > (Main.maxTilesX - 800))) || spawnInfo.Player.ZoneJungle || spawnInfo.Player.ZoneCorrupt || spawnInfo.Player.ZoneCrimson || spawnInfo.Player.ZoneUnderworldHeight))) && (tsorcRevampWorld.SuperHardMode && spawnInfo.Player.ZoneOverworldHeight && !((spawnInfo.SpawnTileX < 800 || (spawnInfo.SpawnTileX > (Main.maxTilesX - 800))) || spawnInfo.Player.ZoneJungle || spawnInfo.Player.ZoneCorrupt || spawnInfo.Player.ZoneCrimson || spawnInfo.Player.ZoneSkyHeight))",NPCs/Enemies/HollowWarriorOriginal.cs,837
NPC Spawn Rule,HollowWarriorOriginal,Old Hollow Warrior,Enemies,ModNPC,Natural spawn rules,1,—,1000,38,45,No,No,No,SpawnChance,0.15f,SuperHardmode,Machine Temple,Any / condition-defined depth,Day and night / unspecified,—,Excluded,"(!(spawnInfo.Invasion || Sky(spawnInfo.Player) || spawnInfo.Player.ZoneSnow)) && (!(spawnInfo.Player.townNPCs > 1f)) && (!(spawnInfo.Water || spawnInfo.Player.ZoneCorrupt || spawnInfo.Player.ZoneCrimson)) && (!(spawnInfo.Player.ZoneGlowshroom)) && (!(!Main.hardMode && spawnInfo.SpawnTileType == TileID.GreenDungeonBrick && !spawnInfo.Water)) && (!(!spawnInfo.Water && (Main.tile[spawnInfo.SpawnTileX, spawnInfo.SpawnTileY].WallType == WallID.GreenDungeonSlabUnsafe || Main.tile[spawnInfo.SpawnTileX, spawnInfo.SpawnTileY].WallType == WallID.GreenDungeonUnsafe) && !Main.hardMode && !tsorcRevampWorld.SuperHardMode)) && (!(Main.hardMode && spawnInfo.Lihzahrd)) && (!(Main.hardMode && spawnInfo.Player.ZoneNormalCaverns && !spawnInfo.Water)) && (!(Main.hardMode && spawnInfo.Player.ZoneDesert && spawnInfo.Player.ZoneOverworldHeight && !spawnInfo.Water)) && (!(Main.hardMode && spawnInfo.Player.ZoneUndergroundDesert && !spawnInfo.Water)) && (!(Main.hardMode && spawnInfo.SpawnTileType == TileID.BlueDungeonBrick && !spawnInfo.Water)) && (!(Main.hardMode && spawnInfo.SpawnTileType == TileID.TungstenBrick && !spawnInfo.Water)) && (!(tsorcRevampWorld.SuperHardMode && !((spawnInfo.SpawnTileX < 800 || (spawnInfo.SpawnTileX > (Main.maxTilesX - 800))) || spawnInfo.Player.ZoneJungle || spawnInfo.Player.ZoneCorrupt || spawnInfo.Player.ZoneCrimson || spawnInfo.Player.ZoneUnderworldHeight))) && (!(tsorcRevampWorld.SuperHardMode && spawnInfo.Player.ZoneOverworldHeight && !((spawnInfo.SpawnTileX < 800 || (spawnInfo.SpawnTileX > (Main.maxTilesX - 800))) || spawnInfo.Player.ZoneJungle || spawnInfo.Player.ZoneCorrupt || spawnInfo.Player.ZoneCrimson || spawnInfo.Player.ZoneSkyHeight))) && (tsorcRevampWorld.SuperHardMode && spawnInfo.Player.ZoneDesert && !(spawnInfo.SpawnTileX < 800 || (spawnInfo.SpawnTileX > (Main.maxTilesX - 800))))",NPCs/Enemies/HollowWarriorOriginal.cs,838
NPC Spawn Rule,HollowWarriorOriginal,Old Hollow Warrior,Enemies,ModNPC,Natural spawn rules,1,—,1000,38,45,No,No,No,SpawnChance,0.08f,SuperHardmode,Machine Temple,Any / condition-defined depth,Day and night / unspecified,—,Excluded,"(!(spawnInfo.Invasion || Sky(spawnInfo.Player) || spawnInfo.Player.ZoneSnow)) && (!(spawnInfo.Player.townNPCs > 1f)) && (!(spawnInfo.Water || spawnInfo.Player.ZoneCorrupt || spawnInfo.Player.ZoneCrimson)) && (!(spawnInfo.Player.ZoneGlowshroom)) && (!(!Main.hardMode && spawnInfo.SpawnTileType == TileID.GreenDungeonBrick && !spawnInfo.Water)) && (!(!spawnInfo.Water && (Main.tile[spawnInfo.SpawnTileX, spawnInfo.SpawnTileY].WallType == WallID.GreenDungeonSlabUnsafe || Main.tile[spawnInfo.SpawnTileX, spawnInfo.SpawnTileY].WallType == WallID.GreenDungeonUnsafe) && !Main.hardMode && !tsorcRevampWorld.SuperHardMode)) && (!(Main.hardMode && spawnInfo.Lihzahrd)) && (!(Main.hardMode && spawnInfo.Player.ZoneNormalCaverns && !spawnInfo.Water)) && (!(Main.hardMode && spawnInfo.Player.ZoneDesert && spawnInfo.Player.ZoneOverworldHeight && !spawnInfo.Water)) && (!(Main.hardMode && spawnInfo.Player.ZoneUndergroundDesert && !spawnInfo.Water)) && (!(Main.hardMode && spawnInfo.SpawnTileType == TileID.BlueDungeonBrick && !spawnInfo.Water)) && (!(Main.hardMode && spawnInfo.SpawnTileType == TileID.TungstenBrick && !spawnInfo.Water)) && (!(tsorcRevampWorld.SuperHardMode && !((spawnInfo.SpawnTileX < 800 || (spawnInfo.SpawnTileX > (Main.maxTilesX - 800))) || spawnInfo.Player.ZoneJungle || spawnInfo.Player.ZoneCorrupt || spawnInfo.Player.ZoneCrimson || spawnInfo.Player.ZoneUnderworldHeight))) && (!(tsorcRevampWorld.SuperHardMode && spawnInfo.Player.ZoneOverworldHeight && !((spawnInfo.SpawnTileX < 800 || (spawnInfo.SpawnTileX > (Main.maxTilesX - 800))) || spawnInfo.Player.ZoneJungle || spawnInfo.Player.ZoneCorrupt || spawnInfo.Player.ZoneCrimson || spawnInfo.Player.ZoneSkyHeight))) && (!(tsorcRevampWorld.SuperHardMode && spawnInfo.Player.ZoneDesert && !(spawnInfo.SpawnTileX < 800 || (spawnInfo.SpawnTileX > (Main.maxTilesX - 800))))) && (tsorcRevampWorld.SuperHardMode && spawnInfo.Player.ZoneDungeon && !spawnInfo.Player.ZoneUnderworldHeight)",NPCs/Enemies/HollowWarriorOriginal.cs,839
NPC Spawn Rule,HollowWarriorOriginal,Old Hollow Warrior,Enemies,ModNPC,Natural spawn rules,1,—,1000,38,45,No,No,No,SpawnChance,0.04f,Pre-Hardmode + Hardmode + SuperHardmode,Machine Temple,Surface,Day and night / unspecified,—,Excluded,"(!(spawnInfo.Invasion || Sky(spawnInfo.Player) || spawnInfo.Player.ZoneSnow)) && (!(spawnInfo.Player.townNPCs > 1f)) && (!(spawnInfo.Water || spawnInfo.Player.ZoneCorrupt || spawnInfo.Player.ZoneCrimson)) && (!(spawnInfo.Player.ZoneGlowshroom)) && (!(!Main.hardMode && spawnInfo.SpawnTileType == TileID.GreenDungeonBrick && !spawnInfo.Water)) && (!(!spawnInfo.Water && (Main.tile[spawnInfo.SpawnTileX, spawnInfo.SpawnTileY].WallType == WallID.GreenDungeonSlabUnsafe || Main.tile[spawnInfo.SpawnTileX, spawnInfo.SpawnTileY].WallType == WallID.GreenDungeonUnsafe) && !Main.hardMode && !tsorcRevampWorld.SuperHardMode)) && (!(Main.hardMode && spawnInfo.Lihzahrd)) && (!(Main.hardMode && spawnInfo.Player.ZoneNormalCaverns && !spawnInfo.Water)) && (!(Main.hardMode && spawnInfo.Player.ZoneDesert && spawnInfo.Player.ZoneOverworldHeight && !spawnInfo.Water)) && (!(Main.hardMode && spawnInfo.Player.ZoneUndergroundDesert && !spawnInfo.Water)) && (!(Main.hardMode && spawnInfo.SpawnTileType == TileID.BlueDungeonBrick && !spawnInfo.Water)) && (!(Main.hardMode && spawnInfo.SpawnTileType == TileID.TungstenBrick && !spawnInfo.Water)) && (!(tsorcRevampWorld.SuperHardMode && !((spawnInfo.SpawnTileX < 800 || (spawnInfo.SpawnTileX > (Main.maxTilesX - 800))) || spawnInfo.Player.ZoneJungle || spawnInfo.Player.ZoneCorrupt || spawnInfo.Player.ZoneCrimson || spawnInfo.Player.ZoneUnderworldHeight))) && (!(tsorcRevampWorld.SuperHardMode && spawnInfo.Player.ZoneOverworldHeight && !((spawnInfo.SpawnTileX < 800 || (spawnInfo.SpawnTileX > (Main.maxTilesX - 800))) || spawnInfo.Player.ZoneJungle || spawnInfo.Player.ZoneCorrupt || spawnInfo.Player.ZoneCrimson || spawnInfo.Player.ZoneSkyHeight))) && (!(tsorcRevampWorld.SuperHardMode && spawnInfo.Player.ZoneDesert && !(spawnInfo.SpawnTileX < 800 || (spawnInfo.SpawnTileX > (Main.maxTilesX - 800))))) && (!(tsorcRevampWorld.SuperHardMode && spawnInfo.Player.ZoneDungeon && !spawnInfo.Player.ZoneUnderworldHeight)) && (Main.expertMode && Main.bloodMoon && spawnInfo.Player.ZoneOverworldHeight && !((spawnInfo.SpawnTileX < 800 || (spawnInfo.SpawnTileX > (Main.maxTilesX - 800))) || spawnInfo.Player.ZoneCorrupt || spawnInfo.Player.ZoneCrimson || spawnInfo.Player.ZoneSkyHeight))",NPCs/Enemies/HollowWarriorOriginal.cs,842
NPC Spawn Rule,HollowWarriorOriginal,Old Hollow Warrior,Enemies,ModNPC,Natural spawn rules,1,—,1000,38,45,No,No,No,SpawnChance,0.02f,Pre-Hardmode + Hardmode + SuperHardmode,Machine Temple,Any / condition-defined depth,Day and night / unspecified,—,Excluded,"(!(spawnInfo.Invasion || Sky(spawnInfo.Player) || spawnInfo.Player.ZoneSnow)) && (!(spawnInfo.Player.townNPCs > 1f)) && (!(spawnInfo.Water || spawnInfo.Player.ZoneCorrupt || spawnInfo.Player.ZoneCrimson)) && (!(spawnInfo.Player.ZoneGlowshroom)) && (!(!Main.hardMode && spawnInfo.SpawnTileType == TileID.GreenDungeonBrick && !spawnInfo.Water)) && (!(!spawnInfo.Water && (Main.tile[spawnInfo.SpawnTileX, spawnInfo.SpawnTileY].WallType == WallID.GreenDungeonSlabUnsafe || Main.tile[spawnInfo.SpawnTileX, spawnInfo.SpawnTileY].WallType == WallID.GreenDungeonUnsafe) && !Main.hardMode && !tsorcRevampWorld.SuperHardMode)) && (!(Main.hardMode && spawnInfo.Lihzahrd)) && (!(Main.hardMode && spawnInfo.Player.ZoneNormalCaverns && !spawnInfo.Water)) && (!(Main.hardMode && spawnInfo.Player.ZoneDesert && spawnInfo.Player.ZoneOverworldHeight && !spawnInfo.Water)) && (!(Main.hardMode && spawnInfo.Player.ZoneUndergroundDesert && !spawnInfo.Water)) && (!(Main.hardMode && spawnInfo.SpawnTileType == TileID.BlueDungeonBrick && !spawnInfo.Water)) && (!(Main.hardMode && spawnInfo.SpawnTileType == TileID.TungstenBrick && !spawnInfo.Water)) && (!(tsorcRevampWorld.SuperHardMode && !((spawnInfo.SpawnTileX < 800 || (spawnInfo.SpawnTileX > (Main.maxTilesX - 800))) || spawnInfo.Player.ZoneJungle || spawnInfo.Player.ZoneCorrupt || spawnInfo.Player.ZoneCrimson || spawnInfo.Player.ZoneUnderworldHeight))) && (!(tsorcRevampWorld.SuperHardMode && spawnInfo.Player.ZoneOverworldHeight && !((spawnInfo.SpawnTileX < 800 || (spawnInfo.SpawnTileX > (Main.maxTilesX - 800))) || spawnInfo.Player.ZoneJungle || spawnInfo.Player.ZoneCorrupt || spawnInfo.Player.ZoneCrimson || spawnInfo.Player.ZoneSkyHeight))) && (!(tsorcRevampWorld.SuperHardMode && spawnInfo.Player.ZoneDesert && !(spawnInfo.SpawnTileX < 800 || (spawnInfo.SpawnTileX > (Main.maxTilesX - 800))))) && (!(tsorcRevampWorld.SuperHardMode && spawnInfo.Player.ZoneDungeon && !spawnInfo.Player.ZoneUnderworldHeight)) && (!(Main.expertMode && Main.bloodMoon && spawnInfo.Player.ZoneOverworldHeight && !((spawnInfo.SpawnTileX < 800 || (spawnInfo.SpawnTileX > (Main.maxTilesX - 800))) || spawnInfo.Player.ZoneCorrupt || spawnInfo.Player.ZoneCrimson || spawnInfo.Player.ZoneSkyHeight))) && (Main.expertMode && Main.bloodMoon && !((spawnInfo.SpawnTileX < 800 || (spawnInfo.SpawnTileX > (Main.maxTilesX - 800))) || spawnInfo.Player.ZoneJungle || spawnInfo.Player.ZoneHallow || spawnInfo.Player.ZoneCorrupt || spawnInfo.Player.ZoneCrimson || spawnInfo.Player.ZoneSnow || spawnInfo.Player.ZoneSkyHeight || spawnInfo.Player.ZoneUnderworldHeight))",NPCs/Enemies/HollowWarriorOriginal.cs,844
NPC Spawn Rule,HollowWarriorOriginal,Old Hollow Warrior,Enemies,ModNPC,Natural spawn rules,1,—,1000,38,45,No,No,No,SpawnChance,0.025f,Pre-Hardmode + Hardmode + SuperHardmode,Machine Temple,Surface,Day,—,Excluded,"(!(spawnInfo.Invasion || Sky(spawnInfo.Player) || spawnInfo.Player.ZoneSnow)) && (!(spawnInfo.Player.townNPCs > 1f)) && (!(spawnInfo.Water || spawnInfo.Player.ZoneCorrupt || spawnInfo.Player.ZoneCrimson)) && (!(spawnInfo.Player.ZoneGlowshroom)) && (!(!Main.hardMode && spawnInfo.SpawnTileType == TileID.GreenDungeonBrick && !spawnInfo.Water)) && (!(!spawnInfo.Water && (Main.tile[spawnInfo.SpawnTileX, spawnInfo.SpawnTileY].WallType == WallID.GreenDungeonSlabUnsafe || Main.tile[spawnInfo.SpawnTileX, spawnInfo.SpawnTileY].WallType == WallID.GreenDungeonUnsafe) && !Main.hardMode && !tsorcRevampWorld.SuperHardMode)) && (!(Main.hardMode && spawnInfo.Lihzahrd)) && (!(Main.hardMode && spawnInfo.Player.ZoneNormalCaverns && !spawnInfo.Water)) && (!(Main.hardMode && spawnInfo.Player.ZoneDesert && spawnInfo.Player.ZoneOverworldHeight && !spawnInfo.Water)) && (!(Main.hardMode && spawnInfo.Player.ZoneUndergroundDesert && !spawnInfo.Water)) && (!(Main.hardMode && spawnInfo.SpawnTileType == TileID.BlueDungeonBrick && !spawnInfo.Water)) && (!(Main.hardMode && spawnInfo.SpawnTileType == TileID.TungstenBrick && !spawnInfo.Water)) && (!(tsorcRevampWorld.SuperHardMode && !((spawnInfo.SpawnTileX < 800 || (spawnInfo.SpawnTileX > (Main.maxTilesX - 800))) || spawnInfo.Player.ZoneJungle || spawnInfo.Player.ZoneCorrupt || spawnInfo.Player.ZoneCrimson || spawnInfo.Player.ZoneUnderworldHeight))) && (!(tsorcRevampWorld.SuperHardMode && spawnInfo.Player.ZoneOverworldHeight && !((spawnInfo.SpawnTileX < 800 || (spawnInfo.SpawnTileX > (Main.maxTilesX - 800))) || spawnInfo.Player.ZoneJungle || spawnInfo.Player.ZoneCorrupt || spawnInfo.Player.ZoneCrimson || spawnInfo.Player.ZoneSkyHeight))) && (!(tsorcRevampWorld.SuperHardMode && spawnInfo.Player.ZoneDesert && !(spawnInfo.SpawnTileX < 800 || (spawnInfo.SpawnTileX > (Main.maxTilesX - 800))))) && (!(tsorcRevampWorld.SuperHardMode && spawnInfo.Player.ZoneDungeon && !spawnInfo.Player.ZoneUnderworldHeight)) && (!(Main.expertMode && Main.bloodMoon && spawnInfo.Player.ZoneOverworldHeight && !((spawnInfo.SpawnTileX < 800 || (spawnInfo.SpawnTileX > (Main.maxTilesX - 800))) || spawnInfo.Player.ZoneCorrupt || spawnInfo.Player.ZoneCrimson || spawnInfo.Player.ZoneSkyHeight))) && (!(Main.expertMode && Main.bloodMoon && !((spawnInfo.SpawnTileX < 800 || (spawnInfo.SpawnTileX > (Main.maxTilesX - 800))) || spawnInfo.Player.ZoneJungle || spawnInfo.Player.ZoneHallow || spawnInfo.Player.ZoneCorrupt || spawnInfo.Player.ZoneCrimson || spawnInfo.Player.ZoneSnow || spawnInfo.Player.ZoneSkyHeight || spawnInfo.Player.ZoneUnderworldHeight))) && (((!Main.expertMode && (NPC.downedBoss1 || NPC.downedBoss2)) || Main.expertMode) && spawnInfo.Player.ZoneOverworldHeight && Main.dayTime && !((spawnInfo.SpawnTileX < 800 || (spawnInfo.SpawnTileX > (Main.maxTilesX - 800))) || spawnInfo.Player.ZoneJungle || spawnInfo.Player.ZoneHallow || spawnInfo.Player.ZoneCorrupt || spawnInfo.Player.ZoneCrimson || spawnInfo.Player.ZoneSnow || spawnInfo.Player.ZoneBeach || spawnInfo.Player.ZoneSkyHeight))",NPCs/Enemies/HollowWarriorOriginal.cs,847
NPC Spawn Rule,HollowWarriorOriginal,Old Hollow Warrior,Enemies,ModNPC,Natural spawn rules,1,—,1000,38,45,No,No,No,SpawnChance,0.05f,Pre-Hardmode + Hardmode + SuperHardmode,Machine Temple,Surface,Night,—,Excluded,"(!(spawnInfo.Invasion || Sky(spawnInfo.Player) || spawnInfo.Player.ZoneSnow)) && (!(spawnInfo.Player.townNPCs > 1f)) && (!(spawnInfo.Water || spawnInfo.Player.ZoneCorrupt || spawnInfo.Player.ZoneCrimson)) && (!(spawnInfo.Player.ZoneGlowshroom)) && (!(!Main.hardMode && spawnInfo.SpawnTileType == TileID.GreenDungeonBrick && !spawnInfo.Water)) && (!(!spawnInfo.Water && (Main.tile[spawnInfo.SpawnTileX, spawnInfo.SpawnTileY].WallType == WallID.GreenDungeonSlabUnsafe || Main.tile[spawnInfo.SpawnTileX, spawnInfo.SpawnTileY].WallType == WallID.GreenDungeonUnsafe) && !Main.hardMode && !tsorcRevampWorld.SuperHardMode)) && (!(Main.hardMode && spawnInfo.Lihzahrd)) && (!(Main.hardMode && spawnInfo.Player.ZoneNormalCaverns && !spawnInfo.Water)) && (!(Main.hardMode && spawnInfo.Player.ZoneDesert && spawnInfo.Player.ZoneOverworldHeight && !spawnInfo.Water)) && (!(Main.hardMode && spawnInfo.Player.ZoneUndergroundDesert && !spawnInfo.Water)) && (!(Main.hardMode && spawnInfo.SpawnTileType == TileID.BlueDungeonBrick && !spawnInfo.Water)) && (!(Main.hardMode && spawnInfo.SpawnTileType == TileID.TungstenBrick && !spawnInfo.Water)) && (!(tsorcRevampWorld.SuperHardMode && !((spawnInfo.SpawnTileX < 800 || (spawnInfo.SpawnTileX > (Main.maxTilesX - 800))) || spawnInfo.Player.ZoneJungle || spawnInfo.Player.ZoneCorrupt || spawnInfo.Player.ZoneCrimson || spawnInfo.Player.ZoneUnderworldHeight))) && (!(tsorcRevampWorld.SuperHardMode && spawnInfo.Player.ZoneOverworldHeight && !((spawnInfo.SpawnTileX < 800 || (spawnInfo.SpawnTileX > (Main.maxTilesX - 800))) || spawnInfo.Player.ZoneJungle || spawnInfo.Player.ZoneCorrupt || spawnInfo.Player.ZoneCrimson || spawnInfo.Player.ZoneSkyHeight))) && (!(tsorcRevampWorld.SuperHardMode && spawnInfo.Player.ZoneDesert && !(spawnInfo.SpawnTileX < 800 || (spawnInfo.SpawnTileX > (Main.maxTilesX - 800))))) && (!(tsorcRevampWorld.SuperHardMode && spawnInfo.Player.ZoneDungeon && !spawnInfo.Player.ZoneUnderworldHeight)) && (!(Main.expertMode && Main.bloodMoon && spawnInfo.Player.ZoneOverworldHeight && !((spawnInfo.SpawnTileX < 800 || (spawnInfo.SpawnTileX > (Main.maxTilesX - 800))) || spawnInfo.Player.ZoneCorrupt || spawnInfo.Player.ZoneCrimson || spawnInfo.Player.ZoneSkyHeight))) && (!(Main.expertMode && Main.bloodMoon && !((spawnInfo.SpawnTileX < 800 || (spawnInfo.SpawnTileX > (Main.maxTilesX - 800))) || spawnInfo.Player.ZoneJungle || spawnInfo.Player.ZoneHallow || spawnInfo.Player.ZoneCorrupt || spawnInfo.Player.ZoneCrimson || spawnInfo.Player.ZoneSnow || spawnInfo.Player.ZoneSkyHeight || spawnInfo.Player.ZoneUnderworldHeight))) && (!(((!Main.expertMode && (NPC.downedBoss1 || NPC.downedBoss2)) || Main.expertMode) && spawnInfo.Player.ZoneOverworldHeight && Main.dayTime && !((spawnInfo.SpawnTileX < 800 || (spawnInfo.SpawnTileX > (Main.maxTilesX - 800))) || spawnInfo.Player.ZoneJungle || spawnInfo.Player.ZoneHallow || spawnInfo.Player.ZoneCorrupt || spawnInfo.Player.ZoneCrimson || spawnInfo.Player.ZoneSnow || spawnInfo.Player.ZoneBeach || spawnInfo.Player.ZoneSkyHeight))) && (((!Main.expertMode && (NPC.downedBoss1 || NPC.downedBoss2)) || Main.expertMode) && spawnInfo.Player.ZoneOverworldHeight && !Main.dayTime && !(spawnInfo.Player.ZoneCorrupt || spawnInfo.Player.ZoneCrimson))",NPCs/Enemies/HollowWarriorOriginal.cs,848
NPC Spawn Rule,HollowWarriorOriginal,Old Hollow Warrior,Enemies,ModNPC,Natural spawn rules,1,—,1000,38,45,No,No,No,SpawnChance,0.035f,Pre-Hardmode + Hardmode + SuperHardmode,Machine Temple,Underground or Caverns,Day,—,Excluded,"(!(spawnInfo.Invasion || Sky(spawnInfo.Player) || spawnInfo.Player.ZoneSnow)) && (!(spawnInfo.Player.townNPCs > 1f)) && (!(spawnInfo.Water || spawnInfo.Player.ZoneCorrupt || spawnInfo.Player.ZoneCrimson)) && (!(spawnInfo.Player.ZoneGlowshroom)) && (!(!Main.hardMode && spawnInfo.SpawnTileType == TileID.GreenDungeonBrick && !spawnInfo.Water)) && (!(!spawnInfo.Water && (Main.tile[spawnInfo.SpawnTileX, spawnInfo.SpawnTileY].WallType == WallID.GreenDungeonSlabUnsafe || Main.tile[spawnInfo.SpawnTileX, spawnInfo.SpawnTileY].WallType == WallID.GreenDungeonUnsafe) && !Main.hardMode && !tsorcRevampWorld.SuperHardMode)) && (!(Main.hardMode && spawnInfo.Lihzahrd)) && (!(Main.hardMode && spawnInfo.Player.ZoneNormalCaverns && !spawnInfo.Water)) && (!(Main.hardMode && spawnInfo.Player.ZoneDesert && spawnInfo.Player.ZoneOverworldHeight && !spawnInfo.Water)) && (!(Main.hardMode && spawnInfo.Player.ZoneUndergroundDesert && !spawnInfo.Water)) && (!(Main.hardMode && spawnInfo.SpawnTileType == TileID.BlueDungeonBrick && !spawnInfo.Water)) && (!(Main.hardMode && spawnInfo.SpawnTileType == TileID.TungstenBrick && !spawnInfo.Water)) && (!(tsorcRevampWorld.SuperHardMode && !((spawnInfo.SpawnTileX < 800 || (spawnInfo.SpawnTileX > (Main.maxTilesX - 800))) || spawnInfo.Player.ZoneJungle || spawnInfo.Player.ZoneCorrupt || spawnInfo.Player.ZoneCrimson || spawnInfo.Player.ZoneUnderworldHeight))) && (!(tsorcRevampWorld.SuperHardMode && spawnInfo.Player.ZoneOverworldHeight && !((spawnInfo.SpawnTileX < 800 || (spawnInfo.SpawnTileX > (Main.maxTilesX - 800))) || spawnInfo.Player.ZoneJungle || spawnInfo.Player.ZoneCorrupt || spawnInfo.Player.ZoneCrimson || spawnInfo.Player.ZoneSkyHeight))) && (!(tsorcRevampWorld.SuperHardMode && spawnInfo.Player.ZoneDesert && !(spawnInfo.SpawnTileX < 800 || (spawnInfo.SpawnTileX > (Main.maxTilesX - 800))))) && (!(tsorcRevampWorld.SuperHardMode && spawnInfo.Player.ZoneDungeon && !spawnInfo.Player.ZoneUnderworldHeight)) && (!(Main.expertMode && Main.bloodMoon && spawnInfo.Player.ZoneOverworldHeight && !((spawnInfo.SpawnTileX < 800 || (spawnInfo.SpawnTileX > (Main.maxTilesX - 800))) || spawnInfo.Player.ZoneCorrupt || spawnInfo.Player.ZoneCrimson || spawnInfo.Player.ZoneSkyHeight))) && (!(Main.expertMode && Main.bloodMoon && !((spawnInfo.SpawnTileX < 800 || (spawnInfo.SpawnTileX > (Main.maxTilesX - 800))) || spawnInfo.Player.ZoneJungle || spawnInfo.Player.ZoneHallow || spawnInfo.Player.ZoneCorrupt || spawnInfo.Player.ZoneCrimson || spawnInfo.Player.ZoneSnow || spawnInfo.Player.ZoneSkyHeight || spawnInfo.Player.ZoneUnderworldHeight))) && (!(((!Main.expertMode && (NPC.downedBoss1 || NPC.downedBoss2)) || Main.expertMode) && spawnInfo.Player.ZoneOverworldHeight && Main.dayTime && !((spawnInfo.SpawnTileX < 800 || (spawnInfo.SpawnTileX > (Main.maxTilesX - 800))) || spawnInfo.Player.ZoneJungle || spawnInfo.Player.ZoneHallow || spawnInfo.Player.ZoneCorrupt || spawnInfo.Player.ZoneCrimson || spawnInfo.Player.ZoneSnow || spawnInfo.Player.ZoneBeach || spawnInfo.Player.ZoneSkyHeight))) && (!(((!Main.expertMode && (NPC.downedBoss1 || NPC.downedBoss2)) || Main.expertMode) && spawnInfo.Player.ZoneOverworldHeight && !Main.dayTime && !(spawnInfo.Player.ZoneCorrupt || spawnInfo.Player.ZoneCrimson))) && (((!Main.expertMode && (NPC.downedBoss1 || NPC.downedBoss2)) || Main.expertMode) && (spawnInfo.Player.ZoneDirtLayerHeight || spawnInfo.Player.ZoneRockLayerHeight) && Main.dayTime && !((spawnInfo.SpawnTileX < 800 || (spawnInfo.SpawnTileX > (Main.maxTilesX - 800))) || spawnInfo.Player.ZoneJungle || spawnInfo.Player.ZoneHallow || spawnInfo.Player.ZoneCorrupt || spawnInfo.Player.ZoneCrimson || spawnInfo.Player.ZoneSnow))",NPCs/Enemies/HollowWarriorOriginal.cs,850
NPC Spawn Rule,HollowWarriorOriginal,Old Hollow Warrior,Enemies,ModNPC,Natural spawn rules,1,—,1000,38,45,No,No,No,SpawnChance,0.05f,Pre-Hardmode + Hardmode + SuperHardmode,Machine Temple,Underground or Caverns,Night,—,Excluded,"(!(spawnInfo.Invasion || Sky(spawnInfo.Player) || spawnInfo.Player.ZoneSnow)) && (!(spawnInfo.Player.townNPCs > 1f)) && (!(spawnInfo.Water || spawnInfo.Player.ZoneCorrupt || spawnInfo.Player.ZoneCrimson)) && (!(spawnInfo.Player.ZoneGlowshroom)) && (!(!Main.hardMode && spawnInfo.SpawnTileType == TileID.GreenDungeonBrick && !spawnInfo.Water)) && (!(!spawnInfo.Water && (Main.tile[spawnInfo.SpawnTileX, spawnInfo.SpawnTileY].WallType == WallID.GreenDungeonSlabUnsafe || Main.tile[spawnInfo.SpawnTileX, spawnInfo.SpawnTileY].WallType == WallID.GreenDungeonUnsafe) && !Main.hardMode && !tsorcRevampWorld.SuperHardMode)) && (!(Main.hardMode && spawnInfo.Lihzahrd)) && (!(Main.hardMode && spawnInfo.Player.ZoneNormalCaverns && !spawnInfo.Water)) && (!(Main.hardMode && spawnInfo.Player.ZoneDesert && spawnInfo.Player.ZoneOverworldHeight && !spawnInfo.Water)) && (!(Main.hardMode && spawnInfo.Player.ZoneUndergroundDesert && !spawnInfo.Water)) && (!(Main.hardMode && spawnInfo.SpawnTileType == TileID.BlueDungeonBrick && !spawnInfo.Water)) && (!(Main.hardMode && spawnInfo.SpawnTileType == TileID.TungstenBrick && !spawnInfo.Water)) && (!(tsorcRevampWorld.SuperHardMode && !((spawnInfo.SpawnTileX < 800 || (spawnInfo.SpawnTileX > (Main.maxTilesX - 800))) || spawnInfo.Player.ZoneJungle || spawnInfo.Player.ZoneCorrupt || spawnInfo.Player.ZoneCrimson || spawnInfo.Player.ZoneUnderworldHeight))) && (!(tsorcRevampWorld.SuperHardMode && spawnInfo.Player.ZoneOverworldHeight && !((spawnInfo.SpawnTileX < 800 || (spawnInfo.SpawnTileX > (Main.maxTilesX - 800))) || spawnInfo.Player.ZoneJungle || spawnInfo.Player.ZoneCorrupt || spawnInfo.Player.ZoneCrimson || spawnInfo.Player.ZoneSkyHeight))) && (!(tsorcRevampWorld.SuperHardMode && spawnInfo.Player.ZoneDesert && !(spawnInfo.SpawnTileX < 800 || (spawnInfo.SpawnTileX > (Main.maxTilesX - 800))))) && (!(tsorcRevampWorld.SuperHardMode && spawnInfo.Player.ZoneDungeon && !spawnInfo.Player.ZoneUnderworldHeight)) && (!(Main.expertMode && Main.bloodMoon && spawnInfo.Player.ZoneOverworldHeight && !((spawnInfo.SpawnTileX < 800 || (spawnInfo.SpawnTileX > (Main.maxTilesX - 800))) || spawnInfo.Player.ZoneCorrupt || spawnInfo.Player.ZoneCrimson || spawnInfo.Player.ZoneSkyHeight))) && (!(Main.expertMode && Main.bloodMoon && !((spawnInfo.SpawnTileX < 800 || (spawnInfo.SpawnTileX > (Main.maxTilesX - 800))) || spawnInfo.Player.ZoneJungle || spawnInfo.Player.ZoneHallow || spawnInfo.Player.ZoneCorrupt || spawnInfo.Player.ZoneCrimson || spawnInfo.Player.ZoneSnow || spawnInfo.Player.ZoneSkyHeight || spawnInfo.Player.ZoneUnderworldHeight))) && (!(((!Main.expertMode && (NPC.downedBoss1 || NPC.downedBoss2)) || Main.expertMode) && spawnInfo.Player.ZoneOverworldHeight && Main.dayTime && !((spawnInfo.SpawnTileX < 800 || (spawnInfo.SpawnTileX > (Main.maxTilesX - 800))) || spawnInfo.Player.ZoneJungle || spawnInfo.Player.ZoneHallow || spawnInfo.Player.ZoneCorrupt || spawnInfo.Player.ZoneCrimson || spawnInfo.Player.ZoneSnow || spawnInfo.Player.ZoneBeach || spawnInfo.Player.ZoneSkyHeight))) && (!(((!Main.expertMode && (NPC.downedBoss1 || NPC.downedBoss2)) || Main.expertMode) && spawnInfo.Player.ZoneOverworldHeight && !Main.dayTime && !(spawnInfo.Player.ZoneCorrupt || spawnInfo.Player.ZoneCrimson))) && (!(((!Main.expertMode && (NPC.downedBoss1 || NPC.downedBoss2)) || Main.expertMode) && (spawnInfo.Player.ZoneDirtLayerHeight || spawnInfo.Player.ZoneRockLayerHeight) && Main.dayTime && !((spawnInfo.SpawnTileX < 800 || (spawnInfo.SpawnTileX > (Main.maxTilesX - 800))) || spawnInfo.Player.ZoneJungle || spawnInfo.Player.ZoneHallow || spawnInfo.Player.ZoneCorrupt || spawnInfo.Player.ZoneCrimson || spawnInfo.Player.ZoneSnow))) && (((!Main.expertMode && (NPC.downedBoss1 || NPC.downedBoss2)) || Main.expertMode) && (spawnInfo.Player.ZoneDirtLayerHeight || spawnInfo.Player.ZoneRockLayerHeight) && !Main.dayTime && !((spawnInfo.SpawnTileX < 800 || (spawnInfo.SpawnTileX > (Main.maxTilesX - 800))) || spawnInfo.Player.ZoneJungle || spawnInfo.Player.ZoneHallow || spawnInfo.Player.ZoneCorrupt || spawnInfo.Player.ZoneCrimson || spawnInfo.Player.ZoneSnow))",NPCs/Enemies/HollowWarriorOriginal.cs,851
NPC Spawn Rule,HollowWarriorOriginal,Old Hollow Warrior,Enemies,ModNPC,Natural spawn rules,1,—,1000,38,45,No,No,No,SpawnChance,0.02f,Pre-Hardmode + Hardmode + SuperHardmode,Machine Temple,Any / condition-defined depth,Day and night / unspecified,—,Excluded,"(!(spawnInfo.Invasion || Sky(spawnInfo.Player) || spawnInfo.Player.ZoneSnow)) && (!(spawnInfo.Player.townNPCs > 1f)) && (!(spawnInfo.Water || spawnInfo.Player.ZoneCorrupt || spawnInfo.Player.ZoneCrimson)) && (!(spawnInfo.Player.ZoneGlowshroom)) && (!(!Main.hardMode && spawnInfo.SpawnTileType == TileID.GreenDungeonBrick && !spawnInfo.Water)) && (!(!spawnInfo.Water && (Main.tile[spawnInfo.SpawnTileX, spawnInfo.SpawnTileY].WallType == WallID.GreenDungeonSlabUnsafe || Main.tile[spawnInfo.SpawnTileX, spawnInfo.SpawnTileY].WallType == WallID.GreenDungeonUnsafe) && !Main.hardMode && !tsorcRevampWorld.SuperHardMode)) && (!(Main.hardMode && spawnInfo.Lihzahrd)) && (!(Main.hardMode && spawnInfo.Player.ZoneNormalCaverns && !spawnInfo.Water)) && (!(Main.hardMode && spawnInfo.Player.ZoneDesert && spawnInfo.Player.ZoneOverworldHeight && !spawnInfo.Water)) && (!(Main.hardMode && spawnInfo.Player.ZoneUndergroundDesert && !spawnInfo.Water)) && (!(Main.hardMode && spawnInfo.SpawnTileType == TileID.BlueDungeonBrick && !spawnInfo.Water)) && (!(Main.hardMode && spawnInfo.SpawnTileType == TileID.TungstenBrick && !spawnInfo.Water)) && (!(tsorcRevampWorld.SuperHardMode && !((spawnInfo.SpawnTileX < 800 || (spawnInfo.SpawnTileX > (Main.maxTilesX - 800))) || spawnInfo.Player.ZoneJungle || spawnInfo.Player.ZoneCorrupt || spawnInfo.Player.ZoneCrimson || spawnInfo.Player.ZoneUnderworldHeight))) && (!(tsorcRevampWorld.SuperHardMode && spawnInfo.Player.ZoneOverworldHeight && !((spawnInfo.SpawnTileX < 800 || (spawnInfo.SpawnTileX > (Main.maxTilesX - 800))) || spawnInfo.Player.ZoneJungle || spawnInfo.Player.ZoneCorrupt || spawnInfo.Player.ZoneCrimson || spawnInfo.Player.ZoneSkyHeight))) && (!(tsorcRevampWorld.SuperHardMode && spawnInfo.Player.ZoneDesert && !(spawnInfo.SpawnTileX < 800 || (spawnInfo.SpawnTileX > (Main.maxTilesX - 800))))) && (!(tsorcRevampWorld.SuperHardMode && spawnInfo.Player.ZoneDungeon && !spawnInfo.Player.ZoneUnderworldHeight)) && (!(Main.expertMode && Main.bloodMoon && spawnInfo.Player.ZoneOverworldHeight && !((spawnInfo.SpawnTileX < 800 || (spawnInfo.SpawnTileX > (Main.maxTilesX - 800))) || spawnInfo.Player.ZoneCorrupt || spawnInfo.Player.ZoneCrimson || spawnInfo.Player.ZoneSkyHeight))) && (!(Main.expertMode && Main.bloodMoon && !((spawnInfo.SpawnTileX < 800 || (spawnInfo.SpawnTileX > (Main.maxTilesX - 800))) || spawnInfo.Player.ZoneJungle || spawnInfo.Player.ZoneHallow || spawnInfo.Player.ZoneCorrupt || spawnInfo.Player.ZoneCrimson || spawnInfo.Player.ZoneSnow || spawnInfo.Player.ZoneSkyHeight || spawnInfo.Player.ZoneUnderworldHeight))) && (!(((!Main.expertMode && (NPC.downedBoss1 || NPC.downedBoss2)) || Main.expertMode) && spawnInfo.Player.ZoneOverworldHeight && Main.dayTime && !((spawnInfo.SpawnTileX < 800 || (spawnInfo.SpawnTileX > (Main.maxTilesX - 800))) || spawnInfo.Player.ZoneJungle || spawnInfo.Player.ZoneHallow || spawnInfo.Player.ZoneCorrupt || spawnInfo.Player.ZoneCrimson || spawnInfo.Player.ZoneSnow || spawnInfo.Player.ZoneBeach || spawnInfo.Player.ZoneSkyHeight))) && (!(((!Main.expertMode && (NPC.downedBoss1 || NPC.downedBoss2)) || Main.expertMode) && spawnInfo.Player.ZoneOverworldHeight && !Main.dayTime && !(spawnInfo.Player.ZoneCorrupt || spawnInfo.Player.ZoneCrimson))) && (!(((!Main.expertMode && (NPC.downedBoss1 || NPC.downedBoss2)) || Main.expertMode) && (spawnInfo.Player.ZoneDirtLayerHeight || spawnInfo.Player.ZoneRockLayerHeight) && Main.dayTime && !((spawnInfo.SpawnTileX < 800 || (spawnInfo.SpawnTileX > (Main.maxTilesX - 800))) || spawnInfo.Player.ZoneJungle || spawnInfo.Player.ZoneHallow || spawnInfo.Player.ZoneCorrupt || spawnInfo.Player.ZoneCrimson || spawnInfo.Player.ZoneSnow))) && (!(((!Main.expertMode && (NPC.downedBoss1 || NPC.downedBoss2)) || Main.expertMode) && (spawnInfo.Player.ZoneDirtLayerHeight || spawnInfo.Player.ZoneRockLayerHeight) && !Main.dayTime && !((spawnInfo.SpawnTileX < 800 || (spawnInfo.SpawnTileX > (Main.maxTilesX - 800))) || spawnInfo.Player.ZoneJungle || spawnInfo.Player.ZoneHallow || spawnInfo.Player.ZoneCorrupt || spawnInfo.Player.ZoneCrimson || spawnInfo.Player.ZoneSnow))) && ((!Main.expertMode && !(spawnInfo.Player.ZoneUnderworldHeight || spawnInfo.Player.ZoneJungle || spawnInfo.Player.ZoneCorrupt || spawnInfo.Player.ZoneCrimson) && (NPC.downedBoss1 || NPC.downedBoss2)) || Main.expertMode)",NPCs/Enemies/HollowWarriorOriginal.cs,854
NPC Spawn Rule,HollowWarriorOriginal,Old Hollow Warrior,Enemies,ModNPC,Natural spawn rules,1,—,1000,38,45,No,No,No,SpawnChance,0,Pre-Hardmode + Hardmode + SuperHardmode,Machine Temple,Any / condition-defined depth,Day and night / unspecified,—,Excluded,"(!(spawnInfo.Invasion || Sky(spawnInfo.Player) || spawnInfo.Player.ZoneSnow)) && (!(spawnInfo.Player.townNPCs > 1f)) && (!(spawnInfo.Water || spawnInfo.Player.ZoneCorrupt || spawnInfo.Player.ZoneCrimson)) && (!(spawnInfo.Player.ZoneGlowshroom)) && (!(!Main.hardMode && spawnInfo.SpawnTileType == TileID.GreenDungeonBrick && !spawnInfo.Water)) && (!(!spawnInfo.Water && (Main.tile[spawnInfo.SpawnTileX, spawnInfo.SpawnTileY].WallType == WallID.GreenDungeonSlabUnsafe || Main.tile[spawnInfo.SpawnTileX, spawnInfo.SpawnTileY].WallType == WallID.GreenDungeonUnsafe) && !Main.hardMode && !tsorcRevampWorld.SuperHardMode)) && (!(Main.hardMode && spawnInfo.Lihzahrd)) && (!(Main.hardMode && spawnInfo.Player.ZoneNormalCaverns && !spawnInfo.Water)) && (!(Main.hardMode && spawnInfo.Player.ZoneDesert && spawnInfo.Player.ZoneOverworldHeight && !spawnInfo.Water)) && (!(Main.hardMode && spawnInfo.Player.ZoneUndergroundDesert && !spawnInfo.Water)) && (!(Main.hardMode && spawnInfo.SpawnTileType == TileID.BlueDungeonBrick && !spawnInfo.Water)) && (!(Main.hardMode && spawnInfo.SpawnTileType == TileID.TungstenBrick && !spawnInfo.Water)) && (!(tsorcRevampWorld.SuperHardMode && !((spawnInfo.SpawnTileX < 800 || (spawnInfo.SpawnTileX > (Main.maxTilesX - 800))) || spawnInfo.Player.ZoneJungle || spawnInfo.Player.ZoneCorrupt || spawnInfo.Player.ZoneCrimson || spawnInfo.Player.ZoneUnderworldHeight))) && (!(tsorcRevampWorld.SuperHardMode && spawnInfo.Player.ZoneOverworldHeight && !((spawnInfo.SpawnTileX < 800 || (spawnInfo.SpawnTileX > (Main.maxTilesX - 800))) || spawnInfo.Player.ZoneJungle || spawnInfo.Player.ZoneCorrupt || spawnInfo.Player.ZoneCrimson || spawnInfo.Player.ZoneSkyHeight))) && (!(tsorcRevampWorld.SuperHardMode && spawnInfo.Player.ZoneDesert && !(spawnInfo.SpawnTileX < 800 || (spawnInfo.SpawnTileX > (Main.maxTilesX - 800))))) && (!(tsorcRevampWorld.SuperHardMode && spawnInfo.Player.ZoneDungeon && !spawnInfo.Player.ZoneUnderworldHeight)) && (!(Main.expertMode && Main.bloodMoon && spawnInfo.Player.ZoneOverworldHeight && !((spawnInfo.SpawnTileX < 800 || (spawnInfo.SpawnTileX > (Main.maxTilesX - 800))) || spawnInfo.Player.ZoneCorrupt || spawnInfo.Player.ZoneCrimson || spawnInfo.Player.ZoneSkyHeight))) && (!(Main.expertMode && Main.bloodMoon && !((spawnInfo.SpawnTileX < 800 || (spawnInfo.SpawnTileX > (Main.maxTilesX - 800))) || spawnInfo.Player.ZoneJungle || spawnInfo.Player.ZoneHallow || spawnInfo.Player.ZoneCorrupt || spawnInfo.Player.ZoneCrimson || spawnInfo.Player.ZoneSnow || spawnInfo.Player.ZoneSkyHeight || spawnInfo.Player.ZoneUnderworldHeight))) && (!(((!Main.expertMode && (NPC.downedBoss1 || NPC.downedBoss2)) || Main.expertMode) && spawnInfo.Player.ZoneOverworldHeight && Main.dayTime && !((spawnInfo.SpawnTileX < 800 || (spawnInfo.SpawnTileX > (Main.maxTilesX - 800))) || spawnInfo.Player.ZoneJungle || spawnInfo.Player.ZoneHallow || spawnInfo.Player.ZoneCorrupt || spawnInfo.Player.ZoneCrimson || spawnInfo.Player.ZoneSnow || spawnInfo.Player.ZoneBeach || spawnInfo.Player.ZoneSkyHeight))) && (!(((!Main.expertMode && (NPC.downedBoss1 || NPC.downedBoss2)) || Main.expertMode) && spawnInfo.Player.ZoneOverworldHeight && !Main.dayTime && !(spawnInfo.Player.ZoneCorrupt || spawnInfo.Player.ZoneCrimson))) && (!(((!Main.expertMode && (NPC.downedBoss1 || NPC.downedBoss2)) || Main.expertMode) && (spawnInfo.Player.ZoneDirtLayerHeight || spawnInfo.Player.ZoneRockLayerHeight) && Main.dayTime && !((spawnInfo.SpawnTileX < 800 || (spawnInfo.SpawnTileX > (Main.maxTilesX - 800))) || spawnInfo.Player.ZoneJungle || spawnInfo.Player.ZoneHallow || spawnInfo.Player.ZoneCorrupt || spawnInfo.Player.ZoneCrimson || spawnInfo.Player.ZoneSnow))) && (!(((!Main.expertMode && (NPC.downedBoss1 || NPC.downedBoss2)) || Main.expertMode) && (spawnInfo.Player.ZoneDirtLayerHeight || spawnInfo.Player.ZoneRockLayerHeight) && !Main.dayTime && !((spawnInfo.SpawnTileX < 800 || (spawnInfo.SpawnTileX > (Main.maxTilesX - 800))) || spawnInfo.Player.ZoneJungle || spawnInfo.Player.ZoneHallow || spawnInfo.Player.ZoneCorrupt || spawnInfo.Player.ZoneCrimson || spawnInfo.Player.ZoneSnow))) && (!((!Main.expertMode && !(spawnInfo.Player.ZoneUnderworldHeight || spawnInfo.Player.ZoneJungle || spawnInfo.Player.ZoneCorrupt || spawnInfo.Player.ZoneCrimson) && (NPC.downedBoss1 || NPC.downedBoss2)) || Main.expertMode))",NPCs/Enemies/HollowWarriorOriginal.cs,856
NPC Spawn Rule,HumanityPhantom,Humanity Phantom,Enemies,ModNPC,Natural spawn rules,1,—,5,60,8,No,No,No,SpawnChance,10f,Pre-Hardmode + Hardmode + SuperHardmode,Origin of the Abyss,Caverns or Underworld,Day and night / unspecified,—,Unspecified,"(spawnInfo.SpawnTileY >= Main.maxTilesY - 400) && (spawnInfo.Player.ZoneRockLayerHeight && Main.tile[spawnInfo.SpawnTileX, spawnInfo.SpawnTileY].WallType == WallID.SpiderUnsafe) && ((spawnInfo.Player.ZoneRockLayerHeight || spawnInfo.Player.ZoneUnderworldHeight) && (Main.tile[spawnInfo.SpawnTileX, spawnInfo.SpawnTileY].WallType == WallID.ObsidianBrickUnsafe || Main.tile[spawnInfo.SpawnTileX, spawnInfo.SpawnTileY].WallType == WallID.TitanstoneBlock)) && (Math.Abs(spawnInfo.SpawnTileX - Main.spawnTileX) < Main.maxTilesX / 3 && Main.tile[spawnInfo.SpawnTileX, spawnInfo.SpawnTileY].WallType == WallID.StarlitHeavenWallpaper) && (tsorcRevampWorld.RemixMap && (spawnInfo.Player.ZoneRockLayerHeight || spawnInfo.Player.ZoneUnderworldHeight) && spawnInfo.SpawnTileType == TileID.Titanstone && Main.tile[spawnInfo.SpawnTileX, spawnInfo.SpawnTileY].WallType == WallID.StarlitHeavenWallpaper)",NPCs/Enemies/HumanityPhantom.cs,78
NPC Spawn Rule,HumanityPhantom,Humanity Phantom,Enemies,ModNPC,Natural spawn rules,1,—,5,60,8,No,No,No,SpawnChance,10f,Pre-Hardmode + Hardmode + SuperHardmode,Origin of the Abyss,Caverns or Underworld,Day and night / unspecified,—,Unspecified,"(spawnInfo.SpawnTileY >= Main.maxTilesY - 400) && (spawnInfo.Player.ZoneRockLayerHeight && Main.tile[spawnInfo.SpawnTileX, spawnInfo.SpawnTileY].WallType == WallID.SpiderUnsafe) && ((spawnInfo.Player.ZoneRockLayerHeight || spawnInfo.Player.ZoneUnderworldHeight) && (Main.tile[spawnInfo.SpawnTileX, spawnInfo.SpawnTileY].WallType == WallID.ObsidianBrickUnsafe || Main.tile[spawnInfo.SpawnTileX, spawnInfo.SpawnTileY].WallType == WallID.TitanstoneBlock)) && (Math.Abs(spawnInfo.SpawnTileX - Main.spawnTileX) < Main.maxTilesX / 3 && Main.tile[spawnInfo.SpawnTileX, spawnInfo.SpawnTileY].WallType == WallID.StarlitHeavenWallpaper) && (!(tsorcRevampWorld.RemixMap && (spawnInfo.Player.ZoneRockLayerHeight || spawnInfo.Player.ZoneUnderworldHeight) && spawnInfo.SpawnTileType == TileID.Titanstone && Main.tile[spawnInfo.SpawnTileX, spawnInfo.SpawnTileY].WallType == WallID.StarlitHeavenWallpaper))",NPCs/Enemies/HumanityPhantom.cs,78
NPC Spawn Rule,HumanityPhantom,Humanity Phantom,Enemies,ModNPC,Natural spawn rules,1,—,5,60,8,No,No,No,SpawnChance,10f,Pre-Hardmode + Hardmode + SuperHardmode,Origin of the Abyss,Caverns or Underworld,Day and night / unspecified,—,Unspecified,"(spawnInfo.SpawnTileY >= Main.maxTilesY - 400) && (spawnInfo.Player.ZoneRockLayerHeight && Main.tile[spawnInfo.SpawnTileX, spawnInfo.SpawnTileY].WallType == WallID.SpiderUnsafe) && ((spawnInfo.Player.ZoneRockLayerHeight || spawnInfo.Player.ZoneUnderworldHeight) && (Main.tile[spawnInfo.SpawnTileX, spawnInfo.SpawnTileY].WallType == WallID.ObsidianBrickUnsafe || Main.tile[spawnInfo.SpawnTileX, spawnInfo.SpawnTileY].WallType == WallID.TitanstoneBlock)) && (!(Math.Abs(spawnInfo.SpawnTileX - Main.spawnTileX) < Main.maxTilesX / 3 && Main.tile[spawnInfo.SpawnTileX, spawnInfo.SpawnTileY].WallType == WallID.StarlitHeavenWallpaper)) && (tsorcRevampWorld.RemixMap && (spawnInfo.Player.ZoneRockLayerHeight || spawnInfo.Player.ZoneUnderworldHeight) && spawnInfo.SpawnTileType == TileID.Titanstone && Main.tile[spawnInfo.SpawnTileX, spawnInfo.SpawnTileY].WallType == WallID.StarlitHeavenWallpaper)",NPCs/Enemies/HumanityPhantom.cs,78
NPC Spawn Rule,HumanityPhantom,Humanity Phantom,Enemies,ModNPC,Natural spawn rules,1,—,5,60,8,No,No,No,SpawnChance,1.5f,Pre-Hardmode + Hardmode + SuperHardmode,Origin of the Abyss,Caverns or Underworld,Day and night / unspecified,—,Unspecified,"(spawnInfo.SpawnTileY >= Main.maxTilesY - 400) && (spawnInfo.Player.ZoneRockLayerHeight && Main.tile[spawnInfo.SpawnTileX, spawnInfo.SpawnTileY].WallType == WallID.SpiderUnsafe) && ((spawnInfo.Player.ZoneRockLayerHeight || spawnInfo.Player.ZoneUnderworldHeight) && (Main.tile[spawnInfo.SpawnTileX, spawnInfo.SpawnTileY].WallType == WallID.ObsidianBrickUnsafe || Main.tile[spawnInfo.SpawnTileX, spawnInfo.SpawnTileY].WallType == WallID.TitanstoneBlock)) && (!(Math.Abs(spawnInfo.SpawnTileX - Main.spawnTileX) < Main.maxTilesX / 3 && Main.tile[spawnInfo.SpawnTileX, spawnInfo.SpawnTileY].WallType == WallID.StarlitHeavenWallpaper)) && (!(tsorcRevampWorld.RemixMap && (spawnInfo.Player.ZoneRockLayerHeight || spawnInfo.Player.ZoneUnderworldHeight) && spawnInfo.SpawnTileType == TileID.Titanstone && Main.tile[spawnInfo.SpawnTileX, spawnInfo.SpawnTileY].WallType == WallID.StarlitHeavenWallpaper))",NPCs/Enemies/HumanityPhantom.cs,78
NPC Spawn Rule,HumanityPhantom,Humanity Phantom,Enemies,ModNPC,Natural spawn rules,1,—,5,60,8,No,No,No,SpawnChance,10f,Pre-Hardmode + Hardmode + SuperHardmode,Origin of the Abyss,Caverns or Underworld,Day and night / unspecified,—,Unspecified,"(spawnInfo.SpawnTileY >= Main.maxTilesY - 400) && (spawnInfo.Player.ZoneRockLayerHeight && Main.tile[spawnInfo.SpawnTileX, spawnInfo.SpawnTileY].WallType == WallID.SpiderUnsafe) && (!((spawnInfo.Player.ZoneRockLayerHeight || spawnInfo.Player.ZoneUnderworldHeight) && (Main.tile[spawnInfo.SpawnTileX, spawnInfo.SpawnTileY].WallType == WallID.ObsidianBrickUnsafe || Main.tile[spawnInfo.SpawnTileX, spawnInfo.SpawnTileY].WallType == WallID.TitanstoneBlock))) && (Math.Abs(spawnInfo.SpawnTileX - Main.spawnTileX) < Main.maxTilesX / 3 && Main.tile[spawnInfo.SpawnTileX, spawnInfo.SpawnTileY].WallType == WallID.StarlitHeavenWallpaper) && (tsorcRevampWorld.RemixMap && (spawnInfo.Player.ZoneRockLayerHeight || spawnInfo.Player.ZoneUnderworldHeight) && spawnInfo.SpawnTileType == TileID.Titanstone && Main.tile[spawnInfo.SpawnTileX, spawnInfo.SpawnTileY].WallType == WallID.StarlitHeavenWallpaper)",NPCs/Enemies/HumanityPhantom.cs,78
NPC Spawn Rule,HumanityPhantom,Humanity Phantom,Enemies,ModNPC,Natural spawn rules,1,—,5,60,8,No,No,No,SpawnChance,10f,Pre-Hardmode + Hardmode + SuperHardmode,Origin of the Abyss,Caverns,Day and night / unspecified,—,Unspecified,"(spawnInfo.SpawnTileY >= Main.maxTilesY - 400) && (spawnInfo.Player.ZoneRockLayerHeight && Main.tile[spawnInfo.SpawnTileX, spawnInfo.SpawnTileY].WallType == WallID.SpiderUnsafe) && (!((spawnInfo.Player.ZoneRockLayerHeight || spawnInfo.Player.ZoneUnderworldHeight) && (Main.tile[spawnInfo.SpawnTileX, spawnInfo.SpawnTileY].WallType == WallID.ObsidianBrickUnsafe || Main.tile[spawnInfo.SpawnTileX, spawnInfo.SpawnTileY].WallType == WallID.TitanstoneBlock))) && (Math.Abs(spawnInfo.SpawnTileX - Main.spawnTileX) < Main.maxTilesX / 3 && Main.tile[spawnInfo.SpawnTileX, spawnInfo.SpawnTileY].WallType == WallID.StarlitHeavenWallpaper) && (!(tsorcRevampWorld.RemixMap && (spawnInfo.Player.ZoneRockLayerHeight || spawnInfo.Player.ZoneUnderworldHeight) && spawnInfo.SpawnTileType == TileID.Titanstone && Main.tile[spawnInfo.SpawnTileX, spawnInfo.SpawnTileY].WallType == WallID.StarlitHeavenWallpaper))",NPCs/Enemies/HumanityPhantom.cs,78
NPC Spawn Rule,HumanityPhantom,Humanity Phantom,Enemies,ModNPC,Natural spawn rules,1,—,5,60,8,No,No,No,SpawnChance,10f,Pre-Hardmode + Hardmode + SuperHardmode,Origin of the Abyss,Caverns or Underworld,Day and night / unspecified,—,Unspecified,"(spawnInfo.SpawnTileY >= Main.maxTilesY - 400) && (spawnInfo.Player.ZoneRockLayerHeight && Main.tile[spawnInfo.SpawnTileX, spawnInfo.SpawnTileY].WallType == WallID.SpiderUnsafe) && (!((spawnInfo.Player.ZoneRockLayerHeight || spawnInfo.Player.ZoneUnderworldHeight) && (Main.tile[spawnInfo.SpawnTileX, spawnInfo.SpawnTileY].WallType == WallID.ObsidianBrickUnsafe || Main.tile[spawnInfo.SpawnTileX, spawnInfo.SpawnTileY].WallType == WallID.TitanstoneBlock))) && (!(Math.Abs(spawnInfo.SpawnTileX - Main.spawnTileX) < Main.maxTilesX / 3 && Main.tile[spawnInfo.SpawnTileX, spawnInfo.SpawnTileY].WallType == WallID.StarlitHeavenWallpaper)) && (tsorcRevampWorld.RemixMap && (spawnInfo.Player.ZoneRockLayerHeight || spawnInfo.Player.ZoneUnderworldHeight) && spawnInfo.SpawnTileType == TileID.Titanstone && Main.tile[spawnInfo.SpawnTileX, spawnInfo.SpawnTileY].WallType == WallID.StarlitHeavenWallpaper)",NPCs/Enemies/HumanityPhantom.cs,78
NPC Spawn Rule,HumanityPhantom,Humanity Phantom,Enemies,ModNPC,Natural spawn rules,1,—,5,60,8,No,No,No,SpawnChance,2f,Pre-Hardmode + Hardmode + SuperHardmode,Origin of the Abyss,Caverns,Day and night / unspecified,—,Unspecified,"(spawnInfo.SpawnTileY >= Main.maxTilesY - 400) && (spawnInfo.Player.ZoneRockLayerHeight && Main.tile[spawnInfo.SpawnTileX, spawnInfo.SpawnTileY].WallType == WallID.SpiderUnsafe) && (!((spawnInfo.Player.ZoneRockLayerHeight || spawnInfo.Player.ZoneUnderworldHeight) && (Main.tile[spawnInfo.SpawnTileX, spawnInfo.SpawnTileY].WallType == WallID.ObsidianBrickUnsafe || Main.tile[spawnInfo.SpawnTileX, spawnInfo.SpawnTileY].WallType == WallID.TitanstoneBlock))) && (!(Math.Abs(spawnInfo.SpawnTileX - Main.spawnTileX) < Main.maxTilesX / 3 && Main.tile[spawnInfo.SpawnTileX, spawnInfo.SpawnTileY].WallType == WallID.StarlitHeavenWallpaper)) && (!(tsorcRevampWorld.RemixMap && (spawnInfo.Player.ZoneRockLayerHeight || spawnInfo.Player.ZoneUnderworldHeight) && spawnInfo.SpawnTileType == TileID.Titanstone && Main.tile[spawnInfo.SpawnTileX, spawnInfo.SpawnTileY].WallType == WallID.StarlitHeavenWallpaper))",NPCs/Enemies/HumanityPhantom.cs,78
NPC Spawn Rule,HumanityPhantom,Humanity Phantom,Enemies,ModNPC,Natural spawn rules,1,—,5,60,8,No,No,No,SpawnChance,10f,Pre-Hardmode + Hardmode + SuperHardmode,Origin of the Abyss,Caverns or Underworld,Day and night / unspecified,—,Unspecified,"(spawnInfo.SpawnTileY >= Main.maxTilesY - 400) && (!(spawnInfo.Player.ZoneRockLayerHeight && Main.tile[spawnInfo.SpawnTileX, spawnInfo.SpawnTileY].WallType == WallID.SpiderUnsafe)) && ((spawnInfo.Player.ZoneRockLayerHeight || spawnInfo.Player.ZoneUnderworldHeight) && (Main.tile[spawnInfo.SpawnTileX, spawnInfo.SpawnTileY].WallType == WallID.ObsidianBrickUnsafe || Main.tile[spawnInfo.SpawnTileX, spawnInfo.SpawnTileY].WallType == WallID.TitanstoneBlock)) && (Math.Abs(spawnInfo.SpawnTileX - Main.spawnTileX) < Main.maxTilesX / 3 && Main.tile[spawnInfo.SpawnTileX, spawnInfo.SpawnTileY].WallType == WallID.StarlitHeavenWallpaper) && (tsorcRevampWorld.RemixMap && (spawnInfo.Player.ZoneRockLayerHeight || spawnInfo.Player.ZoneUnderworldHeight) && spawnInfo.SpawnTileType == TileID.Titanstone && Main.tile[spawnInfo.SpawnTileX, spawnInfo.SpawnTileY].WallType == WallID.StarlitHeavenWallpaper)",NPCs/Enemies/HumanityPhantom.cs,78
NPC Spawn Rule,HumanityPhantom,Humanity Phantom,Enemies,ModNPC,Natural spawn rules,1,—,5,60,8,No,No,No,SpawnChance,10f,Pre-Hardmode + Hardmode + SuperHardmode,Origin of the Abyss,Caverns or Underworld,Day and night / unspecified,—,Unspecified,"(spawnInfo.SpawnTileY >= Main.maxTilesY - 400) && (!(spawnInfo.Player.ZoneRockLayerHeight && Main.tile[spawnInfo.SpawnTileX, spawnInfo.SpawnTileY].WallType == WallID.SpiderUnsafe)) && ((spawnInfo.Player.ZoneRockLayerHeight || spawnInfo.Player.ZoneUnderworldHeight) && (Main.tile[spawnInfo.SpawnTileX, spawnInfo.SpawnTileY].WallType == WallID.ObsidianBrickUnsafe || Main.tile[spawnInfo.SpawnTileX, spawnInfo.SpawnTileY].WallType == WallID.TitanstoneBlock)) && (Math.Abs(spawnInfo.SpawnTileX - Main.spawnTileX) < Main.maxTilesX / 3 && Main.tile[spawnInfo.SpawnTileX, spawnInfo.SpawnTileY].WallType == WallID.StarlitHeavenWallpaper) && (!(tsorcRevampWorld.RemixMap && (spawnInfo.Player.ZoneRockLayerHeight || spawnInfo.Player.ZoneUnderworldHeight) && spawnInfo.SpawnTileType == TileID.Titanstone && Main.tile[spawnInfo.SpawnTileX, spawnInfo.SpawnTileY].WallType == WallID.StarlitHeavenWallpaper))",NPCs/Enemies/HumanityPhantom.cs,78
NPC Spawn Rule,HumanityPhantom,Humanity Phantom,Enemies,ModNPC,Natural spawn rules,1,—,5,60,8,No,No,No,SpawnChance,10f,Pre-Hardmode + Hardmode + SuperHardmode,Origin of the Abyss,Caverns or Underworld,Day and night / unspecified,—,Unspecified,"(spawnInfo.SpawnTileY >= Main.maxTilesY - 400) && (!(spawnInfo.Player.ZoneRockLayerHeight && Main.tile[spawnInfo.SpawnTileX, spawnInfo.SpawnTileY].WallType == WallID.SpiderUnsafe)) && ((spawnInfo.Player.ZoneRockLayerHeight || spawnInfo.Player.ZoneUnderworldHeight) && (Main.tile[spawnInfo.SpawnTileX, spawnInfo.SpawnTileY].WallType == WallID.ObsidianBrickUnsafe || Main.tile[spawnInfo.SpawnTileX, spawnInfo.SpawnTileY].WallType == WallID.TitanstoneBlock)) && (!(Math.Abs(spawnInfo.SpawnTileX - Main.spawnTileX) < Main.maxTilesX / 3 && Main.tile[spawnInfo.SpawnTileX, spawnInfo.SpawnTileY].WallType == WallID.StarlitHeavenWallpaper)) && (tsorcRevampWorld.RemixMap && (spawnInfo.Player.ZoneRockLayerHeight || spawnInfo.Player.ZoneUnderworldHeight) && spawnInfo.SpawnTileType == TileID.Titanstone && Main.tile[spawnInfo.SpawnTileX, spawnInfo.SpawnTileY].WallType == WallID.StarlitHeavenWallpaper)",NPCs/Enemies/HumanityPhantom.cs,78
NPC Spawn Rule,HumanityPhantom,Humanity Phantom,Enemies,ModNPC,Natural spawn rules,1,—,5,60,8,No,No,No,SpawnChance,1.5f,Pre-Hardmode + Hardmode + SuperHardmode,Origin of the Abyss,Caverns or Underworld,Day and night / unspecified,—,Unspecified,"(spawnInfo.SpawnTileY >= Main.maxTilesY - 400) && (!(spawnInfo.Player.ZoneRockLayerHeight && Main.tile[spawnInfo.SpawnTileX, spawnInfo.SpawnTileY].WallType == WallID.SpiderUnsafe)) && ((spawnInfo.Player.ZoneRockLayerHeight || spawnInfo.Player.ZoneUnderworldHeight) && (Main.tile[spawnInfo.SpawnTileX, spawnInfo.SpawnTileY].WallType == WallID.ObsidianBrickUnsafe || Main.tile[spawnInfo.SpawnTileX, spawnInfo.SpawnTileY].WallType == WallID.TitanstoneBlock)) && (!(Math.Abs(spawnInfo.SpawnTileX - Main.spawnTileX) < Main.maxTilesX / 3 && Main.tile[spawnInfo.SpawnTileX, spawnInfo.SpawnTileY].WallType == WallID.StarlitHeavenWallpaper)) && (!(tsorcRevampWorld.RemixMap && (spawnInfo.Player.ZoneRockLayerHeight || spawnInfo.Player.ZoneUnderworldHeight) && spawnInfo.SpawnTileType == TileID.Titanstone && Main.tile[spawnInfo.SpawnTileX, spawnInfo.SpawnTileY].WallType == WallID.StarlitHeavenWallpaper))",NPCs/Enemies/HumanityPhantom.cs,78
NPC Spawn Rule,HumanityPhantom,Humanity Phantom,Enemies,ModNPC,Natural spawn rules,1,—,5,60,8,No,No,No,SpawnChance,10f,Pre-Hardmode + Hardmode + SuperHardmode,Origin of the Abyss,Caverns or Underworld,Day and night / unspecified,—,Unspecified,"(spawnInfo.SpawnTileY >= Main.maxTilesY - 400) && (!(spawnInfo.Player.ZoneRockLayerHeight && Main.tile[spawnInfo.SpawnTileX, spawnInfo.SpawnTileY].WallType == WallID.SpiderUnsafe)) && (!((spawnInfo.Player.ZoneRockLayerHeight || spawnInfo.Player.ZoneUnderworldHeight) && (Main.tile[spawnInfo.SpawnTileX, spawnInfo.SpawnTileY].WallType == WallID.ObsidianBrickUnsafe || Main.tile[spawnInfo.SpawnTileX, spawnInfo.SpawnTileY].WallType == WallID.TitanstoneBlock))) && (Math.Abs(spawnInfo.SpawnTileX - Main.spawnTileX) < Main.maxTilesX / 3 && Main.tile[spawnInfo.SpawnTileX, spawnInfo.SpawnTileY].WallType == WallID.StarlitHeavenWallpaper) && (tsorcRevampWorld.RemixMap && (spawnInfo.Player.ZoneRockLayerHeight || spawnInfo.Player.ZoneUnderworldHeight) && spawnInfo.SpawnTileType == TileID.Titanstone && Main.tile[spawnInfo.SpawnTileX, spawnInfo.SpawnTileY].WallType == WallID.StarlitHeavenWallpaper)",NPCs/Enemies/HumanityPhantom.cs,78
NPC Spawn Rule,HumanityPhantom,Humanity Phantom,Enemies,ModNPC,Natural spawn rules,1,—,5,60,8,No,No,No,SpawnChance,10f,Pre-Hardmode + Hardmode + SuperHardmode,Origin of the Abyss,Any / condition-defined depth,Day and night / unspecified,—,Unspecified,"(spawnInfo.SpawnTileY >= Main.maxTilesY - 400) && (!(spawnInfo.Player.ZoneRockLayerHeight && Main.tile[spawnInfo.SpawnTileX, spawnInfo.SpawnTileY].WallType == WallID.SpiderUnsafe)) && (!((spawnInfo.Player.ZoneRockLayerHeight || spawnInfo.Player.ZoneUnderworldHeight) && (Main.tile[spawnInfo.SpawnTileX, spawnInfo.SpawnTileY].WallType == WallID.ObsidianBrickUnsafe || Main.tile[spawnInfo.SpawnTileX, spawnInfo.SpawnTileY].WallType == WallID.TitanstoneBlock))) && (Math.Abs(spawnInfo.SpawnTileX - Main.spawnTileX) < Main.maxTilesX / 3 && Main.tile[spawnInfo.SpawnTileX, spawnInfo.SpawnTileY].WallType == WallID.StarlitHeavenWallpaper) && (!(tsorcRevampWorld.RemixMap && (spawnInfo.Player.ZoneRockLayerHeight || spawnInfo.Player.ZoneUnderworldHeight) && spawnInfo.SpawnTileType == TileID.Titanstone && Main.tile[spawnInfo.SpawnTileX, spawnInfo.SpawnTileY].WallType == WallID.StarlitHeavenWallpaper))",NPCs/Enemies/HumanityPhantom.cs,78
NPC Spawn Rule,HumanityPhantom,Humanity Phantom,Enemies,ModNPC,Natural spawn rules,1,—,5,60,8,No,No,No,SpawnChance,10f,Pre-Hardmode + Hardmode + SuperHardmode,Origin of the Abyss,Caverns or Underworld,Day and night / unspecified,—,Unspecified,"(spawnInfo.SpawnTileY >= Main.maxTilesY - 400) && (!(spawnInfo.Player.ZoneRockLayerHeight && Main.tile[spawnInfo.SpawnTileX, spawnInfo.SpawnTileY].WallType == WallID.SpiderUnsafe)) && (!((spawnInfo.Player.ZoneRockLayerHeight || spawnInfo.Player.ZoneUnderworldHeight) && (Main.tile[spawnInfo.SpawnTileX, spawnInfo.SpawnTileY].WallType == WallID.ObsidianBrickUnsafe || Main.tile[spawnInfo.SpawnTileX, spawnInfo.SpawnTileY].WallType == WallID.TitanstoneBlock))) && (!(Math.Abs(spawnInfo.SpawnTileX - Main.spawnTileX) < Main.maxTilesX / 3 && Main.tile[spawnInfo.SpawnTileX, spawnInfo.SpawnTileY].WallType == WallID.StarlitHeavenWallpaper)) && (tsorcRevampWorld.RemixMap && (spawnInfo.Player.ZoneRockLayerHeight || spawnInfo.Player.ZoneUnderworldHeight) && spawnInfo.SpawnTileType == TileID.Titanstone && Main.tile[spawnInfo.SpawnTileX, spawnInfo.SpawnTileY].WallType == WallID.StarlitHeavenWallpaper)",NPCs/Enemies/HumanityPhantom.cs,78
NPC Spawn Rule,HumanityPhantom,Humanity Phantom,Enemies,ModNPC,Natural spawn rules,1,—,5,60,8,No,No,No,SpawnChance,0,Pre-Hardmode + Hardmode + SuperHardmode,Origin of the Abyss,Any / condition-defined depth,Day and night / unspecified,—,Unspecified,"(spawnInfo.SpawnTileY >= Main.maxTilesY - 400) && (!(spawnInfo.Player.ZoneRockLayerHeight && Main.tile[spawnInfo.SpawnTileX, spawnInfo.SpawnTileY].WallType == WallID.SpiderUnsafe)) && (!((spawnInfo.Player.ZoneRockLayerHeight || spawnInfo.Player.ZoneUnderworldHeight) && (Main.tile[spawnInfo.SpawnTileX, spawnInfo.SpawnTileY].WallType == WallID.ObsidianBrickUnsafe || Main.tile[spawnInfo.SpawnTileX, spawnInfo.SpawnTileY].WallType == WallID.TitanstoneBlock))) && (!(Math.Abs(spawnInfo.SpawnTileX - Main.spawnTileX) < Main.maxTilesX / 3 && Main.tile[spawnInfo.SpawnTileX, spawnInfo.SpawnTileY].WallType == WallID.StarlitHeavenWallpaper)) && (!(tsorcRevampWorld.RemixMap && (spawnInfo.Player.ZoneRockLayerHeight || spawnInfo.Player.ZoneUnderworldHeight) && spawnInfo.SpawnTileType == TileID.Titanstone && Main.tile[spawnInfo.SpawnTileX, spawnInfo.SpawnTileY].WallType == WallID.StarlitHeavenWallpaper))",NPCs/Enemies/HumanityPhantom.cs,78
NPC Spawn Rule,HumanityPhantom,Humanity Phantom,Enemies,ModNPC,Natural spawn rules,1,—,5,60,8,No,No,No,SpawnChance,0,Pre-Hardmode + Hardmode + SuperHardmode,General / Custom,Any / condition-defined depth,Day and night / unspecified,—,Unspecified,(!(spawnInfo.SpawnTileY >= Main.maxTilesY - 400)),NPCs/Enemies/HumanityPhantom.cs,78
NPC Spawn Rule,Hydra,Hydra,Enemies,ModNPC,Legacy spawn logic (current override disabled),100,—,100000,50,30,No,No,No,SpawnChance,0f,Pre-Hardmode + Hardmode + SuperHardmode,General / Custom,Any / condition-defined depth,Day and night / unspecified,—,Unspecified,Always,NPCs/Enemies/Hydra.cs,203
NPC Spawn Rule,Hydra,Hydra,Enemies,ModNPC,Legacy spawn logic (current override disabled),100,—,100000,50,30,No,No,No,CanSpawnLegacy,0f,Pre-Hardmode + Hardmode + SuperHardmode,General / Custom,Any / condition-defined depth,Day and night / unspecified,—,Unspecified,((s.Player.townNPCs > 2f && !Main.bloodMoon) || Main.pumpkinMoon || Main.snowMoon || !s.Player.ZoneJungle || (s.SpawnTileY >= (Main.maxTilesY * 0.8f)) || (s.SpawnTileY < (Main.maxTilesY * 0.03f) || s.SpawnTileX < (Main.maxTilesX * 0.03f) || s.SpawnTileY > (Main.maxTilesY * 0.97f) || s.SpawnTileX > (Main.maxTilesX * 0.97f))),NPCs/Enemies/Hydra.cs,218
NPC Spawn Rule,Hydra,Hydra,Enemies,ModNPC,Legacy spawn logic (current override disabled),100,—,100000,50,30,No,No,No,CanSpawnLegacy,1f,Pre-Hardmode + Hardmode + SuperHardmode,Jungle,Any / condition-defined depth,Day and night / unspecified,—,Unspecified,(!((s.Player.townNPCs > 2f && !Main.bloodMoon) || Main.pumpkinMoon || Main.snowMoon || !s.Player.ZoneJungle || (s.SpawnTileY >= (Main.maxTilesY * 0.8f)) || (s.SpawnTileY < (Main.maxTilesY * 0.03f) || s.SpawnTileX < (Main.maxTilesX * 0.03f) || s.SpawnTileY > (Main.maxTilesY * 0.97f) || s.SpawnTileX > (Main.maxTilesX * 0.97f)))) && ((s.SpawnTileY >= (Main.maxTilesY * 0.1f) && s.SpawnTileY < (Main.maxTilesY * 0.2f)) || (s.SpawnTileY >= (Main.maxTilesY * 0.2f) && s.SpawnTileY < (Main.maxTilesY * 0.3f)) || (s.SpawnTileY >= (Main.maxTilesY * 0.3f) && s.SpawnTileY < (Main.maxTilesY * 0.4f)) || (s.SpawnTileY >= (Main.maxTilesY * 0.4f) && s.SpawnTileY < (Main.maxTilesY * 0.6f))) && (Main.rand.Next(12000) == 1),NPCs/Enemies/Hydra.cs,222
NPC Spawn Rule,Hydra,Hydra,Enemies,ModNPC,Legacy spawn logic (current override disabled),100,—,100000,50,30,No,No,No,CanSpawnLegacy,1f,Hardmode + SuperHardmode,Jungle,Any / condition-defined depth,Day and night / unspecified,—,Unspecified,(!((s.Player.townNPCs > 2f && !Main.bloodMoon) || Main.pumpkinMoon || Main.snowMoon || !s.Player.ZoneJungle || (s.SpawnTileY >= (Main.maxTilesY * 0.8f)) || (s.SpawnTileY < (Main.maxTilesY * 0.03f) || s.SpawnTileX < (Main.maxTilesX * 0.03f) || s.SpawnTileY > (Main.maxTilesY * 0.97f) || s.SpawnTileX > (Main.maxTilesX * 0.97f)))) && ((s.SpawnTileY >= (Main.maxTilesY * 0.1f) && s.SpawnTileY < (Main.maxTilesY * 0.2f)) || (s.SpawnTileY >= (Main.maxTilesY * 0.2f) && s.SpawnTileY < (Main.maxTilesY * 0.3f)) || (s.SpawnTileY >= (Main.maxTilesY * 0.3f) && s.SpawnTileY < (Main.maxTilesY * 0.4f)) || (s.SpawnTileY >= (Main.maxTilesY * 0.4f) && s.SpawnTileY < (Main.maxTilesY * 0.6f))) && (!(Main.rand.Next(12000) == 1)) && (Main.hardMode && Main.rand.Next(50) == 1),NPCs/Enemies/Hydra.cs,223
NPC Spawn Rule,Hydra,Hydra,Enemies,ModNPC,Legacy spawn logic (current override disabled),100,—,100000,50,30,No,No,No,CanSpawnLegacy,1f,Pre-Hardmode + Hardmode + SuperHardmode,Jungle,Any / condition-defined depth,Day and night / unspecified,—,Unspecified,(!((s.Player.townNPCs > 2f && !Main.bloodMoon) || Main.pumpkinMoon || Main.snowMoon || !s.Player.ZoneJungle || (s.SpawnTileY >= (Main.maxTilesY * 0.8f)) || (s.SpawnTileY < (Main.maxTilesY * 0.03f) || s.SpawnTileX < (Main.maxTilesX * 0.03f) || s.SpawnTileY > (Main.maxTilesY * 0.97f) || s.SpawnTileX > (Main.maxTilesX * 0.97f)))) && ((s.SpawnTileY >= (Main.maxTilesY * 0.1f) && s.SpawnTileY < (Main.maxTilesY * 0.2f)) || (s.SpawnTileY >= (Main.maxTilesY * 0.2f) && s.SpawnTileY < (Main.maxTilesY * 0.3f)) || (s.SpawnTileY >= (Main.maxTilesY * 0.3f) && s.SpawnTileY < (Main.maxTilesY * 0.4f)) || (s.SpawnTileY >= (Main.maxTilesY * 0.4f) && s.SpawnTileY < (Main.maxTilesY * 0.6f))) && (!(Main.rand.Next(12000) == 1)) && (!(Main.hardMode && Main.rand.Next(50) == 1)) && (((s.SpawnTileY >= (Main.maxTilesY * 0.3f) && s.SpawnTileY < (Main.maxTilesY * 0.4f)) || (s.SpawnTileY >= (Main.maxTilesY * 0.4f) && s.SpawnTileY < (Main.maxTilesY * 0.6f))) && Main.rand.Next(800) == 1),NPCs/Enemies/Hydra.cs,224
NPC Spawn Rule,Hydra,Hydra,Enemies,ModNPC,Legacy spawn logic (current override disabled),100,—,100000,50,30,No,No,No,CanSpawnLegacy,1f,Hardmode + SuperHardmode,Jungle,Any / condition-defined depth,Day and night / unspecified,—,Unspecified,(!((s.Player.townNPCs > 2f && !Main.bloodMoon) || Main.pumpkinMoon || Main.snowMoon || !s.Player.ZoneJungle || (s.SpawnTileY >= (Main.maxTilesY * 0.8f)) || (s.SpawnTileY < (Main.maxTilesY * 0.03f) || s.SpawnTileX < (Main.maxTilesX * 0.03f) || s.SpawnTileY > (Main.maxTilesY * 0.97f) || s.SpawnTileX > (Main.maxTilesX * 0.97f)))) && ((s.SpawnTileY >= (Main.maxTilesY * 0.1f) && s.SpawnTileY < (Main.maxTilesY * 0.2f)) || (s.SpawnTileY >= (Main.maxTilesY * 0.2f) && s.SpawnTileY < (Main.maxTilesY * 0.3f)) || (s.SpawnTileY >= (Main.maxTilesY * 0.3f) && s.SpawnTileY < (Main.maxTilesY * 0.4f)) || (s.SpawnTileY >= (Main.maxTilesY * 0.4f) && s.SpawnTileY < (Main.maxTilesY * 0.6f))) && (!(Main.rand.Next(12000) == 1)) && (!(Main.hardMode && Main.rand.Next(50) == 1)) && (!(((s.SpawnTileY >= (Main.maxTilesY * 0.3f) && s.SpawnTileY < (Main.maxTilesY * 0.4f)) || (s.SpawnTileY >= (Main.maxTilesY * 0.4f) && s.SpawnTileY < (Main.maxTilesY * 0.6f))) && Main.rand.Next(800) == 1)) && (Main.hardMode && ((s.SpawnTileY >= (Main.maxTilesY * 0.3f) && s.SpawnTileY < (Main.maxTilesY * 0.4f)) || (s.SpawnTileY >= (Main.maxTilesY * 0.4f) && s.SpawnTileY < (Main.maxTilesY * 0.6f))) && Main.rand.Next(30) == 1),NPCs/Enemies/Hydra.cs,225
NPC Spawn Rule,Hydra,Hydra,Enemies,ModNPC,Legacy spawn logic (current override disabled),100,—,100000,50,30,No,No,No,CanSpawnLegacy,1f,Pre-Hardmode + Hardmode + SuperHardmode,Jungle,Any / condition-defined depth,Day and night / unspecified,—,Unspecified,(!((s.Player.townNPCs > 2f && !Main.bloodMoon) || Main.pumpkinMoon || Main.snowMoon || !s.Player.ZoneJungle || (s.SpawnTileY >= (Main.maxTilesY * 0.8f)) || (s.SpawnTileY < (Main.maxTilesY * 0.03f) || s.SpawnTileX < (Main.maxTilesX * 0.03f) || s.SpawnTileY > (Main.maxTilesY * 0.97f) || s.SpawnTileX > (Main.maxTilesX * 0.97f)))) && ((s.SpawnTileY >= (Main.maxTilesY * 0.1f) && s.SpawnTileY < (Main.maxTilesY * 0.2f)) || (s.SpawnTileY >= (Main.maxTilesY * 0.2f) && s.SpawnTileY < (Main.maxTilesY * 0.3f)) || (s.SpawnTileY >= (Main.maxTilesY * 0.3f) && s.SpawnTileY < (Main.maxTilesY * 0.4f)) || (s.SpawnTileY >= (Main.maxTilesY * 0.4f) && s.SpawnTileY < (Main.maxTilesY * 0.6f))) && (!(Main.rand.Next(12000) == 1)) && (!(Main.hardMode && Main.rand.Next(50) == 1)) && (!(((s.SpawnTileY >= (Main.maxTilesY * 0.3f) && s.SpawnTileY < (Main.maxTilesY * 0.4f)) || (s.SpawnTileY >= (Main.maxTilesY * 0.4f) && s.SpawnTileY < (Main.maxTilesY * 0.6f))) && Main.rand.Next(800) == 1)) && (!(Main.hardMode && ((s.SpawnTileY >= (Main.maxTilesY * 0.3f) && s.SpawnTileY < (Main.maxTilesY * 0.4f)) || (s.SpawnTileY >= (Main.maxTilesY * 0.4f) && s.SpawnTileY < (Main.maxTilesY * 0.6f))) && Main.rand.Next(30) == 1)) && (Main.bloodMoon && Main.rand.Next(120) == 1),NPCs/Enemies/Hydra.cs,226
NPC Spawn Rule,Hydra,Hydra,Enemies,ModNPC,Legacy spawn logic (current override disabled),100,—,100000,50,30,No,No,No,CanSpawnLegacy,0f,Pre-Hardmode + Hardmode + SuperHardmode,Jungle,Any / condition-defined depth,Day and night / unspecified,—,Unspecified,(!((s.Player.townNPCs > 2f && !Main.bloodMoon) || Main.pumpkinMoon || Main.snowMoon || !s.Player.ZoneJungle || (s.SpawnTileY >= (Main.maxTilesY * 0.8f)) || (s.SpawnTileY < (Main.maxTilesY * 0.03f) || s.SpawnTileX < (Main.maxTilesX * 0.03f) || s.SpawnTileY > (Main.maxTilesY * 0.97f) || s.SpawnTileX > (Main.maxTilesX * 0.97f)))) && ((s.SpawnTileY >= (Main.maxTilesY * 0.1f) && s.SpawnTileY < (Main.maxTilesY * 0.2f)) || (s.SpawnTileY >= (Main.maxTilesY * 0.2f) && s.SpawnTileY < (Main.maxTilesY * 0.3f)) || (s.SpawnTileY >= (Main.maxTilesY * 0.3f) && s.SpawnTileY < (Main.maxTilesY * 0.4f)) || (s.SpawnTileY >= (Main.maxTilesY * 0.4f) && s.SpawnTileY < (Main.maxTilesY * 0.6f))) && (!(Main.rand.Next(12000) == 1)) && (!(Main.hardMode && Main.rand.Next(50) == 1)) && (!(((s.SpawnTileY >= (Main.maxTilesY * 0.3f) && s.SpawnTileY < (Main.maxTilesY * 0.4f)) || (s.SpawnTileY >= (Main.maxTilesY * 0.4f) && s.SpawnTileY < (Main.maxTilesY * 0.6f))) && Main.rand.Next(800) == 1)) && (!(Main.hardMode && ((s.SpawnTileY >= (Main.maxTilesY * 0.3f) && s.SpawnTileY < (Main.maxTilesY * 0.4f)) || (s.SpawnTileY >= (Main.maxTilesY * 0.4f) && s.SpawnTileY < (Main.maxTilesY * 0.6f))) && Main.rand.Next(30) == 1)) && (!(Main.bloodMoon && Main.rand.Next(120) == 1)),NPCs/Enemies/Hydra.cs,227
NPC Spawn Rule,Hydra,Hydra,Enemies,ModNPC,Legacy spawn logic (current override disabled),100,—,100000,50,30,No,No,No,CanSpawnLegacy,0f,Pre-Hardmode + Hardmode + SuperHardmode,Jungle,Any / condition-defined depth,Day and night / unspecified,—,Unspecified,(!((s.Player.townNPCs > 2f && !Main.bloodMoon) || Main.pumpkinMoon || Main.snowMoon || !s.Player.ZoneJungle || (s.SpawnTileY >= (Main.maxTilesY * 0.8f)) || (s.SpawnTileY < (Main.maxTilesY * 0.03f) || s.SpawnTileX < (Main.maxTilesX * 0.03f) || s.SpawnTileY > (Main.maxTilesY * 0.97f) || s.SpawnTileX > (Main.maxTilesX * 0.97f)))) && (!((s.SpawnTileY >= (Main.maxTilesY * 0.1f) && s.SpawnTileY < (Main.maxTilesY * 0.2f)) || (s.SpawnTileY >= (Main.maxTilesY * 0.2f) && s.SpawnTileY < (Main.maxTilesY * 0.3f)) || (s.SpawnTileY >= (Main.maxTilesY * 0.3f) && s.SpawnTileY < (Main.maxTilesY * 0.4f)) || (s.SpawnTileY >= (Main.maxTilesY * 0.4f) && s.SpawnTileY < (Main.maxTilesY * 0.6f)))),NPCs/Enemies/Hydra.cs,229
NPC Spawn Rule,HydrisElemental,Hydris Elemental,Enemies,ModNPC,Natural spawn rules,1,—,1600,50,42,No,No,No,SpawnChance,0f,Pre-Hardmode + Hardmode + SuperHardmode,General / Custom,Any / condition-defined depth,Day and night / unspecified,—,Required,(spawnInfo.Water),NPCs/Enemies/SuperHardMode/HydrisElemental.cs,56
NPC Spawn Rule,HydrisElemental,Hydris Elemental,Enemies,ModNPC,Natural spawn rules,1,—,1600,50,42,No,No,No,SpawnChance,1,SuperHardmode,Corruption + Crimson,Any / condition-defined depth,Day and night / unspecified,1/1500,Excluded,(!(spawnInfo.Water)) && (tsorcRevampWorld.SuperHardMode) && ((spawnInfo.Player.ZoneCorrupt || spawnInfo.Player.ZoneCrimson) && spawnInfo.Player.position.Y > Main.rockLayer && spawnInfo.Player.position.Y < Main.maxTilesY - 200 && !spawnInfo.Player.ZoneDungeon && Main.rand.NextBool(1500)),NPCs/Enemies/SuperHardMode/HydrisElemental.cs,62
NPC Spawn Rule,HydrisElemental,Hydris Elemental,Enemies,ModNPC,Natural spawn rules,1,—,1600,50,42,No,No,No,SpawnChance,0,SuperHardmode,General / Custom,Any / condition-defined depth,Day and night / unspecified,—,Excluded,(!(spawnInfo.Water)) && (tsorcRevampWorld.SuperHardMode) && (!((spawnInfo.Player.ZoneCorrupt || spawnInfo.Player.ZoneCrimson) && spawnInfo.Player.position.Y > Main.rockLayer && spawnInfo.Player.position.Y < Main.maxTilesY - 200 && !spawnInfo.Player.ZoneDungeon && Main.rand.NextBool(1500))),NPCs/Enemies/SuperHardMode/HydrisElemental.cs,64
NPC Spawn Rule,HydrisElemental,Hydris Elemental,Enemies,ModNPC,Natural spawn rules,1,—,1600,50,42,No,No,No,SpawnChance,0,Pre-Hardmode + Hardmode,General / Custom,Any / condition-defined depth,Day and night / unspecified,—,Excluded,(!(spawnInfo.Water)) && (!(tsorcRevampWorld.SuperHardMode)),NPCs/Enemies/SuperHardMode/HydrisElemental.cs,66
NPC Spawn Rule,HydrisNecromancer,Hydris Necromancer,Enemies,ModNPC,Natural spawn rules,5,—,3500,0,75,No,No,No,SpawnChance,1,SuperHardmode,Hallow,Underground or Caverns,Day and night / unspecified,1/20,Unspecified,(tsorcRevampWorld.SuperHardMode && (spawnInfo.Player.ZoneDirtLayerHeight || spawnInfo.Player.ZoneRockLayerHeight || (spawnInfo.SpawnTileY >= (Main.maxTilesY * 0.6f) && spawnInfo.SpawnTileY < (Main.maxTilesY * 0.8f)))) && (spawnInfo.Player.ZoneHallow && Main.rand.NextBool(20)),NPCs/Enemies/SuperHardMode/HydrisNecromancer.cs,69
NPC Spawn Rule,HydrisNecromancer,Hydris Necromancer,Enemies,ModNPC,Natural spawn rules,5,—,3500,0,75,No,No,No,SpawnChance,1,SuperHardmode,Glowing Mushroom,Underground or Caverns,Day and night / unspecified,1/20,Unspecified,(tsorcRevampWorld.SuperHardMode && (spawnInfo.Player.ZoneDirtLayerHeight || spawnInfo.Player.ZoneRockLayerHeight || (spawnInfo.SpawnTileY >= (Main.maxTilesY * 0.6f) && spawnInfo.SpawnTileY < (Main.maxTilesY * 0.8f)))) && (!(spawnInfo.Player.ZoneHallow && Main.rand.NextBool(20))) && (spawnInfo.Player.ZoneGlowshroom && Main.rand.NextBool(20)),NPCs/Enemies/SuperHardMode/HydrisNecromancer.cs,70
NPC Spawn Rule,HydrisNecromancer,Hydris Necromancer,Enemies,ModNPC,Natural spawn rules,5,—,3500,0,75,No,No,No,SpawnChance,1,SuperHardmode,Desert,Underground or Caverns,Day and night / unspecified,1/20,Unspecified,(tsorcRevampWorld.SuperHardMode && (spawnInfo.Player.ZoneDirtLayerHeight || spawnInfo.Player.ZoneRockLayerHeight || (spawnInfo.SpawnTileY >= (Main.maxTilesY * 0.6f) && spawnInfo.SpawnTileY < (Main.maxTilesY * 0.8f)))) && (!(spawnInfo.Player.ZoneHallow && Main.rand.NextBool(20))) && (!(spawnInfo.Player.ZoneGlowshroom && Main.rand.NextBool(20))) && (spawnInfo.Player.ZoneUndergroundDesert && Main.rand.NextBool(20)),NPCs/Enemies/SuperHardMode/HydrisNecromancer.cs,71
NPC Spawn Rule,HydrisNecromancer,Hydris Necromancer,Enemies,ModNPC,Natural spawn rules,5,—,3500,0,75,No,No,No,SpawnChance,1,SuperHardmode,Hallow,Underground or Caverns,Day and night / unspecified,1/6,Unspecified,(tsorcRevampWorld.SuperHardMode && (spawnInfo.Player.ZoneDirtLayerHeight || spawnInfo.Player.ZoneRockLayerHeight || (spawnInfo.SpawnTileY >= (Main.maxTilesY * 0.6f) && spawnInfo.SpawnTileY < (Main.maxTilesY * 0.8f)))) && (!(spawnInfo.Player.ZoneHallow && Main.rand.NextBool(20))) && (!(spawnInfo.Player.ZoneGlowshroom && Main.rand.NextBool(20))) && (!(spawnInfo.Player.ZoneUndergroundDesert && Main.rand.NextBool(20))) && (spawnInfo.Player.ZoneHallow && Main.bloodMoon && Main.rand.NextBool(6)),NPCs/Enemies/SuperHardMode/HydrisNecromancer.cs,72
NPC Spawn Rule,HydrisNecromancer,Hydris Necromancer,Enemies,ModNPC,Natural spawn rules,5,—,3500,0,75,No,No,No,SpawnChance,1,SuperHardmode,General / Custom,Underground or Caverns,Day and night / unspecified,1/20,Unspecified,(tsorcRevampWorld.SuperHardMode && (spawnInfo.Player.ZoneDirtLayerHeight || spawnInfo.Player.ZoneRockLayerHeight || (spawnInfo.SpawnTileY >= (Main.maxTilesY * 0.6f) && spawnInfo.SpawnTileY < (Main.maxTilesY * 0.8f)))) && (!(spawnInfo.Player.ZoneHallow && Main.rand.NextBool(20))) && (!(spawnInfo.Player.ZoneGlowshroom && Main.rand.NextBool(20))) && (!(spawnInfo.Player.ZoneUndergroundDesert && Main.rand.NextBool(20))) && (!(spawnInfo.Player.ZoneHallow && Main.bloodMoon && Main.rand.NextBool(6))) && ((spawnInfo.SpawnTileX < Main.maxTilesX * 0.35f || spawnInfo.SpawnTileX > Main.maxTilesX * 0.75f) && Main.rand.NextBool(20)),NPCs/Enemies/SuperHardMode/HydrisNecromancer.cs,73
NPC Spawn Rule,HydrisNecromancer,Hydris Necromancer,Enemies,ModNPC,Natural spawn rules,5,—,3500,0,75,No,No,No,SpawnChance,0,SuperHardmode,Catacombs,Underground or Caverns,Day and night / unspecified,1/20,Unspecified,(tsorcRevampWorld.SuperHardMode && (spawnInfo.Player.ZoneDirtLayerHeight || spawnInfo.Player.ZoneRockLayerHeight || (spawnInfo.SpawnTileY >= (Main.maxTilesY * 0.6f) && spawnInfo.SpawnTileY < (Main.maxTilesY * 0.8f)))) && (!(spawnInfo.Player.ZoneHallow && Main.rand.NextBool(20))) && (!(spawnInfo.Player.ZoneGlowshroom && Main.rand.NextBool(20))) && (!(spawnInfo.Player.ZoneUndergroundDesert && Main.rand.NextBool(20))) && (!(spawnInfo.Player.ZoneHallow && Main.bloodMoon && Main.rand.NextBool(6))) && (!((spawnInfo.SpawnTileX < Main.maxTilesX * 0.35f || spawnInfo.SpawnTileX > Main.maxTilesX * 0.75f) && Main.rand.NextBool(20))) && (spawnInfo.SpawnTileType == TileID.BoneBlock && spawnInfo.Player.ZoneDungeon && Main.rand.NextBool(20)),NPCs/Enemies/SuperHardMode/HydrisNecromancer.cs,75
NPC Spawn Rule,HydrisNecromancer,Hydris Necromancer,Enemies,ModNPC,Natural spawn rules,5,—,3500,0,75,No,No,No,SpawnChance,1,SuperHardmode,General / Custom,Any / condition-defined depth,Day and night / unspecified,1/60,Unspecified,(!(tsorcRevampWorld.SuperHardMode && (spawnInfo.Player.ZoneDirtLayerHeight || spawnInfo.Player.ZoneRockLayerHeight || (spawnInfo.SpawnTileY >= (Main.maxTilesY * 0.6f) && spawnInfo.SpawnTileY < (Main.maxTilesY * 0.8f))))) && (tsorcRevampWorld.SuperHardMode && (spawnInfo.SpawnTileY >= (Main.maxTilesY * 0.8f))) && (Main.rand.NextBool(60)),NPCs/Enemies/SuperHardMode/HydrisNecromancer.cs,80
NPC Spawn Rule,HydrisNecromancer,Hydris Necromancer,Enemies,ModNPC,Natural spawn rules,5,—,3500,0,75,No,No,No,SpawnChance,1,SuperHardmode,General / Custom,Any / condition-defined depth,Day and night / unspecified,1/30,Unspecified,(!(tsorcRevampWorld.SuperHardMode && (spawnInfo.Player.ZoneDirtLayerHeight || spawnInfo.Player.ZoneRockLayerHeight || (spawnInfo.SpawnTileY >= (Main.maxTilesY * 0.6f) && spawnInfo.SpawnTileY < (Main.maxTilesY * 0.8f))))) && (tsorcRevampWorld.SuperHardMode && (spawnInfo.SpawnTileY >= (Main.maxTilesY * 0.8f))) && (!(Main.rand.NextBool(60))) && ((spawnInfo.SpawnTileX < Main.maxTilesX * 0.35f || spawnInfo.SpawnTileX > Main.maxTilesX * 0.75f) && Main.rand.NextBool(30)),NPCs/Enemies/SuperHardMode/HydrisNecromancer.cs,81
NPC Spawn Rule,HydrisNecromancer,Hydris Necromancer,Enemies,ModNPC,Natural spawn rules,5,—,3500,0,75,No,No,No,SpawnChance,0,SuperHardmode,General / Custom,Any / condition-defined depth,Day and night / unspecified,—,Unspecified,(!(tsorcRevampWorld.SuperHardMode && (spawnInfo.Player.ZoneDirtLayerHeight || spawnInfo.Player.ZoneRockLayerHeight || (spawnInfo.SpawnTileY >= (Main.maxTilesY * 0.6f) && spawnInfo.SpawnTileY < (Main.maxTilesY * 0.8f))))) && (tsorcRevampWorld.SuperHardMode && (spawnInfo.SpawnTileY >= (Main.maxTilesY * 0.8f))) && (!(Main.rand.NextBool(60))) && (!((spawnInfo.SpawnTileX < Main.maxTilesX * 0.35f || spawnInfo.SpawnTileX > Main.maxTilesX * 0.75f) && Main.rand.NextBool(30))),NPCs/Enemies/SuperHardMode/HydrisNecromancer.cs,82
NPC Spawn Rule,HydrisNecromancer,Hydris Necromancer,Enemies,ModNPC,Natural spawn rules,5,—,3500,0,75,No,No,No,SpawnChance,0,SuperHardmode,Catacombs,Underground or Caverns,Day and night / unspecified,—,Unspecified,(tsorcRevampWorld.SuperHardMode && (spawnInfo.Player.ZoneDirtLayerHeight || spawnInfo.Player.ZoneRockLayerHeight || (spawnInfo.SpawnTileY >= (Main.maxTilesY * 0.6f) && spawnInfo.SpawnTileY < (Main.maxTilesY * 0.8f)))) && (!(spawnInfo.Player.ZoneHallow && Main.rand.NextBool(20))) && (!(spawnInfo.Player.ZoneGlowshroom && Main.rand.NextBool(20))) && (!(spawnInfo.Player.ZoneUndergroundDesert && Main.rand.NextBool(20))) && (!(spawnInfo.Player.ZoneHallow && Main.bloodMoon && Main.rand.NextBool(6))) && (!((spawnInfo.SpawnTileX < Main.maxTilesX * 0.35f || spawnInfo.SpawnTileX > Main.maxTilesX * 0.75f) && Main.rand.NextBool(20))) && (!(spawnInfo.SpawnTileType == TileID.BoneBlock && spawnInfo.Player.ZoneDungeon && Main.rand.NextBool(20))),NPCs/Enemies/SuperHardMode/HydrisNecromancer.cs,84
NPC Spawn Rule,HydrisNecromancer,Hydris Necromancer,Enemies,ModNPC,Natural spawn rules,5,—,3500,0,75,No,No,No,SpawnChance,0,Pre-Hardmode + Hardmode + SuperHardmode,General / Custom,Any / condition-defined depth,Day and night / unspecified,—,Unspecified,(!(tsorcRevampWorld.SuperHardMode && (spawnInfo.Player.ZoneDirtLayerHeight || spawnInfo.Player.ZoneRockLayerHeight || (spawnInfo.SpawnTileY >= (Main.maxTilesY * 0.6f) && spawnInfo.SpawnTileY < (Main.maxTilesY * 0.8f))))) && (!(tsorcRevampWorld.SuperHardMode && (spawnInfo.SpawnTileY >= (Main.maxTilesY * 0.8f)))),NPCs/Enemies/SuperHardMode/HydrisNecromancer.cs,84
NPC Spawn Rule,IceGigas,Ice Gigas,Enemies,ModNPC,Natural spawning disabled,100,—,22000,90,32,No,No,No,SpawnChance,0f,Pre-Hardmode + Hardmode + SuperHardmode,General / Custom,Any / condition-defined depth,Day and night / unspecified,—,Unspecified,Always,NPCs/Enemies/IceGigas.cs,224
NPC Spawn Rule,IceSkeleton,Adept of Seath,Enemies,ModNPC,Natural spawn rules,1,—,2200,70,78,No,No,No,SpawnChance,0.1f,SuperHardmode,Snow,Any / condition-defined depth,Day and night / unspecified,—,Unspecified,(tsorcRevampWorld.SuperHardMode && spawnInfo.Player.ZoneSnow),NPCs/Enemies/SuperHardMode/IceSkeleton.cs,67
NPC Spawn Rule,IceSkeleton,Adept of Seath,Enemies,ModNPC,Natural spawn rules,1,—,2200,70,78,No,No,No,SpawnChance,0.2f,SuperHardmode,General / Custom,Underground,Night,—,Unspecified,(!(tsorcRevampWorld.SuperHardMode && spawnInfo.Player.ZoneSnow)) && (tsorcRevampWorld.SuperHardMode && spawnInfo.SpawnTileX > Main.maxTilesX * 0.7f) && (spawnInfo.Player.ZoneDirtLayerHeight) && (!Main.dayTime),NPCs/Enemies/SuperHardMode/IceSkeleton.cs,73
NPC Spawn Rule,IceSkeleton,Adept of Seath,Enemies,ModNPC,Natural spawn rules,1,—,2200,70,78,No,No,No,SpawnChance,0.067f,SuperHardmode,General / Custom,Underground,Day,—,Unspecified,(!(tsorcRevampWorld.SuperHardMode && spawnInfo.Player.ZoneSnow)) && (tsorcRevampWorld.SuperHardMode && spawnInfo.SpawnTileX > Main.maxTilesX * 0.7f) && (spawnInfo.Player.ZoneDirtLayerHeight) && (!(!Main.dayTime)),NPCs/Enemies/SuperHardMode/IceSkeleton.cs,74
NPC Spawn Rule,IceSkeleton,Adept of Seath,Enemies,ModNPC,Natural spawn rules,1,—,2200,70,78,No,No,No,SpawnChance,0.2f,SuperHardmode,General / Custom,Caverns,Day and night / unspecified,—,Unspecified,(!(tsorcRevampWorld.SuperHardMode && spawnInfo.Player.ZoneSnow)) && (tsorcRevampWorld.SuperHardMode && spawnInfo.SpawnTileX > Main.maxTilesX * 0.7f) && (!(spawnInfo.Player.ZoneDirtLayerHeight)) && (spawnInfo.Player.ZoneRockLayerHeight),NPCs/Enemies/SuperHardMode/IceSkeleton.cs,76
NPC Spawn Rule,IceSkeleton,Adept of Seath,Enemies,ModNPC,Natural spawn rules,1,—,2200,70,78,No,No,No,SpawnChance,0f,SuperHardmode,General / Custom,Any / condition-defined depth,Day and night / unspecified,—,Unspecified,(!(tsorcRevampWorld.SuperHardMode && spawnInfo.Player.ZoneSnow)) && (tsorcRevampWorld.SuperHardMode && spawnInfo.SpawnTileX > Main.maxTilesX * 0.7f) && (!(spawnInfo.Player.ZoneDirtLayerHeight)) && (!(spawnInfo.Player.ZoneRockLayerHeight)),NPCs/Enemies/SuperHardMode/IceSkeleton.cs,78
NPC Spawn Rule,IceSkeleton,Adept of Seath,Enemies,ModNPC,Natural spawn rules,1,—,2200,70,78,No,No,No,SpawnChance,0f,Pre-Hardmode + Hardmode + SuperHardmode,General / Custom,Any / condition-defined depth,Day and night / unspecified,—,Unspecified,(!(tsorcRevampWorld.SuperHardMode && spawnInfo.Player.ZoneSnow)) && (!(tsorcRevampWorld.SuperHardMode && spawnInfo.SpawnTileX > Main.maxTilesX * 0.7f)),NPCs/Enemies/SuperHardMode/IceSkeleton.cs,78
NPC Spawn Rule,JungleSentree,Jungle Sentree,Enemies,ModNPC,Natural spawn rules,1,—,650,50,35,No,No,No,SpawnChance,0.6f,Pre-Hardmode + Hardmode + SuperHardmode,Jungle,Any / condition-defined depth,Day and night / unspecified,—,Unspecified,"(spawnInfo.Player.ZoneJungle && NPC.CountNPCS(ModContent.NPCType<JungleSentree>()) < 2 && TileID.Sets.Conversion.JungleGrass[spawnInfo.SpawnTileType] && (Main.tile[spawnInfo.SpawnTileX, spawnInfo.SpawnTileY].WallType == WallID.None || Main.tile[spawnInfo.SpawnTileX, spawnInfo.SpawnTileY].WallType == WallID.MudUnsafe) && Main.tile[spawnInfo.SpawnTileX - 1, spawnInfo.SpawnTileY].TileType == TileID.JungleGrass && !Main.tile[spawnInfo.SpawnTileX - 1, spawnInfo.SpawnTileY].IsHalfBlock && !Main.tile[spawnInfo.SpawnTileX - 1, spawnInfo.SpawnTileY].LeftSlope && Main.tile[spawnInfo.SpawnTileX + 1, spawnInfo.SpawnTileY].TileType == TileID.JungleGrass && !Main.tile[spawnInfo.SpawnTileX + 1, spawnInfo.SpawnTileY].IsHalfBlock && !Main.tile[spawnInfo.SpawnTileX + 1, spawnInfo.SpawnTileY].RightSlope && Main.tile[spawnInfo.SpawnTileX - 1, spawnInfo.SpawnTileY - 1].TileType != TileID.JungleGrass && Main.tile[spawnInfo.SpawnTileX - 1, spawnInfo.SpawnTileY - 1].TileType != TileID.Mud && !Main.tile[spawnInfo.SpawnTileX - 1, spawnInfo.SpawnTileY - 1].IsHalfBlock && !Main.tile[spawnInfo.SpawnTileX - 1, spawnInfo.SpawnTileY - 1].RightSlope && Main.tile[spawnInfo.SpawnTileX + 1, spawnInfo.SpawnTileY - 1].TileType != TileID.JungleGrass && Main.tile[spawnInfo.SpawnTileX + 1, spawnInfo.SpawnTileY - 1].TileType != TileID.Mud && !Main.tile[spawnInfo.SpawnTileX + 1, spawnInfo.SpawnTileY - 1].IsHalfBlock && !Main.tile[spawnInfo.SpawnTileX + 1, spawnInfo.SpawnTileY - 1].LeftSlope && Main.tile[spawnInfo.SpawnTileX, spawnInfo.SpawnTileY - 8].TileType != TileID.JungleGrass && Main.tile[spawnInfo.SpawnTileX, spawnInfo.SpawnTileY - 8].TileType != TileID.Mud)",NPCs/Enemies/JungleSentree.cs,72
NPC Spawn Rule,JungleSentree,Jungle Sentree,Enemies,ModNPC,Natural spawn rules,1,—,650,50,35,No,No,No,SpawnChance,0,Pre-Hardmode + Hardmode + SuperHardmode,General / Custom,Any / condition-defined depth,Day and night / unspecified,—,Unspecified,"(!(spawnInfo.Player.ZoneJungle && NPC.CountNPCS(ModContent.NPCType<JungleSentree>()) < 2 && TileID.Sets.Conversion.JungleGrass[spawnInfo.SpawnTileType] && (Main.tile[spawnInfo.SpawnTileX, spawnInfo.SpawnTileY].WallType == WallID.None || Main.tile[spawnInfo.SpawnTileX, spawnInfo.SpawnTileY].WallType == WallID.MudUnsafe) && Main.tile[spawnInfo.SpawnTileX - 1, spawnInfo.SpawnTileY].TileType == TileID.JungleGrass && !Main.tile[spawnInfo.SpawnTileX - 1, spawnInfo.SpawnTileY].IsHalfBlock && !Main.tile[spawnInfo.SpawnTileX - 1, spawnInfo.SpawnTileY].LeftSlope && Main.tile[spawnInfo.SpawnTileX + 1, spawnInfo.SpawnTileY].TileType == TileID.JungleGrass && !Main.tile[spawnInfo.SpawnTileX + 1, spawnInfo.SpawnTileY].IsHalfBlock && !Main.tile[spawnInfo.SpawnTileX + 1, spawnInfo.SpawnTileY].RightSlope && Main.tile[spawnInfo.SpawnTileX - 1, spawnInfo.SpawnTileY - 1].TileType != TileID.JungleGrass && Main.tile[spawnInfo.SpawnTileX - 1, spawnInfo.SpawnTileY - 1].TileType != TileID.Mud && !Main.tile[spawnInfo.SpawnTileX - 1, spawnInfo.SpawnTileY - 1].IsHalfBlock && !Main.tile[spawnInfo.SpawnTileX - 1, spawnInfo.SpawnTileY - 1].RightSlope && Main.tile[spawnInfo.SpawnTileX + 1, spawnInfo.SpawnTileY - 1].TileType != TileID.JungleGrass && Main.tile[spawnInfo.SpawnTileX + 1, spawnInfo.SpawnTileY - 1].TileType != TileID.Mud && !Main.tile[spawnInfo.SpawnTileX + 1, spawnInfo.SpawnTileY - 1].IsHalfBlock && !Main.tile[spawnInfo.SpawnTileX + 1, spawnInfo.SpawnTileY - 1].LeftSlope && Main.tile[spawnInfo.SpawnTileX, spawnInfo.SpawnTileY - 8].TileType != TileID.JungleGrass && Main.tile[spawnInfo.SpawnTileX, spawnInfo.SpawnTileY - 8].TileType != TileID.Mud))",NPCs/Enemies/JungleSentree.cs,74
NPC,JungleWyvernBody,Ancient Jungle Wyvern,Bosses,ModNPC,No natural spawn method,1,—,91000000,65,24,Yes,No,No,None,—,—,—,—,—,—,—,—,NPCs/Bosses/JungleWyvern/JungleWyvernBody.cs,11
NPC,JungleWyvernBody2,Ancient Jungle Wyvern,Bosses,ModNPC,No natural spawn method,1,—,91000000,35,20,Yes,No,No,None,—,—,—,—,—,—,—,—,NPCs/Bosses/JungleWyvern/JungleWyvernBody2.cs,11
NPC,JungleWyvernBody3,Ancient Jungle Wyvern,Bosses,ModNPC,No natural spawn method,1,—,91000000,35,2,Yes,No,No,None,—,—,—,—,—,—,—,—,NPCs/Bosses/JungleWyvern/JungleWyvernBody3.cs,11
NPC,JungleWyvernHead,Ancient Jungle Wyvern,Bosses,ModNPC,No natural spawn method,1,—,22000,85,32,Yes,No,No,None,—,—,—,—,—,—,—,—,NPCs/Bosses/JungleWyvern/JungleWyvernHead.cs,16
NPC,JungleWyvernJuvenileBody,Jungle Wyvern Juvenile,Enemies,ModNPC,No natural spawn method,1,—,60000000,30,8,No,No,No,None,—,—,—,—,—,—,—,—,NPCs/Enemies/JungleWyvernJuvenile/JungleWyvernJuvenileBody.cs,10
NPC,JungleWyvernJuvenileBody2,Jungle Wyvern Juvenile,Enemies,ModNPC,No natural spawn method,1,—,60000000,30,8,No,No,No,None,—,—,—,—,—,—,—,—,NPCs/Enemies/JungleWyvernJuvenile/JungleWyvernJuvenileBody2.cs,10
NPC,JungleWyvernJuvenileBody3,Jungle Wyvern Juvenile,Enemies,ModNPC,No natural spawn method,1,—,60000000,30,10,No,No,No,None,—,—,—,—,—,—,—,—,NPCs/Enemies/JungleWyvernJuvenile/JungleWyvernJuvenileBody3.cs,10
NPC Spawn Rule,JungleWyvernJuvenileHead,Jungle Wyvern Juvenile,Enemies,ModNPC,Natural spawn rules,2,—,3000,100,45,No,No,No,SpawnChance,0.04f,Hardmode + SuperHardmode,Jungle + Dungeon,Any / condition-defined depth,Day and night / unspecified,—,Required,(NPC.downedBoss3 && spawnInfo.Player.ZoneJungle && spawnInfo.Player.ZoneDungeon && NPC.CountNPCS(ModContent.NPCType<JungleWyvernJuvenile.JungleWyvernJuvenileHead>()) < 1 && NPC.CountNPCS(ModContent.NPCType<NPCs.Enemies.AttraidiesManifestation>()) < 1 && NPC.CountNPCS(ModContent.NPCType<NPCs.Enemies.AttraidiesIllusion>()) < 1 && NPC.CountNPCS(ModContent.NPCType<NPCs.Enemies.DungeonMage>()) < 1) && (Main.hardMode && NPC.CountNPCS(ModContent.NPCType<JungleWyvernJuvenile.JungleWyvernJuvenileHead>()) < 2 && spawnInfo.Water && spawnInfo.SpawnTileX < 800),NPCs/Enemies/JungleWyvernJuvenile/JungleWyvernJuvenileHead.cs,82
NPC Spawn Rule,JungleWyvernJuvenileHead,Jungle Wyvern Juvenile,Enemies,ModNPC,Natural spawn rules,2,—,3000,100,45,No,No,No,SpawnChance,0.05f,Pre-Hardmode + Hardmode + SuperHardmode,Jungle + Dungeon,Any / condition-defined depth,Day and night / unspecified,—,Unspecified,(NPC.downedBoss3 && spawnInfo.Player.ZoneJungle && spawnInfo.Player.ZoneDungeon && NPC.CountNPCS(ModContent.NPCType<JungleWyvernJuvenile.JungleWyvernJuvenileHead>()) < 1 && NPC.CountNPCS(ModContent.NPCType<NPCs.Enemies.AttraidiesManifestation>()) < 1 && NPC.CountNPCS(ModContent.NPCType<NPCs.Enemies.AttraidiesIllusion>()) < 1 && NPC.CountNPCS(ModContent.NPCType<NPCs.Enemies.DungeonMage>()) < 1) && (!(Main.hardMode && NPC.CountNPCS(ModContent.NPCType<JungleWyvernJuvenile.JungleWyvernJuvenileHead>()) < 2 && spawnInfo.Water && spawnInfo.SpawnTileX < 800)),NPCs/Enemies/JungleWyvernJuvenile/JungleWyvernJuvenileHead.cs,82
NPC Spawn Rule,JungleWyvernJuvenileHead,Jungle Wyvern Juvenile,Enemies,ModNPC,Natural spawn rules,2,—,3000,100,45,No,No,No,SpawnChance,0.04f,Hardmode + SuperHardmode,General / Custom,Any / condition-defined depth,Day and night / unspecified,—,Required,(!(NPC.downedBoss3 && spawnInfo.Player.ZoneJungle && spawnInfo.Player.ZoneDungeon && NPC.CountNPCS(ModContent.NPCType<JungleWyvernJuvenile.JungleWyvernJuvenileHead>()) < 1 && NPC.CountNPCS(ModContent.NPCType<NPCs.Enemies.AttraidiesManifestation>()) < 1 && NPC.CountNPCS(ModContent.NPCType<NPCs.Enemies.AttraidiesIllusion>()) < 1 && NPC.CountNPCS(ModContent.NPCType<NPCs.Enemies.DungeonMage>()) < 1)) && (Main.hardMode && NPC.CountNPCS(ModContent.NPCType<JungleWyvernJuvenile.JungleWyvernJuvenileHead>()) < 2 && spawnInfo.Water && spawnInfo.SpawnTileX < 800),NPCs/Enemies/JungleWyvernJuvenile/JungleWyvernJuvenileHead.cs,82
NPC Spawn Rule,JungleWyvernJuvenileHead,Jungle Wyvern Juvenile,Enemies,ModNPC,Natural spawn rules,2,—,3000,100,45,No,No,No,SpawnChance,0f,Pre-Hardmode + Hardmode + SuperHardmode,General / Custom,Any / condition-defined depth,Day and night / unspecified,—,Unspecified,(!(NPC.downedBoss3 && spawnInfo.Player.ZoneJungle && spawnInfo.Player.ZoneDungeon && NPC.CountNPCS(ModContent.NPCType<JungleWyvernJuvenile.JungleWyvernJuvenileHead>()) < 1 && NPC.CountNPCS(ModContent.NPCType<NPCs.Enemies.AttraidiesManifestation>()) < 1 && NPC.CountNPCS(ModContent.NPCType<NPCs.Enemies.AttraidiesIllusion>()) < 1 && NPC.CountNPCS(ModContent.NPCType<NPCs.Enemies.DungeonMage>()) < 1)) && (!(Main.hardMode && NPC.CountNPCS(ModContent.NPCType<JungleWyvernJuvenile.JungleWyvernJuvenileHead>()) < 2 && spawnInfo.Water && spawnInfo.SpawnTileX < 800)),NPCs/Enemies/JungleWyvernJuvenile/JungleWyvernJuvenileHead.cs,82
NPC,JungleWyvernJuvenileLegs,Jungle Wyvern Juvenile,Enemies,ModNPC,No natural spawn method,1,—,60000000,38,10,No,No,No,None,—,—,—,—,—,—,—,—,NPCs/Enemies/JungleWyvernJuvenile/JungleWyvernJuvenileLegs.cs,10
NPC,JungleWyvernJuvenileTail,Jungle Wyvern Juvenile,Enemies,ModNPC,No natural spawn method,1,—,60000000,15,0,No,No,No,None,—,—,—,—,—,—,—,—,NPCs/Enemies/JungleWyvernJuvenile/JungleWyvernJuvenileTail.cs,10
NPC,JungleWyvernLegs,Ancient Jungle Wyvern,Bosses,ModNPC,No natural spawn method,1,—,91000000,65,7,Yes,No,No,None,—,—,—,—,—,—,—,—,NPCs/Bosses/JungleWyvern/JungleWyvernLegs.cs,10
NPC,JungleWyvernTail,Ancient Jungle Wyvern,Bosses,ModNPC,No natural spawn method,1,—,91000000,35,0,Yes,No,No,None,—,—,—,—,—,—,—,—,NPCs/Bosses/JungleWyvern/JungleWyvernTail.cs,10
NPC,KnightOfGwyn,Knight of Gwyn,Enemies,ModNPC,No natural spawn method,1,—,25000,55,75,No,No,No,None,—,—,—,—,—,—,—,—,NPCs/Enemies/SuperHardMode/KnightOfGwyn.cs,12
NPC,LeonhardPhase1,???,Special,ModNPC,No natural spawn method,200,—,2500,12,8,Yes,No,No,None,—,—,—,—,—,—,—,—,NPCs/Special/LeonhardPhase1.cs,14
NPC,LeonhardPhase2,Leonhard Phase2,Special,ModNPC,No natural spawn method,1,—,4000,25,10,Yes,No,No,None,—,—,—,—,—,—,—,—,NPCs/Special/LeonhardPhase2.cs,11
NPC,LichKingDisciple,Lich King Disciple,Bosses,ModNPC,No natural spawn method,1,—,50000,0,52,Yes,No,No,None,—,—,—,—,—,—,—,—,NPCs/Bosses/SuperHardMode/Fiends/LichKingDisciple.cs,11
NPC,LichKingSerpentBody,Lich King Serpent,Bosses,ModNPC,No natural spawn method,1,—,60000000,100,40,No,No,No,None,—,—,—,—,—,—,—,—,NPCs/Bosses/SuperHardMode/Fiends/LichKingSerpentBody.cs,8
NPC,LichKingSerpentHead,Lich King Serpent,Bosses,ModNPC,No natural spawn method,3,—,250000,140,32,Yes,No,No,None,—,—,—,—,—,—,—,—,NPCs/Bosses/SuperHardMode/Fiends/LichKingSerpentHead.cs,9
NPC,LichKingSerpentTail,Lich King Serpent,Bosses,ModNPC,No natural spawn method,1,—,60000000,80,52,No,No,No,None,—,—,—,—,—,—,—,—,NPCs/Bosses/SuperHardMode/Fiends/LichKingSerpentTail.cs,8
NPC Spawn Rule,LivingShroomThief,Living Shroom Thief,Enemies,ModNPC,Natural spawn rules,1,—,16,0,6,No,No,No,SpawnChance,0.17f,Pre-Hardmode + Hardmode + SuperHardmode,General / Custom,Any / condition-defined depth,Day,—,Excluded,"(Main.dayTime && NPC.CountNPCS(ModContent.NPCType<LivingShroomThief>()) < 1 && TileID.Sets.Conversion.Grass[spawnInfo.SpawnTileType] && !spawnInfo.Water && (Main.tile[spawnInfo.SpawnTileX, spawnInfo.SpawnTileY - 5].WallType == WallID.None || Main.tile[spawnInfo.SpawnTileX, spawnInfo.SpawnTileY - 8].WallType == WallID.None || Main.tile[spawnInfo.SpawnTileX, spawnInfo.SpawnTileY - 12].WallType == WallID.None) && !(spawnInfo.Player.ZoneCorrupt || spawnInfo.Player.ZoneCrimson || spawnInfo.Player.ZoneDesert || spawnInfo.Player.ZoneJungle || spawnInfo.Player.ZoneMeteor))",NPCs/Enemies/LivingShroomThief.cs,41
NPC Spawn Rule,LivingShroomThief,Living Shroom Thief,Enemies,ModNPC,Natural spawn rules,1,—,16,0,6,No,No,No,SpawnChance,0,Pre-Hardmode + Hardmode + SuperHardmode,General / Custom,Any / condition-defined depth,Day and night / unspecified,—,Unspecified,"(!(Main.dayTime && NPC.CountNPCS(ModContent.NPCType<LivingShroomThief>()) < 1 && TileID.Sets.Conversion.Grass[spawnInfo.SpawnTileType] && !spawnInfo.Water && (Main.tile[spawnInfo.SpawnTileX, spawnInfo.SpawnTileY - 5].WallType == WallID.None || Main.tile[spawnInfo.SpawnTileX, spawnInfo.SpawnTileY - 8].WallType == WallID.None || Main.tile[spawnInfo.SpawnTileX, spawnInfo.SpawnTileY - 12].WallType == WallID.None) && !(spawnInfo.Player.ZoneCorrupt || spawnInfo.Player.ZoneCrimson || spawnInfo.Player.ZoneDesert || spawnInfo.Player.ZoneJungle || spawnInfo.Player.ZoneMeteor)))",NPCs/Enemies/LivingShroomThief.cs,43
NPC Spawn Rule,LothricBlackKnight,Lothric Black Knight,Enemies,ModNPC,Natural spawn rules,5,—,5000,65,95,No,No,No,SpawnChance,0f,Pre-Hardmode + Hardmode + SuperHardmode,General / Custom,Any / condition-defined depth,Day and night / unspecified,—,Required,(spawnInfo.Water),NPCs/Enemies/LothricBlackKnight.cs,628
NPC Spawn Rule,LothricBlackKnight,Lothric Black Knight,Enemies,ModNPC,Natural spawn rules,5,—,5000,65,95,No,No,No,SpawnChance,0f,Pre-Hardmode + Hardmode + SuperHardmode,Glowing Mushroom,Any / condition-defined depth,Day and night / unspecified,—,Excluded,(!(spawnInfo.Water)) && (spawnInfo.Player.ZoneGlowshroom),NPCs/Enemies/LothricBlackKnight.cs,629
NPC Spawn Rule,LothricBlackKnight,Lothric Black Knight,Enemies,ModNPC,Natural spawn rules,5,—,5000,65,95,No,No,No,SpawnChance,0.002f,SuperHardmode,General / Custom,Any / condition-defined depth,Day and night / unspecified,—,Excluded,(!(spawnInfo.Water)) && (!(spawnInfo.Player.ZoneGlowshroom)) && (tsorcRevampWorld.SuperHardMode && !(spawnInfo.Player.ZoneJungle || spawnInfo.Player.ZoneHallow || spawnInfo.Player.ZoneCorrupt || spawnInfo.Player.ZoneCrimson || spawnInfo.Player.ZoneSnow || spawnInfo.Player.ZoneBeach || spawnInfo.Player.ZoneSkyHeight || spawnInfo.Player.ZoneUnderworldHeight)),NPCs/Enemies/LothricBlackKnight.cs,631
NPC Spawn Rule,LothricBlackKnight,Lothric Black Knight,Enemies,ModNPC,Natural spawn rules,5,—,5000,65,95,No,No,No,SpawnChance,0.001f,Pre-Hardmode + Hardmode + SuperHardmode,Dungeon,Any / condition-defined depth,Day and night / unspecified,—,Excluded,(!(spawnInfo.Water)) && (!(spawnInfo.Player.ZoneGlowshroom)) && (!(tsorcRevampWorld.SuperHardMode && !(spawnInfo.Player.ZoneJungle || spawnInfo.Player.ZoneHallow || spawnInfo.Player.ZoneCorrupt || spawnInfo.Player.ZoneCrimson || spawnInfo.Player.ZoneSnow || spawnInfo.Player.ZoneBeach || spawnInfo.Player.ZoneSkyHeight || spawnInfo.Player.ZoneUnderworldHeight))) && (spawnInfo.Player.ZoneDungeon),NPCs/Enemies/LothricBlackKnight.cs,633
NPC Spawn Rule,LothricBlackKnight,Lothric Black Knight,Enemies,ModNPC,Natural spawn rules,5,—,5000,65,95,No,No,No,SpawnChance,0.005f,Hardmode + SuperHardmode,Dungeon,Any / condition-defined depth,Day and night / unspecified,—,Excluded,(!(spawnInfo.Water)) && (!(spawnInfo.Player.ZoneGlowshroom)) && (!(tsorcRevampWorld.SuperHardMode && !(spawnInfo.Player.ZoneJungle || spawnInfo.Player.ZoneHallow || spawnInfo.Player.ZoneCorrupt || spawnInfo.Player.ZoneCrimson || spawnInfo.Player.ZoneSnow || spawnInfo.Player.ZoneBeach || spawnInfo.Player.ZoneSkyHeight || spawnInfo.Player.ZoneUnderworldHeight))) && (!(spawnInfo.Player.ZoneDungeon)) && (Main.hardMode && spawnInfo.Player.ZoneDungeon),NPCs/Enemies/LothricBlackKnight.cs,635
NPC Spawn Rule,LothricBlackKnight,Lothric Black Knight,Enemies,ModNPC,Natural spawn rules,5,—,5000,65,95,No,No,No,SpawnChance,0.00003f,Pre-Hardmode + Hardmode + SuperHardmode,General / Custom,Any / condition-defined depth,Day and night / unspecified,—,Excluded,(!(spawnInfo.Water)) && (!(spawnInfo.Player.ZoneGlowshroom)) && (!(tsorcRevampWorld.SuperHardMode && !(spawnInfo.Player.ZoneJungle || spawnInfo.Player.ZoneHallow || spawnInfo.Player.ZoneCorrupt || spawnInfo.Player.ZoneCrimson || spawnInfo.Player.ZoneSnow || spawnInfo.Player.ZoneBeach || spawnInfo.Player.ZoneSkyHeight || spawnInfo.Player.ZoneUnderworldHeight))) && (!(spawnInfo.Player.ZoneDungeon)) && (!(Main.hardMode && spawnInfo.Player.ZoneDungeon)) && (NPC.downedBoss3 && !(spawnInfo.Player.ZoneJungle || spawnInfo.Player.ZoneHallow || spawnInfo.Player.ZoneCorrupt || spawnInfo.Player.ZoneCrimson || spawnInfo.Player.ZoneSnow || spawnInfo.Player.ZoneBeach || spawnInfo.Player.ZoneSkyHeight || spawnInfo.Player.ZoneUnderworldHeight)),NPCs/Enemies/LothricBlackKnight.cs,637
NPC Spawn Rule,LothricBlackKnight,Lothric Black Knight,Enemies,ModNPC,Natural spawn rules,5,—,5000,65,95,No,No,No,SpawnChance,0,Pre-Hardmode + Hardmode + SuperHardmode,General / Custom,Any / condition-defined depth,Day and night / unspecified,—,Excluded,(!(spawnInfo.Water)) && (!(spawnInfo.Player.ZoneGlowshroom)) && (!(tsorcRevampWorld.SuperHardMode && !(spawnInfo.Player.ZoneJungle || spawnInfo.Player.ZoneHallow || spawnInfo.Player.ZoneCorrupt || spawnInfo.Player.ZoneCrimson || spawnInfo.Player.ZoneSnow || spawnInfo.Player.ZoneBeach || spawnInfo.Player.ZoneSkyHeight || spawnInfo.Player.ZoneUnderworldHeight))) && (!(spawnInfo.Player.ZoneDungeon)) && (!(Main.hardMode && spawnInfo.Player.ZoneDungeon)) && (!(NPC.downedBoss3 && !(spawnInfo.Player.ZoneJungle || spawnInfo.Player.ZoneHallow || spawnInfo.Player.ZoneCorrupt || spawnInfo.Player.ZoneCrimson || spawnInfo.Player.ZoneSnow || spawnInfo.Player.ZoneBeach || spawnInfo.Player.ZoneSkyHeight || spawnInfo.Player.ZoneUnderworldHeight))),NPCs/Enemies/LothricBlackKnight.cs,639
NPC Spawn Rule,LothricBlackKnightOriginal,Old Lothric Black Knight,Enemies,ModNPC,Natural spawn rules,5,—,5000,65,95,No,No,No,SpawnChance,0f,Pre-Hardmode + Hardmode + SuperHardmode,General / Custom,Any / condition-defined depth,Day and night / unspecified,—,Required,(spawnInfo.Water),NPCs/Enemies/LothricBlackKnightOriginal.cs,992
NPC Spawn Rule,LothricBlackKnightOriginal,Old Lothric Black Knight,Enemies,ModNPC,Natural spawn rules,5,—,5000,65,95,No,No,No,SpawnChance,0f,Pre-Hardmode + Hardmode + SuperHardmode,Glowing Mushroom,Any / condition-defined depth,Day and night / unspecified,—,Excluded,(!(spawnInfo.Water)) && (spawnInfo.Player.ZoneGlowshroom),NPCs/Enemies/LothricBlackKnightOriginal.cs,993
NPC Spawn Rule,LothricBlackKnightOriginal,Old Lothric Black Knight,Enemies,ModNPC,Natural spawn rules,5,—,5000,65,95,No,No,No,SpawnChance,0.002f,SuperHardmode,General / Custom,Any / condition-defined depth,Day and night / unspecified,—,Excluded,(!(spawnInfo.Water)) && (!(spawnInfo.Player.ZoneGlowshroom)) && (tsorcRevampWorld.SuperHardMode && !(spawnInfo.Player.ZoneJungle || spawnInfo.Player.ZoneHallow || spawnInfo.Player.ZoneCorrupt || spawnInfo.Player.ZoneCrimson || spawnInfo.Player.ZoneSnow || spawnInfo.Player.ZoneBeach || spawnInfo.Player.ZoneSkyHeight || spawnInfo.Player.ZoneUnderworldHeight)),NPCs/Enemies/LothricBlackKnightOriginal.cs,995
NPC Spawn Rule,LothricBlackKnightOriginal,Old Lothric Black Knight,Enemies,ModNPC,Natural spawn rules,5,—,5000,65,95,No,No,No,SpawnChance,0.001f,Pre-Hardmode + Hardmode + SuperHardmode,Dungeon,Any / condition-defined depth,Day and night / unspecified,—,Excluded,(!(spawnInfo.Water)) && (!(spawnInfo.Player.ZoneGlowshroom)) && (!(tsorcRevampWorld.SuperHardMode && !(spawnInfo.Player.ZoneJungle || spawnInfo.Player.ZoneHallow || spawnInfo.Player.ZoneCorrupt || spawnInfo.Player.ZoneCrimson || spawnInfo.Player.ZoneSnow || spawnInfo.Player.ZoneBeach || spawnInfo.Player.ZoneSkyHeight || spawnInfo.Player.ZoneUnderworldHeight))) && (spawnInfo.Player.ZoneDungeon),NPCs/Enemies/LothricBlackKnightOriginal.cs,997
NPC Spawn Rule,LothricBlackKnightOriginal,Old Lothric Black Knight,Enemies,ModNPC,Natural spawn rules,5,—,5000,65,95,No,No,No,SpawnChance,0.005f,Hardmode + SuperHardmode,Dungeon,Any / condition-defined depth,Day and night / unspecified,—,Excluded,(!(spawnInfo.Water)) && (!(spawnInfo.Player.ZoneGlowshroom)) && (!(tsorcRevampWorld.SuperHardMode && !(spawnInfo.Player.ZoneJungle || spawnInfo.Player.ZoneHallow || spawnInfo.Player.ZoneCorrupt || spawnInfo.Player.ZoneCrimson || spawnInfo.Player.ZoneSnow || spawnInfo.Player.ZoneBeach || spawnInfo.Player.ZoneSkyHeight || spawnInfo.Player.ZoneUnderworldHeight))) && (!(spawnInfo.Player.ZoneDungeon)) && (Main.hardMode && spawnInfo.Player.ZoneDungeon),NPCs/Enemies/LothricBlackKnightOriginal.cs,999
NPC Spawn Rule,LothricBlackKnightOriginal,Old Lothric Black Knight,Enemies,ModNPC,Natural spawn rules,5,—,5000,65,95,No,No,No,SpawnChance,0.00003f,Pre-Hardmode + Hardmode + SuperHardmode,General / Custom,Any / condition-defined depth,Day and night / unspecified,—,Excluded,(!(spawnInfo.Water)) && (!(spawnInfo.Player.ZoneGlowshroom)) && (!(tsorcRevampWorld.SuperHardMode && !(spawnInfo.Player.ZoneJungle || spawnInfo.Player.ZoneHallow || spawnInfo.Player.ZoneCorrupt || spawnInfo.Player.ZoneCrimson || spawnInfo.Player.ZoneSnow || spawnInfo.Player.ZoneBeach || spawnInfo.Player.ZoneSkyHeight || spawnInfo.Player.ZoneUnderworldHeight))) && (!(spawnInfo.Player.ZoneDungeon)) && (!(Main.hardMode && spawnInfo.Player.ZoneDungeon)) && (NPC.downedBoss3 && !(spawnInfo.Player.ZoneJungle || spawnInfo.Player.ZoneHallow || spawnInfo.Player.ZoneCorrupt || spawnInfo.Player.ZoneCrimson || spawnInfo.Player.ZoneSnow || spawnInfo.Player.ZoneBeach || spawnInfo.Player.ZoneSkyHeight || spawnInfo.Player.ZoneUnderworldHeight)),NPCs/Enemies/LothricBlackKnightOriginal.cs,1001
NPC Spawn Rule,LothricBlackKnightOriginal,Old Lothric Black Knight,Enemies,ModNPC,Natural spawn rules,5,—,5000,65,95,No,No,No,SpawnChance,0,Pre-Hardmode + Hardmode + SuperHardmode,General / Custom,Any / condition-defined depth,Day and night / unspecified,—,Excluded,(!(spawnInfo.Water)) && (!(spawnInfo.Player.ZoneGlowshroom)) && (!(tsorcRevampWorld.SuperHardMode && !(spawnInfo.Player.ZoneJungle || spawnInfo.Player.ZoneHallow || spawnInfo.Player.ZoneCorrupt || spawnInfo.Player.ZoneCrimson || spawnInfo.Player.ZoneSnow || spawnInfo.Player.ZoneBeach || spawnInfo.Player.ZoneSkyHeight || spawnInfo.Player.ZoneUnderworldHeight))) && (!(spawnInfo.Player.ZoneDungeon)) && (!(Main.hardMode && spawnInfo.Player.ZoneDungeon)) && (!(NPC.downedBoss3 && !(spawnInfo.Player.ZoneJungle || spawnInfo.Player.ZoneHallow || spawnInfo.Player.ZoneCorrupt || spawnInfo.Player.ZoneCrimson || spawnInfo.Player.ZoneSnow || spawnInfo.Player.ZoneBeach || spawnInfo.Player.ZoneSkyHeight || spawnInfo.Player.ZoneUnderworldHeight))),NPCs/Enemies/LothricBlackKnightOriginal.cs,1003
NPC Spawn Rule,LothricKnight,Lothric Knight,Enemies,ModNPC,Natural spawn rules,5,—,2500,80,60,No,No,No,SpawnChance,0f,Pre-Hardmode + Hardmode + SuperHardmode,General / Custom,Any / condition-defined depth,Day and night / unspecified,—,Unspecified,(spawnInfo.Player.townNPCs > 1f),NPCs/Enemies/LothricKnight.cs,586
NPC Spawn Rule,LothricKnight,Lothric Knight,Enemies,ModNPC,Natural spawn rules,5,—,2500,80,60,No,No,No,SpawnChance,0f,Pre-Hardmode + Hardmode + SuperHardmode,General / Custom,Any / condition-defined depth,Day and night / unspecified,—,Required,(!(spawnInfo.Player.townNPCs > 1f)) && (spawnInfo.Water),NPCs/Enemies/LothricKnight.cs,587
NPC Spawn Rule,LothricKnight,Lothric Knight,Enemies,ModNPC,Natural spawn rules,5,—,2500,80,60,No,No,No,SpawnChance,0f,Pre-Hardmode + Hardmode + SuperHardmode,Glowing Mushroom,Any / condition-defined depth,Day and night / unspecified,—,Excluded,(!(spawnInfo.Player.townNPCs > 1f)) && (!(spawnInfo.Water)) && (spawnInfo.Player.ZoneGlowshroom),NPCs/Enemies/LothricKnight.cs,588
NPC Spawn Rule,LothricKnight,Lothric Knight,Enemies,ModNPC,Natural spawn rules,5,—,2500,80,60,No,No,No,SpawnChance,0.02f,Pre-Hardmode + Hardmode + SuperHardmode,Dungeon,Any / condition-defined depth,Day and night / unspecified,—,Excluded,(!(spawnInfo.Player.townNPCs > 1f)) && (!(spawnInfo.Water)) && (!(spawnInfo.Player.ZoneGlowshroom)) && (spawnInfo.Player.ZoneDungeon),NPCs/Enemies/LothricKnight.cs,590
NPC Spawn Rule,LothricKnight,Lothric Knight,Enemies,ModNPC,Natural spawn rules,5,—,2500,80,60,No,No,No,SpawnChance,0.03f,SuperHardmode,General / Custom,Any / condition-defined depth,Day and night / unspecified,—,Excluded,(!(spawnInfo.Player.townNPCs > 1f)) && (!(spawnInfo.Water)) && (!(spawnInfo.Player.ZoneGlowshroom)) && (!(spawnInfo.Player.ZoneDungeon)) && (tsorcRevampWorld.SuperHardMode && !(spawnInfo.Player.ZoneJungle || spawnInfo.Player.ZoneHallow || spawnInfo.Player.ZoneCorrupt || spawnInfo.Player.ZoneCrimson || spawnInfo.Player.ZoneSnow || spawnInfo.Player.ZoneBeach || spawnInfo.Player.ZoneSkyHeight || spawnInfo.Player.ZoneUnderworldHeight)),NPCs/Enemies/LothricKnight.cs,592
NPC Spawn Rule,LothricKnight,Lothric Knight,Enemies,ModNPC,Natural spawn rules,5,—,2500,80,60,No,No,No,SpawnChance,0.02f,Pre-Hardmode + Hardmode + SuperHardmode,General / Custom,Surface,Day and night / unspecified,—,Excluded,(!(spawnInfo.Player.townNPCs > 1f)) && (!(spawnInfo.Water)) && (!(spawnInfo.Player.ZoneGlowshroom)) && (!(spawnInfo.Player.ZoneDungeon)) && (!(tsorcRevampWorld.SuperHardMode && !(spawnInfo.Player.ZoneJungle || spawnInfo.Player.ZoneHallow || spawnInfo.Player.ZoneCorrupt || spawnInfo.Player.ZoneCrimson || spawnInfo.Player.ZoneSnow || spawnInfo.Player.ZoneBeach || spawnInfo.Player.ZoneSkyHeight || spawnInfo.Player.ZoneUnderworldHeight))) && (Main.bloodMoon && spawnInfo.Player.ZoneOverworldHeight && !spawnInfo.Player.ZoneSkyHeight && NPC.downedBoss3),NPCs/Enemies/LothricKnight.cs,594
NPC Spawn Rule,LothricKnight,Lothric Knight,Enemies,ModNPC,Natural spawn rules,5,—,2500,80,60,No,No,No,SpawnChance,0.02f,Pre-Hardmode + Hardmode + SuperHardmode,General / Custom,Any / condition-defined depth,Day and night / unspecified,—,Excluded,(!(spawnInfo.Player.townNPCs > 1f)) && (!(spawnInfo.Water)) && (!(spawnInfo.Player.ZoneGlowshroom)) && (!(spawnInfo.Player.ZoneDungeon)) && (!(tsorcRevampWorld.SuperHardMode && !(spawnInfo.Player.ZoneJungle || spawnInfo.Player.ZoneHallow || spawnInfo.Player.ZoneCorrupt || spawnInfo.Player.ZoneCrimson || spawnInfo.Player.ZoneSnow || spawnInfo.Player.ZoneBeach || spawnInfo.Player.ZoneSkyHeight || spawnInfo.Player.ZoneUnderworldHeight))) && (!(Main.bloodMoon && spawnInfo.Player.ZoneOverworldHeight && !spawnInfo.Player.ZoneSkyHeight && NPC.downedBoss3)) && (Main.bloodMoon && NPC.downedBoss3 && !(spawnInfo.Player.ZoneJungle || spawnInfo.Player.ZoneCorrupt || spawnInfo.Player.ZoneCrimson || spawnInfo.Player.ZoneSnow || spawnInfo.Player.ZoneBeach || spawnInfo.Player.ZoneSkyHeight || spawnInfo.Player.ZoneUnderworldHeight)),NPCs/Enemies/LothricKnight.cs,596
NPC Spawn Rule,LothricKnight,Lothric Knight,Enemies,ModNPC,Natural spawn rules,5,—,2500,80,60,No,No,No,SpawnChance,0.005f,Pre-Hardmode + Hardmode + SuperHardmode,Neutral Overworld (Forest),Surface,Day and night / unspecified,—,Excluded,(!(spawnInfo.Player.townNPCs > 1f)) && (!(spawnInfo.Water)) && (!(spawnInfo.Player.ZoneGlowshroom)) && (!(spawnInfo.Player.ZoneDungeon)) && (!(tsorcRevampWorld.SuperHardMode && !(spawnInfo.Player.ZoneJungle || spawnInfo.Player.ZoneHallow || spawnInfo.Player.ZoneCorrupt || spawnInfo.Player.ZoneCrimson || spawnInfo.Player.ZoneSnow || spawnInfo.Player.ZoneBeach || spawnInfo.Player.ZoneSkyHeight || spawnInfo.Player.ZoneUnderworldHeight))) && (!(Main.bloodMoon && spawnInfo.Player.ZoneOverworldHeight && !spawnInfo.Player.ZoneSkyHeight && NPC.downedBoss3)) && (!(Main.bloodMoon && NPC.downedBoss3 && !(spawnInfo.Player.ZoneJungle || spawnInfo.Player.ZoneCorrupt || spawnInfo.Player.ZoneCrimson || spawnInfo.Player.ZoneSnow || spawnInfo.Player.ZoneBeach || spawnInfo.Player.ZoneSkyHeight || spawnInfo.Player.ZoneUnderworldHeight))) && (NPC.downedBoss3 && spawnInfo.Player.ZoneOverworldHeight && !(spawnInfo.Player.ZoneJungle || spawnInfo.Player.ZoneCorrupt || spawnInfo.Player.ZoneCrimson || spawnInfo.Player.ZoneSnow || spawnInfo.Player.ZoneBeach || spawnInfo.Player.ZoneSkyHeight || spawnInfo.Player.ZoneUnderworldHeight)),NPCs/Enemies/LothricKnight.cs,598
NPC Spawn Rule,LothricKnight,Lothric Knight,Enemies,ModNPC,Natural spawn rules,5,—,2500,80,60,No,No,No,SpawnChance,0.015f,Pre-Hardmode + Hardmode + SuperHardmode,Neutral Overworld (Forest),Surface,Day and night / unspecified,—,Excluded,(!(spawnInfo.Player.townNPCs > 1f)) && (!(spawnInfo.Water)) && (!(spawnInfo.Player.ZoneGlowshroom)) && (!(spawnInfo.Player.ZoneDungeon)) && (!(tsorcRevampWorld.SuperHardMode && !(spawnInfo.Player.ZoneJungle || spawnInfo.Player.ZoneHallow || spawnInfo.Player.ZoneCorrupt || spawnInfo.Player.ZoneCrimson || spawnInfo.Player.ZoneSnow || spawnInfo.Player.ZoneBeach || spawnInfo.Player.ZoneSkyHeight || spawnInfo.Player.ZoneUnderworldHeight))) && (!(Main.bloodMoon && spawnInfo.Player.ZoneOverworldHeight && !spawnInfo.Player.ZoneSkyHeight && NPC.downedBoss3)) && (!(Main.bloodMoon && NPC.downedBoss3 && !(spawnInfo.Player.ZoneJungle || spawnInfo.Player.ZoneCorrupt || spawnInfo.Player.ZoneCrimson || spawnInfo.Player.ZoneSnow || spawnInfo.Player.ZoneBeach || spawnInfo.Player.ZoneSkyHeight || spawnInfo.Player.ZoneUnderworldHeight))) && (!(NPC.downedBoss3 && spawnInfo.Player.ZoneOverworldHeight && !(spawnInfo.Player.ZoneJungle || spawnInfo.Player.ZoneCorrupt || spawnInfo.Player.ZoneCrimson || spawnInfo.Player.ZoneSnow || spawnInfo.Player.ZoneBeach || spawnInfo.Player.ZoneSkyHeight || spawnInfo.Player.ZoneUnderworldHeight))) && (NPC.downedBoss3 && spawnInfo.Player.ZoneOverworldHeight && !(spawnInfo.Player.ZoneJungle || spawnInfo.Player.ZoneCorrupt || spawnInfo.Player.ZoneCrimson || spawnInfo.Player.ZoneSnow || spawnInfo.Player.ZoneBeach || spawnInfo.Player.ZoneSkyHeight || spawnInfo.Player.ZoneUnderworldHeight)),NPCs/Enemies/LothricKnight.cs,599
NPC Spawn Rule,LothricKnight,Lothric Knight,Enemies,ModNPC,Natural spawn rules,5,—,2500,80,60,No,No,No,SpawnChance,0.003f,Pre-Hardmode + Hardmode + SuperHardmode,General / Custom,Any / condition-defined depth,Day and night / unspecified,—,Excluded,(!(spawnInfo.Player.townNPCs > 1f)) && (!(spawnInfo.Water)) && (!(spawnInfo.Player.ZoneGlowshroom)) && (!(spawnInfo.Player.ZoneDungeon)) && (!(tsorcRevampWorld.SuperHardMode && !(spawnInfo.Player.ZoneJungle || spawnInfo.Player.ZoneHallow || spawnInfo.Player.ZoneCorrupt || spawnInfo.Player.ZoneCrimson || spawnInfo.Player.ZoneSnow || spawnInfo.Player.ZoneBeach || spawnInfo.Player.ZoneSkyHeight || spawnInfo.Player.ZoneUnderworldHeight))) && (!(Main.bloodMoon && spawnInfo.Player.ZoneOverworldHeight && !spawnInfo.Player.ZoneSkyHeight && NPC.downedBoss3)) && (!(Main.bloodMoon && NPC.downedBoss3 && !(spawnInfo.Player.ZoneJungle || spawnInfo.Player.ZoneCorrupt || spawnInfo.Player.ZoneCrimson || spawnInfo.Player.ZoneSnow || spawnInfo.Player.ZoneBeach || spawnInfo.Player.ZoneSkyHeight || spawnInfo.Player.ZoneUnderworldHeight))) && (!(NPC.downedBoss3 && spawnInfo.Player.ZoneOverworldHeight && !(spawnInfo.Player.ZoneJungle || spawnInfo.Player.ZoneCorrupt || spawnInfo.Player.ZoneCrimson || spawnInfo.Player.ZoneSnow || spawnInfo.Player.ZoneBeach || spawnInfo.Player.ZoneSkyHeight || spawnInfo.Player.ZoneUnderworldHeight))) && (!(NPC.downedBoss3 && spawnInfo.Player.ZoneOverworldHeight && !(spawnInfo.Player.ZoneJungle || spawnInfo.Player.ZoneCorrupt || spawnInfo.Player.ZoneCrimson || spawnInfo.Player.ZoneSnow || spawnInfo.Player.ZoneBeach || spawnInfo.Player.ZoneSkyHeight || spawnInfo.Player.ZoneUnderworldHeight))) && (NPC.downedBoss3 && !(spawnInfo.Player.ZoneJungle || spawnInfo.Player.ZoneCorrupt || spawnInfo.Player.ZoneCrimson || spawnInfo.Player.ZoneSnow || spawnInfo.Player.ZoneBeach || spawnInfo.Player.ZoneSkyHeight || spawnInfo.Player.ZoneUnderworldHeight)),NPCs/Enemies/LothricKnight.cs,601
NPC Spawn Rule,LothricKnight,Lothric Knight,Enemies,ModNPC,Natural spawn rules,5,—,2500,80,60,No,No,No,SpawnChance,0,Pre-Hardmode + Hardmode + SuperHardmode,General / Custom,Any / condition-defined depth,Day and night / unspecified,—,Excluded,(!(spawnInfo.Player.townNPCs > 1f)) && (!(spawnInfo.Water)) && (!(spawnInfo.Player.ZoneGlowshroom)) && (!(spawnInfo.Player.ZoneDungeon)) && (!(tsorcRevampWorld.SuperHardMode && !(spawnInfo.Player.ZoneJungle || spawnInfo.Player.ZoneHallow || spawnInfo.Player.ZoneCorrupt || spawnInfo.Player.ZoneCrimson || spawnInfo.Player.ZoneSnow || spawnInfo.Player.ZoneBeach || spawnInfo.Player.ZoneSkyHeight || spawnInfo.Player.ZoneUnderworldHeight))) && (!(Main.bloodMoon && spawnInfo.Player.ZoneOverworldHeight && !spawnInfo.Player.ZoneSkyHeight && NPC.downedBoss3)) && (!(Main.bloodMoon && NPC.downedBoss3 && !(spawnInfo.Player.ZoneJungle || spawnInfo.Player.ZoneCorrupt || spawnInfo.Player.ZoneCrimson || spawnInfo.Player.ZoneSnow || spawnInfo.Player.ZoneBeach || spawnInfo.Player.ZoneSkyHeight || spawnInfo.Player.ZoneUnderworldHeight))) && (!(NPC.downedBoss3 && spawnInfo.Player.ZoneOverworldHeight && !(spawnInfo.Player.ZoneJungle || spawnInfo.Player.ZoneCorrupt || spawnInfo.Player.ZoneCrimson || spawnInfo.Player.ZoneSnow || spawnInfo.Player.ZoneBeach || spawnInfo.Player.ZoneSkyHeight || spawnInfo.Player.ZoneUnderworldHeight))) && (!(NPC.downedBoss3 && spawnInfo.Player.ZoneOverworldHeight && !(spawnInfo.Player.ZoneJungle || spawnInfo.Player.ZoneCorrupt || spawnInfo.Player.ZoneCrimson || spawnInfo.Player.ZoneSnow || spawnInfo.Player.ZoneBeach || spawnInfo.Player.ZoneSkyHeight || spawnInfo.Player.ZoneUnderworldHeight))) && (!(NPC.downedBoss3 && !(spawnInfo.Player.ZoneJungle || spawnInfo.Player.ZoneCorrupt || spawnInfo.Player.ZoneCrimson || spawnInfo.Player.ZoneSnow || spawnInfo.Player.ZoneBeach || spawnInfo.Player.ZoneSkyHeight || spawnInfo.Player.ZoneUnderworldHeight))),NPCs/Enemies/LothricKnight.cs,603
NPC Spawn Rule,LothricKnightOriginal,Old Lothric Knight,Enemies,ModNPC,Natural spawn rules,5,—,2500,80,60,No,No,No,SpawnChance,0f,Pre-Hardmode + Hardmode + SuperHardmode,General / Custom,Any / condition-defined depth,Day and night / unspecified,—,Unspecified,(spawnInfo.Player.townNPCs > 1f),NPCs/Enemies/LothricKnightOriginal.cs,697
NPC Spawn Rule,LothricKnightOriginal,Old Lothric Knight,Enemies,ModNPC,Natural spawn rules,5,—,2500,80,60,No,No,No,SpawnChance,0f,Pre-Hardmode + Hardmode + SuperHardmode,General / Custom,Any / condition-defined depth,Day and night / unspecified,—,Required,(!(spawnInfo.Player.townNPCs > 1f)) && (spawnInfo.Water),NPCs/Enemies/LothricKnightOriginal.cs,698
NPC Spawn Rule,LothricKnightOriginal,Old Lothric Knight,Enemies,ModNPC,Natural spawn rules,5,—,2500,80,60,No,No,No,SpawnChance,0f,Pre-Hardmode + Hardmode + SuperHardmode,Glowing Mushroom,Any / condition-defined depth,Day and night / unspecified,—,Excluded,(!(spawnInfo.Player.townNPCs > 1f)) && (!(spawnInfo.Water)) && (spawnInfo.Player.ZoneGlowshroom),NPCs/Enemies/LothricKnightOriginal.cs,699
NPC Spawn Rule,LothricKnightOriginal,Old Lothric Knight,Enemies,ModNPC,Natural spawn rules,5,—,2500,80,60,No,No,No,SpawnChance,0.02f,Pre-Hardmode + Hardmode + SuperHardmode,Dungeon,Any / condition-defined depth,Day and night / unspecified,—,Excluded,(!(spawnInfo.Player.townNPCs > 1f)) && (!(spawnInfo.Water)) && (!(spawnInfo.Player.ZoneGlowshroom)) && (spawnInfo.Player.ZoneDungeon),NPCs/Enemies/LothricKnightOriginal.cs,701
NPC Spawn Rule,LothricKnightOriginal,Old Lothric Knight,Enemies,ModNPC,Natural spawn rules,5,—,2500,80,60,No,No,No,SpawnChance,0.03f,SuperHardmode,General / Custom,Any / condition-defined depth,Day and night / unspecified,—,Excluded,(!(spawnInfo.Player.townNPCs > 1f)) && (!(spawnInfo.Water)) && (!(spawnInfo.Player.ZoneGlowshroom)) && (!(spawnInfo.Player.ZoneDungeon)) && (tsorcRevampWorld.SuperHardMode && !(spawnInfo.Player.ZoneJungle || spawnInfo.Player.ZoneHallow || spawnInfo.Player.ZoneCorrupt || spawnInfo.Player.ZoneCrimson || spawnInfo.Player.ZoneSnow || spawnInfo.Player.ZoneBeach || spawnInfo.Player.ZoneSkyHeight || spawnInfo.Player.ZoneUnderworldHeight)),NPCs/Enemies/LothricKnightOriginal.cs,703
NPC Spawn Rule,LothricKnightOriginal,Old Lothric Knight,Enemies,ModNPC,Natural spawn rules,5,—,2500,80,60,No,No,No,SpawnChance,0.02f,Pre-Hardmode + Hardmode + SuperHardmode,General / Custom,Surface,Day and night / unspecified,—,Excluded,(!(spawnInfo.Player.townNPCs > 1f)) && (!(spawnInfo.Water)) && (!(spawnInfo.Player.ZoneGlowshroom)) && (!(spawnInfo.Player.ZoneDungeon)) && (!(tsorcRevampWorld.SuperHardMode && !(spawnInfo.Player.ZoneJungle || spawnInfo.Player.ZoneHallow || spawnInfo.Player.ZoneCorrupt || spawnInfo.Player.ZoneCrimson || spawnInfo.Player.ZoneSnow || spawnInfo.Player.ZoneBeach || spawnInfo.Player.ZoneSkyHeight || spawnInfo.Player.ZoneUnderworldHeight))) && (Main.bloodMoon && spawnInfo.Player.ZoneOverworldHeight && !spawnInfo.Player.ZoneSkyHeight && NPC.downedBoss3),NPCs/Enemies/LothricKnightOriginal.cs,705
NPC Spawn Rule,LothricKnightOriginal,Old Lothric Knight,Enemies,ModNPC,Natural spawn rules,5,—,2500,80,60,No,No,No,SpawnChance,0.02f,Pre-Hardmode + Hardmode + SuperHardmode,General / Custom,Any / condition-defined depth,Day and night / unspecified,—,Excluded,(!(spawnInfo.Player.townNPCs > 1f)) && (!(spawnInfo.Water)) && (!(spawnInfo.Player.ZoneGlowshroom)) && (!(spawnInfo.Player.ZoneDungeon)) && (!(tsorcRevampWorld.SuperHardMode && !(spawnInfo.Player.ZoneJungle || spawnInfo.Player.ZoneHallow || spawnInfo.Player.ZoneCorrupt || spawnInfo.Player.ZoneCrimson || spawnInfo.Player.ZoneSnow || spawnInfo.Player.ZoneBeach || spawnInfo.Player.ZoneSkyHeight || spawnInfo.Player.ZoneUnderworldHeight))) && (!(Main.bloodMoon && spawnInfo.Player.ZoneOverworldHeight && !spawnInfo.Player.ZoneSkyHeight && NPC.downedBoss3)) && (Main.bloodMoon && NPC.downedBoss3 && !(spawnInfo.Player.ZoneJungle || spawnInfo.Player.ZoneCorrupt || spawnInfo.Player.ZoneCrimson || spawnInfo.Player.ZoneSnow || spawnInfo.Player.ZoneBeach || spawnInfo.Player.ZoneSkyHeight || spawnInfo.Player.ZoneUnderworldHeight)),NPCs/Enemies/LothricKnightOriginal.cs,706
NPC Spawn Rule,LothricKnightOriginal,Old Lothric Knight,Enemies,ModNPC,Natural spawn rules,5,—,2500,80,60,No,No,No,SpawnChance,0.005f,Pre-Hardmode + Hardmode + SuperHardmode,Neutral Overworld (Forest),Surface,Day and night / unspecified,—,Excluded,(!(spawnInfo.Player.townNPCs > 1f)) && (!(spawnInfo.Water)) && (!(spawnInfo.Player.ZoneGlowshroom)) && (!(spawnInfo.Player.ZoneDungeon)) && (!(tsorcRevampWorld.SuperHardMode && !(spawnInfo.Player.ZoneJungle || spawnInfo.Player.ZoneHallow || spawnInfo.Player.ZoneCorrupt || spawnInfo.Player.ZoneCrimson || spawnInfo.Player.ZoneSnow || spawnInfo.Player.ZoneBeach || spawnInfo.Player.ZoneSkyHeight || spawnInfo.Player.ZoneUnderworldHeight))) && (!(Main.bloodMoon && spawnInfo.Player.ZoneOverworldHeight && !spawnInfo.Player.ZoneSkyHeight && NPC.downedBoss3)) && (!(Main.bloodMoon && NPC.downedBoss3 && !(spawnInfo.Player.ZoneJungle || spawnInfo.Player.ZoneCorrupt || spawnInfo.Player.ZoneCrimson || spawnInfo.Player.ZoneSnow || spawnInfo.Player.ZoneBeach || spawnInfo.Player.ZoneSkyHeight || spawnInfo.Player.ZoneUnderworldHeight))) && (NPC.downedBoss3 && spawnInfo.Player.ZoneOverworldHeight && !(spawnInfo.Player.ZoneJungle || spawnInfo.Player.ZoneCorrupt || spawnInfo.Player.ZoneCrimson || spawnInfo.Player.ZoneSnow || spawnInfo.Player.ZoneBeach || spawnInfo.Player.ZoneSkyHeight || spawnInfo.Player.ZoneUnderworldHeight)),NPCs/Enemies/LothricKnightOriginal.cs,708
NPC Spawn Rule,LothricKnightOriginal,Old Lothric Knight,Enemies,ModNPC,Natural spawn rules,5,—,2500,80,60,No,No,No,SpawnChance,0.015f,Pre-Hardmode + Hardmode + SuperHardmode,Neutral Overworld (Forest),Surface,Day and night / unspecified,—,Excluded,(!(spawnInfo.Player.townNPCs > 1f)) && (!(spawnInfo.Water)) && (!(spawnInfo.Player.ZoneGlowshroom)) && (!(spawnInfo.Player.ZoneDungeon)) && (!(tsorcRevampWorld.SuperHardMode && !(spawnInfo.Player.ZoneJungle || spawnInfo.Player.ZoneHallow || spawnInfo.Player.ZoneCorrupt || spawnInfo.Player.ZoneCrimson || spawnInfo.Player.ZoneSnow || spawnInfo.Player.ZoneBeach || spawnInfo.Player.ZoneSkyHeight || spawnInfo.Player.ZoneUnderworldHeight))) && (!(Main.bloodMoon && spawnInfo.Player.ZoneOverworldHeight && !spawnInfo.Player.ZoneSkyHeight && NPC.downedBoss3)) && (!(Main.bloodMoon && NPC.downedBoss3 && !(spawnInfo.Player.ZoneJungle || spawnInfo.Player.ZoneCorrupt || spawnInfo.Player.ZoneCrimson || spawnInfo.Player.ZoneSnow || spawnInfo.Player.ZoneBeach || spawnInfo.Player.ZoneSkyHeight || spawnInfo.Player.ZoneUnderworldHeight))) && (!(NPC.downedBoss3 && spawnInfo.Player.ZoneOverworldHeight && !(spawnInfo.Player.ZoneJungle || spawnInfo.Player.ZoneCorrupt || spawnInfo.Player.ZoneCrimson || spawnInfo.Player.ZoneSnow || spawnInfo.Player.ZoneBeach || spawnInfo.Player.ZoneSkyHeight || spawnInfo.Player.ZoneUnderworldHeight))) && (NPC.downedBoss3 && spawnInfo.Player.ZoneOverworldHeight && !(spawnInfo.Player.ZoneJungle || spawnInfo.Player.ZoneCorrupt || spawnInfo.Player.ZoneCrimson || spawnInfo.Player.ZoneSnow || spawnInfo.Player.ZoneBeach || spawnInfo.Player.ZoneSkyHeight || spawnInfo.Player.ZoneUnderworldHeight)),NPCs/Enemies/LothricKnightOriginal.cs,709
NPC Spawn Rule,LothricKnightOriginal,Old Lothric Knight,Enemies,ModNPC,Natural spawn rules,5,—,2500,80,60,No,No,No,SpawnChance,0.003f,Pre-Hardmode + Hardmode + SuperHardmode,General / Custom,Any / condition-defined depth,Day and night / unspecified,—,Excluded,(!(spawnInfo.Player.townNPCs > 1f)) && (!(spawnInfo.Water)) && (!(spawnInfo.Player.ZoneGlowshroom)) && (!(spawnInfo.Player.ZoneDungeon)) && (!(tsorcRevampWorld.SuperHardMode && !(spawnInfo.Player.ZoneJungle || spawnInfo.Player.ZoneHallow || spawnInfo.Player.ZoneCorrupt || spawnInfo.Player.ZoneCrimson || spawnInfo.Player.ZoneSnow || spawnInfo.Player.ZoneBeach || spawnInfo.Player.ZoneSkyHeight || spawnInfo.Player.ZoneUnderworldHeight))) && (!(Main.bloodMoon && spawnInfo.Player.ZoneOverworldHeight && !spawnInfo.Player.ZoneSkyHeight && NPC.downedBoss3)) && (!(Main.bloodMoon && NPC.downedBoss3 && !(spawnInfo.Player.ZoneJungle || spawnInfo.Player.ZoneCorrupt || spawnInfo.Player.ZoneCrimson || spawnInfo.Player.ZoneSnow || spawnInfo.Player.ZoneBeach || spawnInfo.Player.ZoneSkyHeight || spawnInfo.Player.ZoneUnderworldHeight))) && (!(NPC.downedBoss3 && spawnInfo.Player.ZoneOverworldHeight && !(spawnInfo.Player.ZoneJungle || spawnInfo.Player.ZoneCorrupt || spawnInfo.Player.ZoneCrimson || spawnInfo.Player.ZoneSnow || spawnInfo.Player.ZoneBeach || spawnInfo.Player.ZoneSkyHeight || spawnInfo.Player.ZoneUnderworldHeight))) && (!(NPC.downedBoss3 && spawnInfo.Player.ZoneOverworldHeight && !(spawnInfo.Player.ZoneJungle || spawnInfo.Player.ZoneCorrupt || spawnInfo.Player.ZoneCrimson || spawnInfo.Player.ZoneSnow || spawnInfo.Player.ZoneBeach || spawnInfo.Player.ZoneSkyHeight || spawnInfo.Player.ZoneUnderworldHeight))) && (NPC.downedBoss3 && !(spawnInfo.Player.ZoneJungle || spawnInfo.Player.ZoneCorrupt || spawnInfo.Player.ZoneCrimson || spawnInfo.Player.ZoneSnow || spawnInfo.Player.ZoneBeach || spawnInfo.Player.ZoneSkyHeight || spawnInfo.Player.ZoneUnderworldHeight)),NPCs/Enemies/LothricKnightOriginal.cs,710
NPC Spawn Rule,LothricKnightOriginal,Old Lothric Knight,Enemies,ModNPC,Natural spawn rules,5,—,2500,80,60,No,No,No,SpawnChance,0,Pre-Hardmode + Hardmode + SuperHardmode,General / Custom,Any / condition-defined depth,Day and night / unspecified,—,Excluded,(!(spawnInfo.Player.townNPCs > 1f)) && (!(spawnInfo.Water)) && (!(spawnInfo.Player.ZoneGlowshroom)) && (!(spawnInfo.Player.ZoneDungeon)) && (!(tsorcRevampWorld.SuperHardMode && !(spawnInfo.Player.ZoneJungle || spawnInfo.Player.ZoneHallow || spawnInfo.Player.ZoneCorrupt || spawnInfo.Player.ZoneCrimson || spawnInfo.Player.ZoneSnow || spawnInfo.Player.ZoneBeach || spawnInfo.Player.ZoneSkyHeight || spawnInfo.Player.ZoneUnderworldHeight))) && (!(Main.bloodMoon && spawnInfo.Player.ZoneOverworldHeight && !spawnInfo.Player.ZoneSkyHeight && NPC.downedBoss3)) && (!(Main.bloodMoon && NPC.downedBoss3 && !(spawnInfo.Player.ZoneJungle || spawnInfo.Player.ZoneCorrupt || spawnInfo.Player.ZoneCrimson || spawnInfo.Player.ZoneSnow || spawnInfo.Player.ZoneBeach || spawnInfo.Player.ZoneSkyHeight || spawnInfo.Player.ZoneUnderworldHeight))) && (!(NPC.downedBoss3 && spawnInfo.Player.ZoneOverworldHeight && !(spawnInfo.Player.ZoneJungle || spawnInfo.Player.ZoneCorrupt || spawnInfo.Player.ZoneCrimson || spawnInfo.Player.ZoneSnow || spawnInfo.Player.ZoneBeach || spawnInfo.Player.ZoneSkyHeight || spawnInfo.Player.ZoneUnderworldHeight))) && (!(NPC.downedBoss3 && spawnInfo.Player.ZoneOverworldHeight && !(spawnInfo.Player.ZoneJungle || spawnInfo.Player.ZoneCorrupt || spawnInfo.Player.ZoneCrimson || spawnInfo.Player.ZoneSnow || spawnInfo.Player.ZoneBeach || spawnInfo.Player.ZoneSkyHeight || spawnInfo.Player.ZoneUnderworldHeight))) && (!(NPC.downedBoss3 && !(spawnInfo.Player.ZoneJungle || spawnInfo.Player.ZoneCorrupt || spawnInfo.Player.ZoneCrimson || spawnInfo.Player.ZoneSnow || spawnInfo.Player.ZoneBeach || spawnInfo.Player.ZoneSkyHeight || spawnInfo.Player.ZoneUnderworldHeight))),NPCs/Enemies/LothricKnightOriginal.cs,712
NPC Spawn Rule,LothricSpearKnight,Lothric Spear Knight,Enemies,ModNPC,Natural spawn rules,5,—,3000,85,80,No,No,No,SpawnChance,0f,Pre-Hardmode + Hardmode + SuperHardmode,General / Custom,Any / condition-defined depth,Day and night / unspecified,—,Unspecified,(spawnInfo.Player.townNPCs > 1f),NPCs/Enemies/LothricSpearKnight.cs,729
NPC Spawn Rule,LothricSpearKnight,Lothric Spear Knight,Enemies,ModNPC,Natural spawn rules,5,—,3000,85,80,No,No,No,SpawnChance,0f,Pre-Hardmode + Hardmode + SuperHardmode,General / Custom,Any / condition-defined depth,Day and night / unspecified,—,Required,(!(spawnInfo.Player.townNPCs > 1f)) && (spawnInfo.Water),NPCs/Enemies/LothricSpearKnight.cs,730
NPC Spawn Rule,LothricSpearKnight,Lothric Spear Knight,Enemies,ModNPC,Natural spawn rules,5,—,3000,85,80,No,No,No,SpawnChance,0f,Pre-Hardmode + Hardmode + SuperHardmode,Glowing Mushroom,Any / condition-defined depth,Day and night / unspecified,—,Excluded,(!(spawnInfo.Player.townNPCs > 1f)) && (!(spawnInfo.Water)) && (spawnInfo.Player.ZoneGlowshroom),NPCs/Enemies/LothricSpearKnight.cs,731
NPC Spawn Rule,LothricSpearKnight,Lothric Spear Knight,Enemies,ModNPC,Natural spawn rules,5,—,3000,85,80,No,No,No,SpawnChance,0.02f,Pre-Hardmode + Hardmode + SuperHardmode,Dungeon,Any / condition-defined depth,Day and night / unspecified,—,Excluded,(!(spawnInfo.Player.townNPCs > 1f)) && (!(spawnInfo.Water)) && (!(spawnInfo.Player.ZoneGlowshroom)) && (spawnInfo.Player.ZoneDungeon),NPCs/Enemies/LothricSpearKnight.cs,733
NPC Spawn Rule,LothricSpearKnight,Lothric Spear Knight,Enemies,ModNPC,Natural spawn rules,5,—,3000,85,80,No,No,No,SpawnChance,0.02f,SuperHardmode,General / Custom,Any / condition-defined depth,Day and night / unspecified,—,Excluded,(!(spawnInfo.Player.townNPCs > 1f)) && (!(spawnInfo.Water)) && (!(spawnInfo.Player.ZoneGlowshroom)) && (!(spawnInfo.Player.ZoneDungeon)) && (tsorcRevampWorld.SuperHardMode && !(spawnInfo.Player.ZoneJungle || spawnInfo.Player.ZoneHallow || spawnInfo.Player.ZoneCorrupt || spawnInfo.Player.ZoneCrimson || spawnInfo.Player.ZoneSnow || spawnInfo.Player.ZoneBeach || spawnInfo.Player.ZoneSkyHeight || spawnInfo.Player.ZoneUnderworldHeight)),NPCs/Enemies/LothricSpearKnight.cs,735
NPC Spawn Rule,LothricSpearKnight,Lothric Spear Knight,Enemies,ModNPC,Natural spawn rules,5,—,3000,85,80,No,No,No,SpawnChance,0.05f,SuperHardmode,Dungeon,Any / condition-defined depth,Day and night / unspecified,—,Excluded,(!(spawnInfo.Player.townNPCs > 1f)) && (!(spawnInfo.Water)) && (!(spawnInfo.Player.ZoneGlowshroom)) && (!(spawnInfo.Player.ZoneDungeon)) && (!(tsorcRevampWorld.SuperHardMode && !(spawnInfo.Player.ZoneJungle || spawnInfo.Player.ZoneHallow || spawnInfo.Player.ZoneCorrupt || spawnInfo.Player.ZoneCrimson || spawnInfo.Player.ZoneSnow || spawnInfo.Player.ZoneBeach || spawnInfo.Player.ZoneSkyHeight || spawnInfo.Player.ZoneUnderworldHeight))) && (tsorcRevampWorld.SuperHardMode && spawnInfo.Player.ZoneDungeon),NPCs/Enemies/LothricSpearKnight.cs,736
NPC Spawn Rule,LothricSpearKnight,Lothric Spear Knight,Enemies,ModNPC,Natural spawn rules,5,—,3000,85,80,No,No,No,SpawnChance,0.02f,Pre-Hardmode + Hardmode + SuperHardmode,General / Custom,Surface,Day and night / unspecified,—,Excluded,(!(spawnInfo.Player.townNPCs > 1f)) && (!(spawnInfo.Water)) && (!(spawnInfo.Player.ZoneGlowshroom)) && (!(spawnInfo.Player.ZoneDungeon)) && (!(tsorcRevampWorld.SuperHardMode && !(spawnInfo.Player.ZoneJungle || spawnInfo.Player.ZoneHallow || spawnInfo.Player.ZoneCorrupt || spawnInfo.Player.ZoneCrimson || spawnInfo.Player.ZoneSnow || spawnInfo.Player.ZoneBeach || spawnInfo.Player.ZoneSkyHeight || spawnInfo.Player.ZoneUnderworldHeight))) && (!(tsorcRevampWorld.SuperHardMode && spawnInfo.Player.ZoneDungeon)) && (Main.bloodMoon && spawnInfo.Player.ZoneOverworldHeight && !spawnInfo.Player.ZoneSkyHeight && NPC.downedBoss3),NPCs/Enemies/LothricSpearKnight.cs,738
NPC Spawn Rule,LothricSpearKnight,Lothric Spear Knight,Enemies,ModNPC,Natural spawn rules,5,—,3000,85,80,No,No,No,SpawnChance,0.02f,Pre-Hardmode + Hardmode + SuperHardmode,General / Custom,Any / condition-defined depth,Day and night / unspecified,—,Excluded,(!(spawnInfo.Player.townNPCs > 1f)) && (!(spawnInfo.Water)) && (!(spawnInfo.Player.ZoneGlowshroom)) && (!(spawnInfo.Player.ZoneDungeon)) && (!(tsorcRevampWorld.SuperHardMode && !(spawnInfo.Player.ZoneJungle || spawnInfo.Player.ZoneHallow || spawnInfo.Player.ZoneCorrupt || spawnInfo.Player.ZoneCrimson || spawnInfo.Player.ZoneSnow || spawnInfo.Player.ZoneBeach || spawnInfo.Player.ZoneSkyHeight || spawnInfo.Player.ZoneUnderworldHeight))) && (!(tsorcRevampWorld.SuperHardMode && spawnInfo.Player.ZoneDungeon)) && (!(Main.bloodMoon && spawnInfo.Player.ZoneOverworldHeight && !spawnInfo.Player.ZoneSkyHeight && NPC.downedBoss3)) && (Main.bloodMoon && NPC.downedBoss3 && !(spawnInfo.Player.ZoneJungle || spawnInfo.Player.ZoneCorrupt || spawnInfo.Player.ZoneCrimson || spawnInfo.Player.ZoneSnow || spawnInfo.Player.ZoneBeach || spawnInfo.Player.ZoneSkyHeight || spawnInfo.Player.ZoneUnderworldHeight)),NPCs/Enemies/LothricSpearKnight.cs,740
NPC Spawn Rule,LothricSpearKnight,Lothric Spear Knight,Enemies,ModNPC,Natural spawn rules,5,—,3000,85,80,No,No,No,SpawnChance,0.005f,Pre-Hardmode + Hardmode + SuperHardmode,Neutral Overworld (Forest),Surface,Day,—,Excluded,(!(spawnInfo.Player.townNPCs > 1f)) && (!(spawnInfo.Water)) && (!(spawnInfo.Player.ZoneGlowshroom)) && (!(spawnInfo.Player.ZoneDungeon)) && (!(tsorcRevampWorld.SuperHardMode && !(spawnInfo.Player.ZoneJungle || spawnInfo.Player.ZoneHallow || spawnInfo.Player.ZoneCorrupt || spawnInfo.Player.ZoneCrimson || spawnInfo.Player.ZoneSnow || spawnInfo.Player.ZoneBeach || spawnInfo.Player.ZoneSkyHeight || spawnInfo.Player.ZoneUnderworldHeight))) && (!(tsorcRevampWorld.SuperHardMode && spawnInfo.Player.ZoneDungeon)) && (!(Main.bloodMoon && spawnInfo.Player.ZoneOverworldHeight && !spawnInfo.Player.ZoneSkyHeight && NPC.downedBoss3)) && (!(Main.bloodMoon && NPC.downedBoss3 && !(spawnInfo.Player.ZoneJungle || spawnInfo.Player.ZoneCorrupt || spawnInfo.Player.ZoneCrimson || spawnInfo.Player.ZoneSnow || spawnInfo.Player.ZoneBeach || spawnInfo.Player.ZoneSkyHeight || spawnInfo.Player.ZoneUnderworldHeight))) && (NPC.downedBoss3 && spawnInfo.Player.ZoneOverworldHeight && !spawnInfo.Player.ZoneSkyHeight && Main.dayTime && !spawnInfo.Player.ZoneJungle),NPCs/Enemies/LothricSpearKnight.cs,742
NPC Spawn Rule,LothricSpearKnight,Lothric Spear Knight,Enemies,ModNPC,Natural spawn rules,5,—,3000,85,80,No,No,No,SpawnChance,0.015f,Pre-Hardmode + Hardmode + SuperHardmode,Neutral Overworld (Forest),Surface,Night,—,Excluded,(!(spawnInfo.Player.townNPCs > 1f)) && (!(spawnInfo.Water)) && (!(spawnInfo.Player.ZoneGlowshroom)) && (!(spawnInfo.Player.ZoneDungeon)) && (!(tsorcRevampWorld.SuperHardMode && !(spawnInfo.Player.ZoneJungle || spawnInfo.Player.ZoneHallow || spawnInfo.Player.ZoneCorrupt || spawnInfo.Player.ZoneCrimson || spawnInfo.Player.ZoneSnow || spawnInfo.Player.ZoneBeach || spawnInfo.Player.ZoneSkyHeight || spawnInfo.Player.ZoneUnderworldHeight))) && (!(tsorcRevampWorld.SuperHardMode && spawnInfo.Player.ZoneDungeon)) && (!(Main.bloodMoon && spawnInfo.Player.ZoneOverworldHeight && !spawnInfo.Player.ZoneSkyHeight && NPC.downedBoss3)) && (!(Main.bloodMoon && NPC.downedBoss3 && !(spawnInfo.Player.ZoneJungle || spawnInfo.Player.ZoneCorrupt || spawnInfo.Player.ZoneCrimson || spawnInfo.Player.ZoneSnow || spawnInfo.Player.ZoneBeach || spawnInfo.Player.ZoneSkyHeight || spawnInfo.Player.ZoneUnderworldHeight))) && (!(NPC.downedBoss3 && spawnInfo.Player.ZoneOverworldHeight && !spawnInfo.Player.ZoneSkyHeight && Main.dayTime && !spawnInfo.Player.ZoneJungle)) && (NPC.downedBoss3 && spawnInfo.Player.ZoneOverworldHeight && !spawnInfo.Player.ZoneSkyHeight && !Main.dayTime && !spawnInfo.Player.ZoneJungle),NPCs/Enemies/LothricSpearKnight.cs,743
NPC Spawn Rule,LothricSpearKnight,Lothric Spear Knight,Enemies,ModNPC,Natural spawn rules,5,—,3000,85,80,No,No,No,SpawnChance,0.003f,Pre-Hardmode + Hardmode + SuperHardmode,General / Custom,Any / condition-defined depth,Day and night / unspecified,—,Excluded,(!(spawnInfo.Player.townNPCs > 1f)) && (!(spawnInfo.Water)) && (!(spawnInfo.Player.ZoneGlowshroom)) && (!(spawnInfo.Player.ZoneDungeon)) && (!(tsorcRevampWorld.SuperHardMode && !(spawnInfo.Player.ZoneJungle || spawnInfo.Player.ZoneHallow || spawnInfo.Player.ZoneCorrupt || spawnInfo.Player.ZoneCrimson || spawnInfo.Player.ZoneSnow || spawnInfo.Player.ZoneBeach || spawnInfo.Player.ZoneSkyHeight || spawnInfo.Player.ZoneUnderworldHeight))) && (!(tsorcRevampWorld.SuperHardMode && spawnInfo.Player.ZoneDungeon)) && (!(Main.bloodMoon && spawnInfo.Player.ZoneOverworldHeight && !spawnInfo.Player.ZoneSkyHeight && NPC.downedBoss3)) && (!(Main.bloodMoon && NPC.downedBoss3 && !(spawnInfo.Player.ZoneJungle || spawnInfo.Player.ZoneCorrupt || spawnInfo.Player.ZoneCrimson || spawnInfo.Player.ZoneSnow || spawnInfo.Player.ZoneBeach || spawnInfo.Player.ZoneSkyHeight || spawnInfo.Player.ZoneUnderworldHeight))) && (!(NPC.downedBoss3 && spawnInfo.Player.ZoneOverworldHeight && !spawnInfo.Player.ZoneSkyHeight && Main.dayTime && !spawnInfo.Player.ZoneJungle)) && (!(NPC.downedBoss3 && spawnInfo.Player.ZoneOverworldHeight && !spawnInfo.Player.ZoneSkyHeight && !Main.dayTime && !spawnInfo.Player.ZoneJungle)) && (NPC.downedBoss3 && !(spawnInfo.Player.ZoneJungle || spawnInfo.Player.ZoneHallow || spawnInfo.Player.ZoneCorrupt || spawnInfo.Player.ZoneCrimson || spawnInfo.Player.ZoneSnow || spawnInfo.Player.ZoneBeach || spawnInfo.Player.ZoneSkyHeight || spawnInfo.Player.ZoneUnderworldHeight)),NPCs/Enemies/LothricSpearKnight.cs,744
NPC Spawn Rule,LothricSpearKnight,Lothric Spear Knight,Enemies,ModNPC,Natural spawn rules,5,—,3000,85,80,No,No,No,SpawnChance,0,Pre-Hardmode + Hardmode + SuperHardmode,General / Custom,Any / condition-defined depth,Day and night / unspecified,—,Excluded,(!(spawnInfo.Player.townNPCs > 1f)) && (!(spawnInfo.Water)) && (!(spawnInfo.Player.ZoneGlowshroom)) && (!(spawnInfo.Player.ZoneDungeon)) && (!(tsorcRevampWorld.SuperHardMode && !(spawnInfo.Player.ZoneJungle || spawnInfo.Player.ZoneHallow || spawnInfo.Player.ZoneCorrupt || spawnInfo.Player.ZoneCrimson || spawnInfo.Player.ZoneSnow || spawnInfo.Player.ZoneBeach || spawnInfo.Player.ZoneSkyHeight || spawnInfo.Player.ZoneUnderworldHeight))) && (!(tsorcRevampWorld.SuperHardMode && spawnInfo.Player.ZoneDungeon)) && (!(Main.bloodMoon && spawnInfo.Player.ZoneOverworldHeight && !spawnInfo.Player.ZoneSkyHeight && NPC.downedBoss3)) && (!(Main.bloodMoon && NPC.downedBoss3 && !(spawnInfo.Player.ZoneJungle || spawnInfo.Player.ZoneCorrupt || spawnInfo.Player.ZoneCrimson || spawnInfo.Player.ZoneSnow || spawnInfo.Player.ZoneBeach || spawnInfo.Player.ZoneSkyHeight || spawnInfo.Player.ZoneUnderworldHeight))) && (!(NPC.downedBoss3 && spawnInfo.Player.ZoneOverworldHeight && !spawnInfo.Player.ZoneSkyHeight && Main.dayTime && !spawnInfo.Player.ZoneJungle)) && (!(NPC.downedBoss3 && spawnInfo.Player.ZoneOverworldHeight && !spawnInfo.Player.ZoneSkyHeight && !Main.dayTime && !spawnInfo.Player.ZoneJungle)) && (!(NPC.downedBoss3 && !(spawnInfo.Player.ZoneJungle || spawnInfo.Player.ZoneHallow || spawnInfo.Player.ZoneCorrupt || spawnInfo.Player.ZoneCrimson || spawnInfo.Player.ZoneSnow || spawnInfo.Player.ZoneBeach || spawnInfo.Player.ZoneSkyHeight || spawnInfo.Player.ZoneUnderworldHeight))),NPCs/Enemies/LothricSpearKnight.cs,746
NPC Spawn Rule,LothricSpearKnightOriginal,Old Lothric Spear Knight,Enemies,ModNPC,Natural spawn rules,5,—,3000,85,80,No,No,No,SpawnChance,0f,Pre-Hardmode + Hardmode + SuperHardmode,General / Custom,Any / condition-defined depth,Day and night / unspecified,—,Unspecified,(spawnInfo.Player.townNPCs > 1f),NPCs/Enemies/LothricSpearKnightOriginal.cs,1056
NPC Spawn Rule,LothricSpearKnightOriginal,Old Lothric Spear Knight,Enemies,ModNPC,Natural spawn rules,5,—,3000,85,80,No,No,No,SpawnChance,0f,Pre-Hardmode + Hardmode + SuperHardmode,General / Custom,Any / condition-defined depth,Day and night / unspecified,—,Required,(!(spawnInfo.Player.townNPCs > 1f)) && (spawnInfo.Water),NPCs/Enemies/LothricSpearKnightOriginal.cs,1058
NPC Spawn Rule,LothricSpearKnightOriginal,Old Lothric Spear Knight,Enemies,ModNPC,Natural spawn rules,5,—,3000,85,80,No,No,No,SpawnChance,0f,Pre-Hardmode + Hardmode + SuperHardmode,Glowing Mushroom,Any / condition-defined depth,Day and night / unspecified,—,Excluded,(!(spawnInfo.Player.townNPCs > 1f)) && (!(spawnInfo.Water)) && (spawnInfo.Player.ZoneGlowshroom),NPCs/Enemies/LothricSpearKnightOriginal.cs,1059
NPC Spawn Rule,LothricSpearKnightOriginal,Old Lothric Spear Knight,Enemies,ModNPC,Natural spawn rules,5,—,3000,85,80,No,No,No,SpawnChance,0.02f,Pre-Hardmode + Hardmode + SuperHardmode,Dungeon,Any / condition-defined depth,Day and night / unspecified,—,Excluded,(!(spawnInfo.Player.townNPCs > 1f)) && (!(spawnInfo.Water)) && (!(spawnInfo.Player.ZoneGlowshroom)) && (spawnInfo.Player.ZoneDungeon),NPCs/Enemies/LothricSpearKnightOriginal.cs,1061
NPC Spawn Rule,LothricSpearKnightOriginal,Old Lothric Spear Knight,Enemies,ModNPC,Natural spawn rules,5,—,3000,85,80,No,No,No,SpawnChance,0.02f,SuperHardmode,General / Custom,Any / condition-defined depth,Day and night / unspecified,—,Excluded,(!(spawnInfo.Player.townNPCs > 1f)) && (!(spawnInfo.Water)) && (!(spawnInfo.Player.ZoneGlowshroom)) && (!(spawnInfo.Player.ZoneDungeon)) && (tsorcRevampWorld.SuperHardMode && !(spawnInfo.Player.ZoneJungle || spawnInfo.Player.ZoneHallow || spawnInfo.Player.ZoneCorrupt || spawnInfo.Player.ZoneCrimson || spawnInfo.Player.ZoneSnow || spawnInfo.Player.ZoneBeach || spawnInfo.Player.ZoneSkyHeight || spawnInfo.Player.ZoneUnderworldHeight)),NPCs/Enemies/LothricSpearKnightOriginal.cs,1063
NPC Spawn Rule,LothricSpearKnightOriginal,Old Lothric Spear Knight,Enemies,ModNPC,Natural spawn rules,5,—,3000,85,80,No,No,No,SpawnChance,0.05f,SuperHardmode,Dungeon,Any / condition-defined depth,Day and night / unspecified,—,Excluded,(!(spawnInfo.Player.townNPCs > 1f)) && (!(spawnInfo.Water)) && (!(spawnInfo.Player.ZoneGlowshroom)) && (!(spawnInfo.Player.ZoneDungeon)) && (!(tsorcRevampWorld.SuperHardMode && !(spawnInfo.Player.ZoneJungle || spawnInfo.Player.ZoneHallow || spawnInfo.Player.ZoneCorrupt || spawnInfo.Player.ZoneCrimson || spawnInfo.Player.ZoneSnow || spawnInfo.Player.ZoneBeach || spawnInfo.Player.ZoneSkyHeight || spawnInfo.Player.ZoneUnderworldHeight))) && (tsorcRevampWorld.SuperHardMode && spawnInfo.Player.ZoneDungeon),NPCs/Enemies/LothricSpearKnightOriginal.cs,1064
NPC Spawn Rule,LothricSpearKnightOriginal,Old Lothric Spear Knight,Enemies,ModNPC,Natural spawn rules,5,—,3000,85,80,No,No,No,SpawnChance,0.02f,Pre-Hardmode + Hardmode + SuperHardmode,General / Custom,Surface,Day and night / unspecified,—,Excluded,(!(spawnInfo.Player.townNPCs > 1f)) && (!(spawnInfo.Water)) && (!(spawnInfo.Player.ZoneGlowshroom)) && (!(spawnInfo.Player.ZoneDungeon)) && (!(tsorcRevampWorld.SuperHardMode && !(spawnInfo.Player.ZoneJungle || spawnInfo.Player.ZoneHallow || spawnInfo.Player.ZoneCorrupt || spawnInfo.Player.ZoneCrimson || spawnInfo.Player.ZoneSnow || spawnInfo.Player.ZoneBeach || spawnInfo.Player.ZoneSkyHeight || spawnInfo.Player.ZoneUnderworldHeight))) && (!(tsorcRevampWorld.SuperHardMode && spawnInfo.Player.ZoneDungeon)) && (Main.bloodMoon && spawnInfo.Player.ZoneOverworldHeight && !spawnInfo.Player.ZoneSkyHeight && NPC.downedBoss3),NPCs/Enemies/LothricSpearKnightOriginal.cs,1066
NPC Spawn Rule,LothricSpearKnightOriginal,Old Lothric Spear Knight,Enemies,ModNPC,Natural spawn rules,5,—,3000,85,80,No,No,No,SpawnChance,0.02f,Pre-Hardmode + Hardmode + SuperHardmode,General / Custom,Any / condition-defined depth,Day and night / unspecified,—,Excluded,(!(spawnInfo.Player.townNPCs > 1f)) && (!(spawnInfo.Water)) && (!(spawnInfo.Player.ZoneGlowshroom)) && (!(spawnInfo.Player.ZoneDungeon)) && (!(tsorcRevampWorld.SuperHardMode && !(spawnInfo.Player.ZoneJungle || spawnInfo.Player.ZoneHallow || spawnInfo.Player.ZoneCorrupt || spawnInfo.Player.ZoneCrimson || spawnInfo.Player.ZoneSnow || spawnInfo.Player.ZoneBeach || spawnInfo.Player.ZoneSkyHeight || spawnInfo.Player.ZoneUnderworldHeight))) && (!(tsorcRevampWorld.SuperHardMode && spawnInfo.Player.ZoneDungeon)) && (!(Main.bloodMoon && spawnInfo.Player.ZoneOverworldHeight && !spawnInfo.Player.ZoneSkyHeight && NPC.downedBoss3)) && (Main.bloodMoon && NPC.downedBoss3 && !(spawnInfo.Player.ZoneJungle || spawnInfo.Player.ZoneCorrupt || spawnInfo.Player.ZoneCrimson || spawnInfo.Player.ZoneSnow || spawnInfo.Player.ZoneBeach || spawnInfo.Player.ZoneSkyHeight || spawnInfo.Player.ZoneUnderworldHeight)),NPCs/Enemies/LothricSpearKnightOriginal.cs,1068
NPC Spawn Rule,LothricSpearKnightOriginal,Old Lothric Spear Knight,Enemies,ModNPC,Natural spawn rules,5,—,3000,85,80,No,No,No,SpawnChance,0.005f,Pre-Hardmode + Hardmode + SuperHardmode,Neutral Overworld (Forest),Surface,Day,—,Excluded,(!(spawnInfo.Player.townNPCs > 1f)) && (!(spawnInfo.Water)) && (!(spawnInfo.Player.ZoneGlowshroom)) && (!(spawnInfo.Player.ZoneDungeon)) && (!(tsorcRevampWorld.SuperHardMode && !(spawnInfo.Player.ZoneJungle || spawnInfo.Player.ZoneHallow || spawnInfo.Player.ZoneCorrupt || spawnInfo.Player.ZoneCrimson || spawnInfo.Player.ZoneSnow || spawnInfo.Player.ZoneBeach || spawnInfo.Player.ZoneSkyHeight || spawnInfo.Player.ZoneUnderworldHeight))) && (!(tsorcRevampWorld.SuperHardMode && spawnInfo.Player.ZoneDungeon)) && (!(Main.bloodMoon && spawnInfo.Player.ZoneOverworldHeight && !spawnInfo.Player.ZoneSkyHeight && NPC.downedBoss3)) && (!(Main.bloodMoon && NPC.downedBoss3 && !(spawnInfo.Player.ZoneJungle || spawnInfo.Player.ZoneCorrupt || spawnInfo.Player.ZoneCrimson || spawnInfo.Player.ZoneSnow || spawnInfo.Player.ZoneBeach || spawnInfo.Player.ZoneSkyHeight || spawnInfo.Player.ZoneUnderworldHeight))) && (NPC.downedBoss3 && spawnInfo.Player.ZoneOverworldHeight && !spawnInfo.Player.ZoneSkyHeight && Main.dayTime && !spawnInfo.Player.ZoneJungle),NPCs/Enemies/LothricSpearKnightOriginal.cs,1070
NPC Spawn Rule,LothricSpearKnightOriginal,Old Lothric Spear Knight,Enemies,ModNPC,Natural spawn rules,5,—,3000,85,80,No,No,No,SpawnChance,0.015f,Pre-Hardmode + Hardmode + SuperHardmode,Neutral Overworld (Forest),Surface,Night,—,Excluded,(!(spawnInfo.Player.townNPCs > 1f)) && (!(spawnInfo.Water)) && (!(spawnInfo.Player.ZoneGlowshroom)) && (!(spawnInfo.Player.ZoneDungeon)) && (!(tsorcRevampWorld.SuperHardMode && !(spawnInfo.Player.ZoneJungle || spawnInfo.Player.ZoneHallow || spawnInfo.Player.ZoneCorrupt || spawnInfo.Player.ZoneCrimson || spawnInfo.Player.ZoneSnow || spawnInfo.Player.ZoneBeach || spawnInfo.Player.ZoneSkyHeight || spawnInfo.Player.ZoneUnderworldHeight))) && (!(tsorcRevampWorld.SuperHardMode && spawnInfo.Player.ZoneDungeon)) && (!(Main.bloodMoon && spawnInfo.Player.ZoneOverworldHeight && !spawnInfo.Player.ZoneSkyHeight && NPC.downedBoss3)) && (!(Main.bloodMoon && NPC.downedBoss3 && !(spawnInfo.Player.ZoneJungle || spawnInfo.Player.ZoneCorrupt || spawnInfo.Player.ZoneCrimson || spawnInfo.Player.ZoneSnow || spawnInfo.Player.ZoneBeach || spawnInfo.Player.ZoneSkyHeight || spawnInfo.Player.ZoneUnderworldHeight))) && (!(NPC.downedBoss3 && spawnInfo.Player.ZoneOverworldHeight && !spawnInfo.Player.ZoneSkyHeight && Main.dayTime && !spawnInfo.Player.ZoneJungle)) && (NPC.downedBoss3 && spawnInfo.Player.ZoneOverworldHeight && !spawnInfo.Player.ZoneSkyHeight && !Main.dayTime && !spawnInfo.Player.ZoneJungle),NPCs/Enemies/LothricSpearKnightOriginal.cs,1071
NPC Spawn Rule,LothricSpearKnightOriginal,Old Lothric Spear Knight,Enemies,ModNPC,Natural spawn rules,5,—,3000,85,80,No,No,No,SpawnChance,0.003f,Pre-Hardmode + Hardmode + SuperHardmode,General / Custom,Any / condition-defined depth,Day and night / unspecified,—,Excluded,(!(spawnInfo.Player.townNPCs > 1f)) && (!(spawnInfo.Water)) && (!(spawnInfo.Player.ZoneGlowshroom)) && (!(spawnInfo.Player.ZoneDungeon)) && (!(tsorcRevampWorld.SuperHardMode && !(spawnInfo.Player.ZoneJungle || spawnInfo.Player.ZoneHallow || spawnInfo.Player.ZoneCorrupt || spawnInfo.Player.ZoneCrimson || spawnInfo.Player.ZoneSnow || spawnInfo.Player.ZoneBeach || spawnInfo.Player.ZoneSkyHeight || spawnInfo.Player.ZoneUnderworldHeight))) && (!(tsorcRevampWorld.SuperHardMode && spawnInfo.Player.ZoneDungeon)) && (!(Main.bloodMoon && spawnInfo.Player.ZoneOverworldHeight && !spawnInfo.Player.ZoneSkyHeight && NPC.downedBoss3)) && (!(Main.bloodMoon && NPC.downedBoss3 && !(spawnInfo.Player.ZoneJungle || spawnInfo.Player.ZoneCorrupt || spawnInfo.Player.ZoneCrimson || spawnInfo.Player.ZoneSnow || spawnInfo.Player.ZoneBeach || spawnInfo.Player.ZoneSkyHeight || spawnInfo.Player.ZoneUnderworldHeight))) && (!(NPC.downedBoss3 && spawnInfo.Player.ZoneOverworldHeight && !spawnInfo.Player.ZoneSkyHeight && Main.dayTime && !spawnInfo.Player.ZoneJungle)) && (!(NPC.downedBoss3 && spawnInfo.Player.ZoneOverworldHeight && !spawnInfo.Player.ZoneSkyHeight && !Main.dayTime && !spawnInfo.Player.ZoneJungle)) && (NPC.downedBoss3 && !(spawnInfo.Player.ZoneJungle || spawnInfo.Player.ZoneHallow || spawnInfo.Player.ZoneCorrupt || spawnInfo.Player.ZoneCrimson || spawnInfo.Player.ZoneSnow || spawnInfo.Player.ZoneBeach || spawnInfo.Player.ZoneSkyHeight || spawnInfo.Player.ZoneUnderworldHeight)),NPCs/Enemies/LothricSpearKnightOriginal.cs,1072
NPC Spawn Rule,LothricSpearKnightOriginal,Old Lothric Spear Knight,Enemies,ModNPC,Natural spawn rules,5,—,3000,85,80,No,No,No,SpawnChance,0,Pre-Hardmode + Hardmode + SuperHardmode,General / Custom,Any / condition-defined depth,Day and night / unspecified,—,Excluded,(!(spawnInfo.Player.townNPCs > 1f)) && (!(spawnInfo.Water)) && (!(spawnInfo.Player.ZoneGlowshroom)) && (!(spawnInfo.Player.ZoneDungeon)) && (!(tsorcRevampWorld.SuperHardMode && !(spawnInfo.Player.ZoneJungle || spawnInfo.Player.ZoneHallow || spawnInfo.Player.ZoneCorrupt || spawnInfo.Player.ZoneCrimson || spawnInfo.Player.ZoneSnow || spawnInfo.Player.ZoneBeach || spawnInfo.Player.ZoneSkyHeight || spawnInfo.Player.ZoneUnderworldHeight))) && (!(tsorcRevampWorld.SuperHardMode && spawnInfo.Player.ZoneDungeon)) && (!(Main.bloodMoon && spawnInfo.Player.ZoneOverworldHeight && !spawnInfo.Player.ZoneSkyHeight && NPC.downedBoss3)) && (!(Main.bloodMoon && NPC.downedBoss3 && !(spawnInfo.Player.ZoneJungle || spawnInfo.Player.ZoneCorrupt || spawnInfo.Player.ZoneCrimson || spawnInfo.Player.ZoneSnow || spawnInfo.Player.ZoneBeach || spawnInfo.Player.ZoneSkyHeight || spawnInfo.Player.ZoneUnderworldHeight))) && (!(NPC.downedBoss3 && spawnInfo.Player.ZoneOverworldHeight && !spawnInfo.Player.ZoneSkyHeight && Main.dayTime && !spawnInfo.Player.ZoneJungle)) && (!(NPC.downedBoss3 && spawnInfo.Player.ZoneOverworldHeight && !spawnInfo.Player.ZoneSkyHeight && !Main.dayTime && !spawnInfo.Player.ZoneJungle)) && (!(NPC.downedBoss3 && !(spawnInfo.Player.ZoneJungle || spawnInfo.Player.ZoneHallow || spawnInfo.Player.ZoneCorrupt || spawnInfo.Player.ZoneCrimson || spawnInfo.Player.ZoneSnow || spawnInfo.Player.ZoneBeach || spawnInfo.Player.ZoneSkyHeight || spawnInfo.Player.ZoneUnderworldHeight))),NPCs/Enemies/LothricSpearKnightOriginal.cs,1074
NPC,MageShadow,Mage Shadow,Bosses,ModNPC,No natural spawn method,3,—,4000,0,68,No,No,No,None,—,—,—,—,—,—,—,—,NPCs/Bosses/SuperHardMode/GhostWyvernMage/MageShadow.cs,14
NPC Spawn Rule,ManHunter,Man Hunter,Enemies,ModNPC,Natural spawn rules,1,—,600,50,38,No,No,No,SpawnChance,0.1f,Pre-Hardmode,Jungle,Surface,Day and night / unspecified,—,Unspecified,(!Main.hardMode && !spawnInfo.Player.ZoneMeteor && spawnInfo.Player.ZoneJungle && !spawnInfo.Player.ZoneDungeon && !spawnInfo.Player.ZoneCorrupt && !spawnInfo.Player.ZoneCrimson) && (spawnInfo.Player.ZoneOverworldHeight),NPCs/Enemies/ManHunter.cs,100
NPC Spawn Rule,ManHunter,Man Hunter,Enemies,ModNPC,Natural spawn rules,1,—,600,50,38,No,No,No,SpawnChance,0.03f,Pre-Hardmode,Jungle,Underground,Day and night / unspecified,—,Unspecified,(!Main.hardMode && !spawnInfo.Player.ZoneMeteor && spawnInfo.Player.ZoneJungle && !spawnInfo.Player.ZoneDungeon && !spawnInfo.Player.ZoneCorrupt && !spawnInfo.Player.ZoneCrimson) && (!(spawnInfo.Player.ZoneOverworldHeight)) && (spawnInfo.Player.ZoneDirtLayerHeight),NPCs/Enemies/ManHunter.cs,101
NPC Spawn Rule,ManHunter,Man Hunter,Enemies,ModNPC,Natural spawn rules,1,—,600,50,38,No,No,No,SpawnChance,0.04f,Pre-Hardmode,Jungle,Caverns,Day and night / unspecified,—,Unspecified,(!Main.hardMode && !spawnInfo.Player.ZoneMeteor && spawnInfo.Player.ZoneJungle && !spawnInfo.Player.ZoneDungeon && !spawnInfo.Player.ZoneCorrupt && !spawnInfo.Player.ZoneCrimson) && (!(spawnInfo.Player.ZoneOverworldHeight)) && (!(spawnInfo.Player.ZoneDirtLayerHeight)) && (spawnInfo.Player.ZoneRockLayerHeight),NPCs/Enemies/ManHunter.cs,102
NPC Spawn Rule,ManHunter,Man Hunter,Enemies,ModNPC,Natural spawn rules,1,—,600,50,38,No,No,No,SpawnChance,0.02f,Pre-Hardmode,Jungle,Any / condition-defined depth,Day and night / unspecified,—,Unspecified,(!Main.hardMode && !spawnInfo.Player.ZoneMeteor && spawnInfo.Player.ZoneJungle && !spawnInfo.Player.ZoneDungeon && !spawnInfo.Player.ZoneCorrupt && !spawnInfo.Player.ZoneCrimson) && (!(spawnInfo.Player.ZoneOverworldHeight)) && (!(spawnInfo.Player.ZoneDirtLayerHeight)) && (!(spawnInfo.Player.ZoneRockLayerHeight)) && (Main.hardMode && !spawnInfo.Player.ZoneMeteor && !spawnInfo.Player.ZoneBeach && !spawnInfo.Player.ZoneCorrupt && !spawnInfo.Player.ZoneCrimson),NPCs/Enemies/ManHunter.cs,104
NPC Spawn Rule,ManHunter,Man Hunter,Enemies,ModNPC,Natural spawn rules,1,—,600,50,38,No,No,No,SpawnChance,0.02f,Hardmode + SuperHardmode,General / Custom,Any / condition-defined depth,Day and night / unspecified,—,Unspecified,(!(!Main.hardMode && !spawnInfo.Player.ZoneMeteor && spawnInfo.Player.ZoneJungle && !spawnInfo.Player.ZoneDungeon && !spawnInfo.Player.ZoneCorrupt && !spawnInfo.Player.ZoneCrimson)) && (Main.hardMode && !spawnInfo.Player.ZoneMeteor && !spawnInfo.Player.ZoneBeach && !spawnInfo.Player.ZoneCorrupt && !spawnInfo.Player.ZoneCrimson),NPCs/Enemies/ManHunter.cs,104
NPC Spawn Rule,ManHunter,Man Hunter,Enemies,ModNPC,Natural spawn rules,1,—,600,50,38,No,No,No,SpawnChance,0f,Pre-Hardmode,Jungle,Any / condition-defined depth,Day and night / unspecified,—,Unspecified,(!Main.hardMode && !spawnInfo.Player.ZoneMeteor && spawnInfo.Player.ZoneJungle && !spawnInfo.Player.ZoneDungeon && !spawnInfo.Player.ZoneCorrupt && !spawnInfo.Player.ZoneCrimson) && (!(spawnInfo.Player.ZoneOverworldHeight)) && (!(spawnInfo.Player.ZoneDirtLayerHeight)) && (!(spawnInfo.Player.ZoneRockLayerHeight)) && (!(Main.hardMode && !spawnInfo.Player.ZoneMeteor && !spawnInfo.Player.ZoneBeach && !spawnInfo.Player.ZoneCorrupt && !spawnInfo.Player.ZoneCrimson)),NPCs/Enemies/ManHunter.cs,106
NPC Spawn Rule,ManHunter,Man Hunter,Enemies,ModNPC,Natural spawn rules,1,—,600,50,38,No,No,No,SpawnChance,0f,Pre-Hardmode + Hardmode + SuperHardmode,General / Custom,Any / condition-defined depth,Day and night / unspecified,—,Unspecified,(!(!Main.hardMode && !spawnInfo.Player.ZoneMeteor && spawnInfo.Player.ZoneJungle && !spawnInfo.Player.ZoneDungeon && !spawnInfo.Player.ZoneCorrupt && !spawnInfo.Player.ZoneCrimson)) && (!(Main.hardMode && !spawnInfo.Player.ZoneMeteor && !spawnInfo.Player.ZoneBeach && !spawnInfo.Player.ZoneCorrupt && !spawnInfo.Player.ZoneCrimson)),NPCs/Enemies/ManHunter.cs,106
NPC Spawn Rule,ManOfWar,Man of War,Enemies,ModNPC,Natural spawn rules,1,—,250,65,30,No,No,No,SpawnChance,(0.5f) * (4),Hardmode + SuperHardmode,Dungeon,Any / condition-defined depth,Day and night / unspecified,—,Required,(Main.hardMode && spawnInfo.Water) && (Main.hardMode && spawnInfo.Player.ZoneDungeon && spawnInfo.Water) && (Math.Abs(spawnInfo.SpawnTileX - Main.spawnTileX) > Main.maxTilesX / 3),NPCs/Enemies/SuperHardMode/ManOfWar.cs,82
NPC Spawn Rule,ManOfWar,Man of War,Enemies,ModNPC,Natural spawn rules,1,—,250,65,30,No,No,No,SpawnChance,0.5f,Hardmode + SuperHardmode,Dungeon,Any / condition-defined depth,Day and night / unspecified,—,Required,(Main.hardMode && spawnInfo.Water) && (Main.hardMode && spawnInfo.Player.ZoneDungeon && spawnInfo.Water) && (!(Math.Abs(spawnInfo.SpawnTileX - Main.spawnTileX) > Main.maxTilesX / 3)),NPCs/Enemies/SuperHardMode/ManOfWar.cs,82
NPC Spawn Rule,ManOfWar,Man of War,Enemies,ModNPC,Natural spawn rules,1,—,250,65,30,No,No,No,SpawnChance,(0.25f) * (4),Hardmode + SuperHardmode,General / Custom,Any / condition-defined depth,Day and night / unspecified,—,Required,(Main.hardMode && spawnInfo.Water) && (!(Main.hardMode && spawnInfo.Player.ZoneDungeon && spawnInfo.Water)) && (Math.Abs(spawnInfo.SpawnTileX - Main.spawnTileX) > Main.maxTilesX / 3),NPCs/Enemies/SuperHardMode/ManOfWar.cs,82
NPC Spawn Rule,ManOfWar,Man of War,Enemies,ModNPC,Natural spawn rules,1,—,250,65,30,No,No,No,SpawnChance,0.25f,Hardmode + SuperHardmode,General / Custom,Any / condition-defined depth,Day and night / unspecified,—,Required,(Main.hardMode && spawnInfo.Water) && (!(Main.hardMode && spawnInfo.Player.ZoneDungeon && spawnInfo.Water)) && (!(Math.Abs(spawnInfo.SpawnTileX - Main.spawnTileX) > Main.maxTilesX / 3)),NPCs/Enemies/SuperHardMode/ManOfWar.cs,82
NPC Spawn Rule,ManOfWar,Man of War,Enemies,ModNPC,Natural spawn rules,1,—,250,65,30,No,No,No,SpawnChance,(0.5f) * (4),Hardmode + SuperHardmode,Dungeon,Any / condition-defined depth,Day and night / unspecified,—,Required,(!(Main.hardMode && spawnInfo.Water)) && (Main.hardMode && spawnInfo.Player.ZoneDungeon && spawnInfo.Water) && (Math.Abs(spawnInfo.SpawnTileX - Main.spawnTileX) > Main.maxTilesX / 3),NPCs/Enemies/SuperHardMode/ManOfWar.cs,82
NPC Spawn Rule,ManOfWar,Man of War,Enemies,ModNPC,Natural spawn rules,1,—,250,65,30,No,No,No,SpawnChance,0.5f,Hardmode + SuperHardmode,Dungeon,Any / condition-defined depth,Day and night / unspecified,—,Required,(!(Main.hardMode && spawnInfo.Water)) && (Main.hardMode && spawnInfo.Player.ZoneDungeon && spawnInfo.Water) && (!(Math.Abs(spawnInfo.SpawnTileX - Main.spawnTileX) > Main.maxTilesX / 3)),NPCs/Enemies/SuperHardMode/ManOfWar.cs,82
NPC Spawn Rule,ManOfWar,Man of War,Enemies,ModNPC,Natural spawn rules,1,—,250,65,30,No,No,No,SpawnChance,(0) * (4),Pre-Hardmode + Hardmode + SuperHardmode,General / Custom,Any / condition-defined depth,Day and night / unspecified,—,Unspecified,(!(Main.hardMode && spawnInfo.Water)) && (!(Main.hardMode && spawnInfo.Player.ZoneDungeon && spawnInfo.Water)) && (Math.Abs(spawnInfo.SpawnTileX - Main.spawnTileX) > Main.maxTilesX / 3),NPCs/Enemies/SuperHardMode/ManOfWar.cs,82
NPC Spawn Rule,ManOfWar,Man of War,Enemies,ModNPC,Natural spawn rules,1,—,250,65,30,No,No,No,SpawnChance,0,Pre-Hardmode + Hardmode + SuperHardmode,General / Custom,Any / condition-defined depth,Day and night / unspecified,—,Unspecified,(!(Main.hardMode && spawnInfo.Water)) && (!(Main.hardMode && spawnInfo.Player.ZoneDungeon && spawnInfo.Water)) && (!(Math.Abs(spawnInfo.SpawnTileX - Main.spawnTileX) > Main.maxTilesX / 3)),NPCs/Enemies/SuperHardMode/ManOfWar.cs,82
NPC,MarilithDeath,Fire Fiend Marilith,Bosses,ModNPC,No natural spawn method,10,—,300000,0,38,No,No,No,None,—,—,—,—,—,—,—,—,NPCs/Bosses/SuperHardMode/Fiends/MarilithDeath.cs,12
NPC,MarilithIntro,?????,Bosses,ModNPC,No natural spawn method,10,—,300000,60,38,No,No,No,None,—,—,—,—,—,—,—,—,NPCs/Bosses/SuperHardMode/Fiends/MarilithIntro.cs,12
NPC,MarilithSeeker,Marilith Seeker,Enemies,ModNPC,No natural spawn method,1,—,1,30,0,No,No,No,None,—,—,—,—,—,—,—,—,NPCs/Enemies/MarilithSeeker.cs,9
NPC Spawn Rule,MarilithSpiritTwin,Marilith Spirit Twin,Enemies,ModNPC,Natural spawn rules,6,—,10000,30,23,No,No,No,SpawnChance,0,SuperHardmode,General / Custom,Any / condition-defined depth,Day and night / unspecified,—,Unspecified,(tsorcRevampWorld.SuperHardMode),NPCs/Enemies/MarilithSpiritTwin.cs,51
NPC Spawn Rule,MarilithSpiritTwin,Marilith Spirit Twin,Enemies,ModNPC,Natural spawn rules,6,—,10000,30,23,No,No,No,SpawnChance,1,Hardmode,Jungle,Surface,Night,1/20005,Unspecified,(!(tsorcRevampWorld.SuperHardMode)) && (Main.hardMode && !Main.dayTime && spawnInfo.Player.ZoneJungle && spawnInfo.Player.ZoneOverworldHeight && Main.rand.NextBool(20005)),NPCs/Enemies/MarilithSpiritTwin.cs,53
NPC Spawn Rule,MarilithSpiritTwin,Marilith Spirit Twin,Enemies,ModNPC,Natural spawn rules,6,—,10000,30,23,No,No,No,SpawnChance,1,Hardmode,Jungle,Any / condition-defined depth,Day and night / unspecified,1/12525,Unspecified,(!(tsorcRevampWorld.SuperHardMode)) && (!(Main.hardMode && !Main.dayTime && spawnInfo.Player.ZoneJungle && spawnInfo.Player.ZoneOverworldHeight && Main.rand.NextBool(20005))) && (Main.hardMode && Main.bloodMoon && spawnInfo.Player.ZoneJungle && Main.rand.NextBool(12525)),NPCs/Enemies/MarilithSpiritTwin.cs,55
NPC Spawn Rule,MarilithSpiritTwin,Marilith Spirit Twin,Enemies,ModNPC,Natural spawn rules,6,—,10000,30,23,No,No,No,SpawnChance,1,Hardmode,Underworld,Underworld,Night,1/7030,Unspecified,(!(tsorcRevampWorld.SuperHardMode)) && (!(Main.hardMode && !Main.dayTime && spawnInfo.Player.ZoneJungle && spawnInfo.Player.ZoneOverworldHeight && Main.rand.NextBool(20005))) && (!(Main.hardMode && Main.bloodMoon && spawnInfo.Player.ZoneJungle && Main.rand.NextBool(12525))) && (Main.hardMode && !Main.dayTime && spawnInfo.Player.ZoneUnderworldHeight && Main.rand.NextBool(7030)),NPCs/Enemies/MarilithSpiritTwin.cs,57
NPC Spawn Rule,MarilithSpiritTwin,Marilith Spirit Twin,Enemies,ModNPC,Natural spawn rules,6,—,10000,30,23,No,No,No,SpawnChance,1,Hardmode,Ocean,Any / condition-defined depth,Day and night / unspecified,1/8020,Unspecified,(!(tsorcRevampWorld.SuperHardMode)) && (!(Main.hardMode && !Main.dayTime && spawnInfo.Player.ZoneJungle && spawnInfo.Player.ZoneOverworldHeight && Main.rand.NextBool(20005))) && (!(Main.hardMode && Main.bloodMoon && spawnInfo.Player.ZoneJungle && Main.rand.NextBool(12525))) && (!(Main.hardMode && !Main.dayTime && spawnInfo.Player.ZoneUnderworldHeight && Main.rand.NextBool(7030))) && (Main.hardMode && Main.bloodMoon && spawnInfo.Player.ZoneBeach && Main.rand.NextBool(8020)),NPCs/Enemies/MarilithSpiritTwin.cs,59
NPC Spawn Rule,MarilithSpiritTwin,Marilith Spirit Twin,Enemies,ModNPC,Natural spawn rules,6,—,10000,30,23,No,No,No,SpawnChance,1,Hardmode,Sky,Sky,Day and night / unspecified,1/8020,Unspecified,(!(tsorcRevampWorld.SuperHardMode)) && (!(Main.hardMode && !Main.dayTime && spawnInfo.Player.ZoneJungle && spawnInfo.Player.ZoneOverworldHeight && Main.rand.NextBool(20005))) && (!(Main.hardMode && Main.bloodMoon && spawnInfo.Player.ZoneJungle && Main.rand.NextBool(12525))) && (!(Main.hardMode && !Main.dayTime && spawnInfo.Player.ZoneUnderworldHeight && Main.rand.NextBool(7030))) && (!(Main.hardMode && Main.bloodMoon && spawnInfo.Player.ZoneBeach && Main.rand.NextBool(8020))) && (Main.hardMode && Main.bloodMoon && spawnInfo.Player.ZoneSkyHeight && Main.rand.NextBool(8020)),NPCs/Enemies/MarilithSpiritTwin.cs,61
NPC Spawn Rule,MarilithSpiritTwin,Marilith Spirit Twin,Enemies,ModNPC,Natural spawn rules,6,—,10000,30,23,No,No,No,SpawnChance,0,Pre-Hardmode + Hardmode,General / Custom,Any / condition-defined depth,Day and night / unspecified,—,Unspecified,(!(tsorcRevampWorld.SuperHardMode)) && (!(Main.hardMode && !Main.dayTime && spawnInfo.Player.ZoneJungle && spawnInfo.Player.ZoneOverworldHeight && Main.rand.NextBool(20005))) && (!(Main.hardMode && Main.bloodMoon && spawnInfo.Player.ZoneJungle && Main.rand.NextBool(12525))) && (!(Main.hardMode && !Main.dayTime && spawnInfo.Player.ZoneUnderworldHeight && Main.rand.NextBool(7030))) && (!(Main.hardMode && Main.bloodMoon && spawnInfo.Player.ZoneBeach && Main.rand.NextBool(8020))) && (!(Main.hardMode && Main.bloodMoon && spawnInfo.Player.ZoneSkyHeight && Main.rand.NextBool(8020))),NPCs/Enemies/MarilithSpiritTwin.cs,64
NPC Spawn Rule,Massacre,Juggernaut,Enemies,ModNPC,Natural spawn rules,5,—,20000,110,65,No,No,No,SpawnChance,1,SuperHardmode,Underworld,Surface or Underworld,Day and night / unspecified,1/45,Unspecified,(tsorcRevampWorld.SuperHardMode) && ((spawnInfo.Player.ZoneUnderworldHeight || (spawnInfo.Player.ZoneOverworldHeight && !Main.dayTime)) && Main.rand.NextBool(45)),NPCs/Enemies/SuperHardMode/Massacre.cs,112
NPC Spawn Rule,Massacre,Juggernaut,Enemies,ModNPC,Natural spawn rules,5,—,20000,110,65,No,No,No,SpawnChance,0,SuperHardmode,General / Custom,Any / condition-defined depth,Day and night / unspecified,—,Unspecified,(tsorcRevampWorld.SuperHardMode) && (!((spawnInfo.Player.ZoneUnderworldHeight || (spawnInfo.Player.ZoneOverworldHeight && !Main.dayTime)) && Main.rand.NextBool(45))),NPCs/Enemies/SuperHardMode/Massacre.cs,114
NPC Spawn Rule,Massacre,Juggernaut,Enemies,ModNPC,Natural spawn rules,5,—,20000,110,65,No,No,No,SpawnChance,0,Pre-Hardmode + Hardmode,General / Custom,Any / condition-defined depth,Day and night / unspecified,—,Unspecified,(!(tsorcRevampWorld.SuperHardMode)),NPCs/Enemies/SuperHardMode/Massacre.cs,116
NPC,MechaDragonBody,Wyvern Mage Disciple,Bosses,ModNPC,No natural spawn method,1,—,91000000,125,23,Yes,No,No,None,—,—,—,—,—,—,—,—,NPCs/Bosses/WyvernMage/MechaDragonBody.cs,11
NPC,MechaDragonBody2,Wyvern Mage Disciple,Bosses,ModNPC,No natural spawn method,1,—,91000000,70,20,Yes,No,No,None,—,—,—,—,—,—,—,—,NPCs/Bosses/WyvernMage/MechaDragonBody2.cs,11
NPC,MechaDragonBody3,Wyvern Mage Disciple,Bosses,ModNPC,No natural spawn method,1,—,91000000,70,20,Yes,No,No,None,—,—,—,—,—,—,—,—,NPCs/Bosses/WyvernMage/MechaDragonBody3.cs,11
NPC,MechaDragonHead,Wyvern Mage Disciple,Bosses,ModNPC,No natural spawn method,1,—,61000,175,6,Yes,No,No,None,—,—,—,—,—,—,—,—,NPCs/Bosses/WyvernMage/MechaDragonHead.cs,14
NPC,MechaDragonLegs,Wyvern Mage Disciple,Bosses,ModNPC,No natural spawn method,1,—,91000000,70,20,Yes,No,No,None,—,—,—,—,—,—,—,—,NPCs/Bosses/WyvernMage/MechaDragonLegs.cs,10
NPC,MechaDragonTail,Wyvern Mage Disciple,Bosses,ModNPC,No natural spawn method,1,—,91000000,0,0,Yes,No,No,None,—,—,—,—,—,—,—,—,NPCs/Bosses/WyvernMage/MechaDragonTail.cs,11
NPC,MindflayerIllusion,Mindflayer Illusion,Enemies,ModNPC,No natural spawn method,5,—,1000,0,12,No,No,No,None,—,—,—,—,—,—,—,—,NPCs/Enemies/MindflayerIllusion.cs,13
NPC,MindflayerKingServant,Mindflayer King Servant,Enemies,ModNPC,No natural spawn method,1,—,200,0,15,No,No,No,None,—,—,—,—,—,—,—,—,NPCs/Enemies/MindflayerKingServant.cs,8
NPC,MindflayerServant,Mindflayer Servant,Enemies,ModNPC,No natural spawn method,1,—,70,0,10,No,No,No,None,—,—,—,—,—,—,—,—,NPCs/Enemies/MindflayerServant.cs,10
NPC Spawn Rule,MinotaurMage,Minotaur Mage,Enemies,ModNPC,Natural spawning disabled,100,—,155,9,4,No,No,No,SpawnChance,0f,Pre-Hardmode + Hardmode + SuperHardmode,General / Custom,Any / condition-defined depth,Day and night / unspecified,—,Unspecified,Always,NPCs/Enemies/MinotaurMage.cs,84
NPC Spawn Rule,MountedSandsprog,Mounted Sandsprog,Enemies,ModNPC,Natural spawn rules,1,—,900,70,70,No,No,No,SpawnChance,0,Pre-Hardmode + Hardmode + SuperHardmode,Snow,Any / condition-defined depth,Day and night / unspecified,—,Unspecified,(spawnInfo.Invasion || Sky(spawnInfo.Player) || spawnInfo.Player.ZoneSnow),NPCs/Enemies/MountedSandsprog.cs,56
NPC Spawn Rule,MountedSandsprog,Mounted Sandsprog,Enemies,ModNPC,Natural spawn rules,1,—,900,70,70,No,No,No,SpawnChance,0.05f,Pre-Hardmode + Hardmode + SuperHardmode,Desert,Any / condition-defined depth,Day and night / unspecified,—,Unspecified,(!(spawnInfo.Invasion || Sky(spawnInfo.Player) || spawnInfo.Player.ZoneSnow)) && (spawnInfo.Player.ZoneDesert || spawnInfo.Player.ZoneUndergroundDesert),NPCs/Enemies/MountedSandsprog.cs,59
NPC Spawn Rule,MountedSandsprog,Mounted Sandsprog,Enemies,ModNPC,Natural spawn rules,1,—,900,70,70,No,No,No,SpawnChance,0,Pre-Hardmode + Hardmode + SuperHardmode,General / Custom,Any / condition-defined depth,Day and night / unspecified,—,Unspecified,(!(spawnInfo.Invasion || Sky(spawnInfo.Player) || spawnInfo.Player.ZoneSnow)) && (!(spawnInfo.Player.ZoneDesert || spawnInfo.Player.ZoneUndergroundDesert)),NPCs/Enemies/MountedSandsprog.cs,61
NPC Spawn Rule,MountedSandsprogMage,Mounted Sandsprog Mage,Enemies,ModNPC,Natural spawn rules,1,—,900,80,70,No,No,No,SpawnChance,0,Pre-Hardmode + Hardmode + SuperHardmode,Snow,Any / condition-defined depth,Day and night / unspecified,—,Unspecified,(spawnInfo.Invasion || Sky(spawnInfo.Player) || spawnInfo.Player.ZoneSnow),NPCs/Enemies/MountedSandsprogMage.cs,60
NPC Spawn Rule,MountedSandsprogMage,Mounted Sandsprog Mage,Enemies,ModNPC,Natural spawn rules,1,—,900,80,70,No,No,No,SpawnChance,0.05f,Pre-Hardmode + Hardmode + SuperHardmode,Desert,Any / condition-defined depth,Day and night / unspecified,—,Unspecified,(!(spawnInfo.Invasion || Sky(spawnInfo.Player) || spawnInfo.Player.ZoneSnow)) && (spawnInfo.Player.ZoneDesert || spawnInfo.Player.ZoneUndergroundDesert),NPCs/Enemies/MountedSandsprogMage.cs,63
NPC Spawn Rule,MountedSandsprogMage,Mounted Sandsprog Mage,Enemies,ModNPC,Natural spawn rules,1,—,900,80,70,No,No,No,SpawnChance,0,Pre-Hardmode + Hardmode + SuperHardmode,General / Custom,Any / condition-defined depth,Day and night / unspecified,—,Unspecified,(!(spawnInfo.Invasion || Sky(spawnInfo.Player) || spawnInfo.Player.ZoneSnow)) && (!(spawnInfo.Player.ZoneDesert || spawnInfo.Player.ZoneUndergroundDesert)),NPCs/Enemies/MountedSandsprogMage.cs,65
NPC Spawn Rule,MushroomCreature,Mushroom Creature,Enemies,ModNPC,Natural spawn rules,1,—,—,0,—,No,No,No,SpawnChance,0f,Pre-Hardmode + Hardmode + SuperHardmode,General / Custom,Any / condition-defined depth,Day and night / unspecified,—,Unspecified,(!tsorcRevamp.isAdventureMap || tsorcRevampWorld.RemixMap),NPCs/Enemies/MushroomCreature.cs,53
NPC Spawn Rule,MushroomCreature,Mushroom Creature,Enemies,ModNPC,Natural spawn rules,1,—,—,0,—,No,No,No,SpawnChance,0.5f,Pre-Hardmode + Hardmode + SuperHardmode,General / Custom,Any / condition-defined depth,Day and night / unspecified,—,Unspecified,(!(!tsorcRevamp.isAdventureMap || tsorcRevampWorld.RemixMap)) && ((spawnInfo.SpawnTileX >= 2550 && spawnInfo.SpawnTileX <= 2850 && spawnInfo.SpawnTileY >= 1300 && spawnInfo.SpawnTileY <= 1650)),NPCs/Enemies/MushroomCreature.cs,59
NPC Spawn Rule,MushroomCreature,Mushroom Creature,Enemies,ModNPC,Natural spawn rules,1,—,—,0,—,No,No,No,SpawnChance,0f,Pre-Hardmode + Hardmode + SuperHardmode,General / Custom,Any / condition-defined depth,Day and night / unspecified,—,Unspecified,(!(!tsorcRevamp.isAdventureMap || tsorcRevampWorld.RemixMap)) && (!((spawnInfo.SpawnTileX >= 2550 && spawnInfo.SpawnTileX <= 2850 && spawnInfo.SpawnTileY >= 1300 && spawnInfo.SpawnTileY <= 1650))),NPCs/Enemies/MushroomCreature.cs,59
NPC Spawn Rule,MutantToad,Mutant Toad,Enemies,ModNPC,Natural spawn rules,1,—,450,60,54,No,No,No,SpawnChance,1,Hardmode + SuperHardmode,General / Custom,Any / condition-defined depth,Day and night / unspecified,1/15,Required,(Main.hardMode && spawnInfo.Water && spawnInfo.SpawnTileX < 900 && Main.rand.NextBool(15)),NPCs/Enemies/MutantToad.cs,62
NPC Spawn Rule,MutantToad,Mutant Toad,Enemies,ModNPC,Natural spawn rules,1,—,450,60,54,No,No,No,SpawnChance,1,Pre-Hardmode + Hardmode + SuperHardmode,Jungle,Any / condition-defined depth,Night,1/15,Unspecified,(!(Main.hardMode && spawnInfo.Water && spawnInfo.SpawnTileX < 900 && Main.rand.NextBool(15))) && (!Main.dayTime && ((spawnInfo.Player.position.Y >= Main.rockLayer) && (spawnInfo.Player.position.Y <= Main.rockLayer * 25) && spawnInfo.Player.ZoneJungle)) && (Main.rand.NextBool(15)),NPCs/Enemies/MutantToad.cs,86
NPC Spawn Rule,MutantToad,Mutant Toad,Enemies,ModNPC,Natural spawn rules,1,—,450,60,54,No,No,No,SpawnChance,0,Pre-Hardmode + Hardmode + SuperHardmode,Jungle,Any / condition-defined depth,Night,1/3,Unspecified,(!(Main.hardMode && spawnInfo.Water && spawnInfo.SpawnTileX < 900 && Main.rand.NextBool(15))) && (!Main.dayTime && ((spawnInfo.Player.position.Y >= Main.rockLayer) && (spawnInfo.Player.position.Y <= Main.rockLayer * 25) && spawnInfo.Player.ZoneJungle)) && (!(Main.rand.NextBool(15))) && (!Main.bloodMoon) && (0 == 1 && Main.rand.NextBool(3)),NPCs/Enemies/MutantToad.cs,103
NPC Spawn Rule,MutantToad,Mutant Toad,Enemies,ModNPC,Natural spawn rules,1,—,450,60,54,No,No,No,SpawnChance,0,Pre-Hardmode + Hardmode + SuperHardmode,Jungle,Any / condition-defined depth,Night,1/3,Unspecified,(!(Main.hardMode && spawnInfo.Water && spawnInfo.SpawnTileX < 900 && Main.rand.NextBool(15))) && (!Main.dayTime && ((spawnInfo.Player.position.Y >= Main.rockLayer) && (spawnInfo.Player.position.Y <= Main.rockLayer * 25) && spawnInfo.Player.ZoneJungle)) && (!(Main.rand.NextBool(15))) && (!(!Main.bloodMoon)) && (0 == 1 && Main.rand.NextBool(3)),NPCs/Enemies/MutantToad.cs,103
NPC Spawn Rule,MutantToad,Mutant Toad,Enemies,ModNPC,Natural spawn rules,1,—,450,60,54,No,No,No,SpawnChance,0,Pre-Hardmode + Hardmode + SuperHardmode,General / Custom,Any / condition-defined depth,Day and night / unspecified,1/3,Unspecified,(!(Main.hardMode && spawnInfo.Water && spawnInfo.SpawnTileX < 900 && Main.rand.NextBool(15))) && (!(!Main.dayTime && ((spawnInfo.Player.position.Y >= Main.rockLayer) && (spawnInfo.Player.position.Y <= Main.rockLayer * 25) && spawnInfo.Player.ZoneJungle))) && (!Main.bloodMoon) && (0 == 1 && Main.rand.NextBool(3)),NPCs/Enemies/MutantToad.cs,103
NPC Spawn Rule,MutantToad,Mutant Toad,Enemies,ModNPC,Natural spawn rules,1,—,450,60,54,No,No,No,SpawnChance,0,Pre-Hardmode + Hardmode + SuperHardmode,General / Custom,Any / condition-defined depth,Day and night / unspecified,1/3,Unspecified,(!(Main.hardMode && spawnInfo.Water && spawnInfo.SpawnTileX < 900 && Main.rand.NextBool(15))) && (!(!Main.dayTime && ((spawnInfo.Player.position.Y >= Main.rockLayer) && (spawnInfo.Player.position.Y <= Main.rockLayer * 25) && spawnInfo.Player.ZoneJungle))) && (!(!Main.bloodMoon)) && (0 == 1 && Main.rand.NextBool(3)),NPCs/Enemies/MutantToad.cs,103
NPC Spawn Rule,MutantToad,Mutant Toad,Enemies,ModNPC,Natural spawn rules,1,—,450,60,54,No,No,No,SpawnChance,0,Pre-Hardmode + Hardmode + SuperHardmode,Jungle,Any / condition-defined depth,Night,1/2,Unspecified,(!(Main.hardMode && spawnInfo.Water && spawnInfo.SpawnTileX < 900 && Main.rand.NextBool(15))) && (!Main.dayTime && ((spawnInfo.Player.position.Y >= Main.rockLayer) && (spawnInfo.Player.position.Y <= Main.rockLayer * 25) && spawnInfo.Player.ZoneJungle)) && (!(Main.rand.NextBool(15))) && (!Main.bloodMoon) && (!(0 == 1 && Main.rand.NextBool(3))) && (0 == 2 && Main.rand.NextBool(2)),NPCs/Enemies/MutantToad.cs,104
NPC Spawn Rule,MutantToad,Mutant Toad,Enemies,ModNPC,Natural spawn rules,1,—,450,60,54,No,No,No,SpawnChance,0,Pre-Hardmode + Hardmode + SuperHardmode,Jungle,Any / condition-defined depth,Night,1/2,Unspecified,(!(Main.hardMode && spawnInfo.Water && spawnInfo.SpawnTileX < 900 && Main.rand.NextBool(15))) && (!Main.dayTime && ((spawnInfo.Player.position.Y >= Main.rockLayer) && (spawnInfo.Player.position.Y <= Main.rockLayer * 25) && spawnInfo.Player.ZoneJungle)) && (!(Main.rand.NextBool(15))) && (!(!Main.bloodMoon)) && (!(0 == 1 && Main.rand.NextBool(3))) && (0 == 2 && Main.rand.NextBool(2)),NPCs/Enemies/MutantToad.cs,104
NPC Spawn Rule,MutantToad,Mutant Toad,Enemies,ModNPC,Natural spawn rules,1,—,450,60,54,No,No,No,SpawnChance,0,Pre-Hardmode + Hardmode + SuperHardmode,General / Custom,Any / condition-defined depth,Day and night / unspecified,1/2,Unspecified,(!(Main.hardMode && spawnInfo.Water && spawnInfo.SpawnTileX < 900 && Main.rand.NextBool(15))) && (!(!Main.dayTime && ((spawnInfo.Player.position.Y >= Main.rockLayer) && (spawnInfo.Player.position.Y <= Main.rockLayer * 25) && spawnInfo.Player.ZoneJungle))) && (!Main.bloodMoon) && (!(0 == 1 && Main.rand.NextBool(3))) && (0 == 2 && Main.rand.NextBool(2)),NPCs/Enemies/MutantToad.cs,104
NPC Spawn Rule,MutantToad,Mutant Toad,Enemies,ModNPC,Natural spawn rules,1,—,450,60,54,No,No,No,SpawnChance,0,Pre-Hardmode + Hardmode + SuperHardmode,General / Custom,Any / condition-defined depth,Day and night / unspecified,1/2,Unspecified,(!(Main.hardMode && spawnInfo.Water && spawnInfo.SpawnTileX < 900 && Main.rand.NextBool(15))) && (!(!Main.dayTime && ((spawnInfo.Player.position.Y >= Main.rockLayer) && (spawnInfo.Player.position.Y <= Main.rockLayer * 25) && spawnInfo.Player.ZoneJungle))) && (!(!Main.bloodMoon)) && (!(0 == 1 && Main.rand.NextBool(3))) && (0 == 2 && Main.rand.NextBool(2)),NPCs/Enemies/MutantToad.cs,104
NPC Spawn Rule,MutantToad,Mutant Toad,Enemies,ModNPC,Natural spawn rules,1,—,450,60,54,No,No,No,SpawnChance,0,Pre-Hardmode + Hardmode + SuperHardmode,Jungle,Any / condition-defined depth,Night,—,Unspecified,(!(Main.hardMode && spawnInfo.Water && spawnInfo.SpawnTileX < 900 && Main.rand.NextBool(15))) && (!Main.dayTime && ((spawnInfo.Player.position.Y >= Main.rockLayer) && (spawnInfo.Player.position.Y <= Main.rockLayer * 25) && spawnInfo.Player.ZoneJungle)) && (!(Main.rand.NextBool(15))) && (!Main.bloodMoon) && (!(0 == 1 && Main.rand.NextBool(3))) && (!(0 == 2 && Main.rand.NextBool(2))) && (0 == 3 && Main.rand.Next(3) <= 1),NPCs/Enemies/MutantToad.cs,105
NPC Spawn Rule,MutantToad,Mutant Toad,Enemies,ModNPC,Natural spawn rules,1,—,450,60,54,No,No,No,SpawnChance,0,Pre-Hardmode + Hardmode + SuperHardmode,Jungle,Any / condition-defined depth,Night,—,Unspecified,(!(Main.hardMode && spawnInfo.Water && spawnInfo.SpawnTileX < 900 && Main.rand.NextBool(15))) && (!Main.dayTime && ((spawnInfo.Player.position.Y >= Main.rockLayer) && (spawnInfo.Player.position.Y <= Main.rockLayer * 25) && spawnInfo.Player.ZoneJungle)) && (!(Main.rand.NextBool(15))) && (!(!Main.bloodMoon)) && (!(0 == 1 && Main.rand.NextBool(3))) && (!(0 == 2 && Main.rand.NextBool(2))) && (0 == 3 && Main.rand.Next(3) <= 1),NPCs/Enemies/MutantToad.cs,105
NPC Spawn Rule,MutantToad,Mutant Toad,Enemies,ModNPC,Natural spawn rules,1,—,450,60,54,No,No,No,SpawnChance,0,Pre-Hardmode + Hardmode + SuperHardmode,General / Custom,Any / condition-defined depth,Day and night / unspecified,—,Unspecified,(!(Main.hardMode && spawnInfo.Water && spawnInfo.SpawnTileX < 900 && Main.rand.NextBool(15))) && (!(!Main.dayTime && ((spawnInfo.Player.position.Y >= Main.rockLayer) && (spawnInfo.Player.position.Y <= Main.rockLayer * 25) && spawnInfo.Player.ZoneJungle))) && (!Main.bloodMoon) && (!(0 == 1 && Main.rand.NextBool(3))) && (!(0 == 2 && Main.rand.NextBool(2))) && (0 == 3 && Main.rand.Next(3) <= 1),NPCs/Enemies/MutantToad.cs,105
NPC Spawn Rule,MutantToad,Mutant Toad,Enemies,ModNPC,Natural spawn rules,1,—,450,60,54,No,No,No,SpawnChance,0,Pre-Hardmode + Hardmode + SuperHardmode,General / Custom,Any / condition-defined depth,Day and night / unspecified,—,Unspecified,(!(Main.hardMode && spawnInfo.Water && spawnInfo.SpawnTileX < 900 && Main.rand.NextBool(15))) && (!(!Main.dayTime && ((spawnInfo.Player.position.Y >= Main.rockLayer) && (spawnInfo.Player.position.Y <= Main.rockLayer * 25) && spawnInfo.Player.ZoneJungle))) && (!(!Main.bloodMoon)) && (!(0 == 1 && Main.rand.NextBool(3))) && (!(0 == 2 && Main.rand.NextBool(2))) && (0 == 3 && Main.rand.Next(3) <= 1),NPCs/Enemies/MutantToad.cs,105
NPC Spawn Rule,MutantToad,Mutant Toad,Enemies,ModNPC,Natural spawn rules,1,—,450,60,54,No,No,No,SpawnChance,0,Pre-Hardmode + Hardmode + SuperHardmode,Jungle,Any / condition-defined depth,Night,—,Unspecified,(!(Main.hardMode && spawnInfo.Water && spawnInfo.SpawnTileX < 900 && Main.rand.NextBool(15))) && (!Main.dayTime && ((spawnInfo.Player.position.Y >= Main.rockLayer) && (spawnInfo.Player.position.Y <= Main.rockLayer * 25) && spawnInfo.Player.ZoneJungle)) && (!(Main.rand.NextBool(15))) && (!Main.bloodMoon) && (!(0 == 1 && Main.rand.NextBool(3))) && (!(0 == 2 && Main.rand.NextBool(2))) && (!(0 == 3 && Main.rand.Next(3) <= 1)) && (0 >= 4),NPCs/Enemies/MutantToad.cs,106
NPC Spawn Rule,MutantToad,Mutant Toad,Enemies,ModNPC,Natural spawn rules,1,—,450,60,54,No,No,No,SpawnChance,0,Pre-Hardmode + Hardmode + SuperHardmode,Jungle,Any / condition-defined depth,Night,—,Unspecified,(!(Main.hardMode && spawnInfo.Water && spawnInfo.SpawnTileX < 900 && Main.rand.NextBool(15))) && (!Main.dayTime && ((spawnInfo.Player.position.Y >= Main.rockLayer) && (spawnInfo.Player.position.Y <= Main.rockLayer * 25) && spawnInfo.Player.ZoneJungle)) && (!(Main.rand.NextBool(15))) && (!(!Main.bloodMoon)) && (!(0 == 1 && Main.rand.NextBool(3))) && (!(0 == 2 && Main.rand.NextBool(2))) && (!(0 == 3 && Main.rand.Next(3) <= 1)) && (0 >= 4),NPCs/Enemies/MutantToad.cs,106
NPC Spawn Rule,MutantToad,Mutant Toad,Enemies,ModNPC,Natural spawn rules,1,—,450,60,54,No,No,No,SpawnChance,0,Pre-Hardmode + Hardmode + SuperHardmode,General / Custom,Any / condition-defined depth,Day and night / unspecified,—,Unspecified,(!(Main.hardMode && spawnInfo.Water && spawnInfo.SpawnTileX < 900 && Main.rand.NextBool(15))) && (!(!Main.dayTime && ((spawnInfo.Player.position.Y >= Main.rockLayer) && (spawnInfo.Player.position.Y <= Main.rockLayer * 25) && spawnInfo.Player.ZoneJungle))) && (!Main.bloodMoon) && (!(0 == 1 && Main.rand.NextBool(3))) && (!(0 == 2 && Main.rand.NextBool(2))) && (!(0 == 3 && Main.rand.Next(3) <= 1)) && (0 >= 4),NPCs/Enemies/MutantToad.cs,106
NPC Spawn Rule,MutantToad,Mutant Toad,Enemies,ModNPC,Natural spawn rules,1,—,450,60,54,No,No,No,SpawnChance,0,Pre-Hardmode + Hardmode + SuperHardmode,General / Custom,Any / condition-defined depth,Day and night / unspecified,—,Unspecified,(!(Main.hardMode && spawnInfo.Water && spawnInfo.SpawnTileX < 900 && Main.rand.NextBool(15))) && (!(!Main.dayTime && ((spawnInfo.Player.position.Y >= Main.rockLayer) && (spawnInfo.Player.position.Y <= Main.rockLayer * 25) && spawnInfo.Player.ZoneJungle))) && (!(!Main.bloodMoon)) && (!(0 == 1 && Main.rand.NextBool(3))) && (!(0 == 2 && Main.rand.NextBool(2))) && (!(0 == 3 && Main.rand.Next(3) <= 1)) && (0 >= 4),NPCs/Enemies/MutantToad.cs,106
NPC Spawn Rule,MutantToad,Mutant Toad,Enemies,ModNPC,Natural spawn rules,1,—,450,60,54,No,No,No,SpawnChance,0,Pre-Hardmode + Hardmode + SuperHardmode,Jungle,Any / condition-defined depth,Night,—,Unspecified,(!(Main.hardMode && spawnInfo.Water && spawnInfo.SpawnTileX < 900 && Main.rand.NextBool(15))) && (!Main.dayTime && ((spawnInfo.Player.position.Y >= Main.rockLayer) && (spawnInfo.Player.position.Y <= Main.rockLayer * 25) && spawnInfo.Player.ZoneJungle)) && (!(Main.rand.NextBool(15))) && (!Main.bloodMoon) && (!(0 == 1 && Main.rand.NextBool(3))) && (!(0 == 2 && Main.rand.NextBool(2))) && (!(0 == 3 && Main.rand.Next(3) <= 1)) && (!(0 >= 4)),NPCs/Enemies/MutantToad.cs,108
NPC Spawn Rule,MutantToad,Mutant Toad,Enemies,ModNPC,Natural spawn rules,1,—,450,60,54,No,No,No,SpawnChance,0,Pre-Hardmode + Hardmode + SuperHardmode,Jungle,Any / condition-defined depth,Night,—,Unspecified,(!(Main.hardMode && spawnInfo.Water && spawnInfo.SpawnTileX < 900 && Main.rand.NextBool(15))) && (!Main.dayTime && ((spawnInfo.Player.position.Y >= Main.rockLayer) && (spawnInfo.Player.position.Y <= Main.rockLayer * 25) && spawnInfo.Player.ZoneJungle)) && (!(Main.rand.NextBool(15))) && (!(!Main.bloodMoon)) && (!(0 == 1 && Main.rand.NextBool(3))) && (!(0 == 2 && Main.rand.NextBool(2))) && (!(0 == 3 && Main.rand.Next(3) <= 1)) && (!(0 >= 4)),NPCs/Enemies/MutantToad.cs,108
NPC Spawn Rule,MutantToad,Mutant Toad,Enemies,ModNPC,Natural spawn rules,1,—,450,60,54,No,No,No,SpawnChance,0,Pre-Hardmode + Hardmode + SuperHardmode,General / Custom,Any / condition-defined depth,Day and night / unspecified,—,Unspecified,(!(Main.hardMode && spawnInfo.Water && spawnInfo.SpawnTileX < 900 && Main.rand.NextBool(15))) && (!(!Main.dayTime && ((spawnInfo.Player.position.Y >= Main.rockLayer) && (spawnInfo.Player.position.Y <= Main.rockLayer * 25) && spawnInfo.Player.ZoneJungle))) && (!Main.bloodMoon) && (!(0 == 1 && Main.rand.NextBool(3))) && (!(0 == 2 && Main.rand.NextBool(2))) && (!(0 == 3 && Main.rand.Next(3) <= 1)) && (!(0 >= 4)),NPCs/Enemies/MutantToad.cs,108
NPC Spawn Rule,MutantToad,Mutant Toad,Enemies,ModNPC,Natural spawn rules,1,—,450,60,54,No,No,No,SpawnChance,0,Pre-Hardmode + Hardmode + SuperHardmode,General / Custom,Any / condition-defined depth,Day and night / unspecified,—,Unspecified,(!(Main.hardMode && spawnInfo.Water && spawnInfo.SpawnTileX < 900 && Main.rand.NextBool(15))) && (!(!Main.dayTime && ((spawnInfo.Player.position.Y >= Main.rockLayer) && (spawnInfo.Player.position.Y <= Main.rockLayer * 25) && spawnInfo.Player.ZoneJungle))) && (!(!Main.bloodMoon)) && (!(0 == 1 && Main.rand.NextBool(3))) && (!(0 == 2 && Main.rand.NextBool(2))) && (!(0 == 3 && Main.rand.Next(3) <= 1)) && (!(0 >= 4)),NPCs/Enemies/MutantToad.cs,108
NPC,NamelessKing,Nameless King,Special,BossBase,No natural spawn method,200,—,30000,68,20,Yes,No,No,None,—,—,—,—,—,—,—,—,NPCs/Special/NamelessKing.cs,15
NPC Spawn Rule,Necromancer,Necromancer,Enemies,ModNPC,Natural spawn rules,1,—,800,0,25,No,No,No,SpawnChance,0,Pre-Hardmode + Hardmode + SuperHardmode,Jungle + Meteor,Any / condition-defined depth,Day and night / unspecified,—,Unspecified,(spawnInfo.Player.townNPCs > 0f || spawnInfo.Player.ZoneJungle || spawnInfo.Player.ZoneMeteor),NPCs/Enemies/Necromancer.cs,112
NPC Spawn Rule,Necromancer,Necromancer,Enemies,ModNPC,Natural spawn rules,1,—,800,0,25,No,No,No,SpawnChance,0f,Pre-Hardmode + Hardmode + SuperHardmode,General / Custom,Any / condition-defined depth,Day and night / unspecified,—,Required,(!(spawnInfo.Player.townNPCs > 0f || spawnInfo.Player.ZoneJungle || spawnInfo.Player.ZoneMeteor)) && (spawnInfo.Water),NPCs/Enemies/Necromancer.cs,114
NPC Spawn Rule,Necromancer,Necromancer,Enemies,ModNPC,Natural spawn rules,1,—,800,0,25,No,No,No,SpawnChance,1,Pre-Hardmode,Dungeon,Any / condition-defined depth,Day and night / unspecified,1/3000,Excluded,(!(spawnInfo.Player.townNPCs > 0f || spawnInfo.Player.ZoneJungle || spawnInfo.Player.ZoneMeteor)) && (!(spawnInfo.Water)) && (!Main.hardMode) && (spawnInfo.Player.ZoneDungeon && Main.rand.NextBool(3000)),NPCs/Enemies/Necromancer.cs,118
NPC Spawn Rule,Necromancer,Necromancer,Enemies,ModNPC,Natural spawn rules,1,—,800,0,25,No,No,No,SpawnChance,1,Pre-Hardmode,General / Custom,Any / condition-defined depth,Day and night / unspecified,1/500,Excluded,(!(spawnInfo.Player.townNPCs > 0f || spawnInfo.Player.ZoneJungle || spawnInfo.Player.ZoneMeteor)) && (!(spawnInfo.Water)) && (!Main.hardMode) && (!(spawnInfo.Player.ZoneDungeon && Main.rand.NextBool(3000))) && ((spawnInfo.SpawnTileY >= (Main.maxTilesY * 0.8f)) && Main.rand.NextBool(500)),NPCs/Enemies/Necromancer.cs,119
NPC Spawn Rule,Necromancer,Necromancer,Enemies,ModNPC,Natural spawn rules,1,—,800,0,25,No,No,No,SpawnChance,1,Pre-Hardmode,General / Custom,Any / condition-defined depth,Night,1/200,Excluded,(!(spawnInfo.Player.townNPCs > 0f || spawnInfo.Player.ZoneJungle || spawnInfo.Player.ZoneMeteor)) && (!(spawnInfo.Water)) && (!Main.hardMode) && (!(spawnInfo.Player.ZoneDungeon && Main.rand.NextBool(3000))) && (!((spawnInfo.SpawnTileY >= (Main.maxTilesY * 0.8f)) && Main.rand.NextBool(500))) && ((spawnInfo.SpawnTileY >= (Main.maxTilesY * 0.8f)) && !Main.dayTime && Main.rand.NextBool(200)),NPCs/Enemies/Necromancer.cs,120
NPC Spawn Rule,Necromancer,Necromancer,Enemies,ModNPC,Natural spawn rules,1,—,800,0,25,No,No,No,SpawnChance,1,Pre-Hardmode,General / Custom,Any / condition-defined depth,Day and night / unspecified,1/2000,Excluded,(!(spawnInfo.Player.townNPCs > 0f || spawnInfo.Player.ZoneJungle || spawnInfo.Player.ZoneMeteor)) && (!(spawnInfo.Water)) && (!Main.hardMode) && (!(spawnInfo.Player.ZoneDungeon && Main.rand.NextBool(3000))) && (!((spawnInfo.SpawnTileY >= (Main.maxTilesY * 0.8f)) && Main.rand.NextBool(500))) && (!((spawnInfo.SpawnTileY >= (Main.maxTilesY * 0.8f)) && !Main.dayTime && Main.rand.NextBool(200))) && ((spawnInfo.SpawnTileX < Main.maxTilesX * 0.35f || spawnInfo.SpawnTileX > Main.maxTilesX * 0.75f) && ((spawnInfo.SpawnTileY >= (Main.maxTilesY * 0.3f) && spawnInfo.SpawnTileY < (Main.maxTilesY * 0.4f)) || (spawnInfo.SpawnTileY >= (Main.maxTilesY * 0.4f) && spawnInfo.SpawnTileY < (Main.maxTilesY * 0.6f))) && Main.rand.NextBool(2000)),NPCs/Enemies/Necromancer.cs,121
NPC Spawn Rule,Necromancer,Necromancer,Enemies,ModNPC,Natural spawn rules,1,—,800,0,25,No,No,No,SpawnChance,0,Pre-Hardmode,General / Custom,Any / condition-defined depth,Day and night / unspecified,—,Excluded,(!(spawnInfo.Player.townNPCs > 0f || spawnInfo.Player.ZoneJungle || spawnInfo.Player.ZoneMeteor)) && (!(spawnInfo.Water)) && (!Main.hardMode) && (!(spawnInfo.Player.ZoneDungeon && Main.rand.NextBool(3000))) && (!((spawnInfo.SpawnTileY >= (Main.maxTilesY * 0.8f)) && Main.rand.NextBool(500))) && (!((spawnInfo.SpawnTileY >= (Main.maxTilesY * 0.8f)) && !Main.dayTime && Main.rand.NextBool(200))) && (!((spawnInfo.SpawnTileX < Main.maxTilesX * 0.35f || spawnInfo.SpawnTileX > Main.maxTilesX * 0.75f) && ((spawnInfo.SpawnTileY >= (Main.maxTilesY * 0.3f) && spawnInfo.SpawnTileY < (Main.maxTilesY * 0.4f)) || (spawnInfo.SpawnTileY >= (Main.maxTilesY * 0.4f) && spawnInfo.SpawnTileY < (Main.maxTilesY * 0.6f))) && Main.rand.NextBool(2000))),NPCs/Enemies/Necromancer.cs,122
NPC Spawn Rule,Necromancer,Necromancer,Enemies,ModNPC,Natural spawn rules,1,—,800,0,25,No,No,No,SpawnChance,1,Hardmode + SuperHardmode,General / Custom,Any / condition-defined depth,Day,1/60,Excluded,(!(spawnInfo.Player.townNPCs > 0f || spawnInfo.Player.ZoneJungle || spawnInfo.Player.ZoneMeteor)) && (!(spawnInfo.Water)) && (!(!Main.hardMode)) && (Main.hardMode) && ((spawnInfo.SpawnTileY >= (Main.maxTilesY * 0.8f)) && Main.dayTime && Main.rand.NextBool(60)),NPCs/Enemies/Necromancer.cs,126
NPC Spawn Rule,Necromancer,Necromancer,Enemies,ModNPC,Natural spawn rules,1,—,800,0,25,No,No,No,SpawnChance,1,Hardmode + SuperHardmode,General / Custom,Any / condition-defined depth,Night,1/35,Excluded,(!(spawnInfo.Player.townNPCs > 0f || spawnInfo.Player.ZoneJungle || spawnInfo.Player.ZoneMeteor)) && (!(spawnInfo.Water)) && (!(!Main.hardMode)) && (Main.hardMode) && (!((spawnInfo.SpawnTileY >= (Main.maxTilesY * 0.8f)) && Main.dayTime && Main.rand.NextBool(60))) && ((spawnInfo.SpawnTileY >= (Main.maxTilesY * 0.8f)) && !Main.dayTime && Main.rand.NextBool(35)),NPCs/Enemies/Necromancer.cs,127
NPC Spawn Rule,Necromancer,Necromancer,Enemies,ModNPC,Natural spawn rules,1,—,800,0,25,No,No,No,SpawnChance,1,Hardmode + SuperHardmode,Dungeon,Any / condition-defined depth,Day and night / unspecified,1/100,Excluded,(!(spawnInfo.Player.townNPCs > 0f || spawnInfo.Player.ZoneJungle || spawnInfo.Player.ZoneMeteor)) && (!(spawnInfo.Water)) && (!(!Main.hardMode)) && (Main.hardMode) && (!((spawnInfo.SpawnTileY >= (Main.maxTilesY * 0.8f)) && Main.dayTime && Main.rand.NextBool(60))) && (!((spawnInfo.SpawnTileY >= (Main.maxTilesY * 0.8f)) && !Main.dayTime && Main.rand.NextBool(35))) && (spawnInfo.Player.ZoneDungeon && Main.rand.NextBool(100)),NPCs/Enemies/Necromancer.cs,128
NPC Spawn Rule,Necromancer,Necromancer,Enemies,ModNPC,Natural spawn rules,1,—,800,0,25,No,No,No,SpawnChance,1,Hardmode + SuperHardmode,Hallow,Any / condition-defined depth,Day and night / unspecified,1/90,Excluded,(!(spawnInfo.Player.townNPCs > 0f || spawnInfo.Player.ZoneJungle || spawnInfo.Player.ZoneMeteor)) && (!(spawnInfo.Water)) && (!(!Main.hardMode)) && (Main.hardMode) && (!((spawnInfo.SpawnTileY >= (Main.maxTilesY * 0.8f)) && Main.dayTime && Main.rand.NextBool(60))) && (!((spawnInfo.SpawnTileY >= (Main.maxTilesY * 0.8f)) && !Main.dayTime && Main.rand.NextBool(35))) && (!(spawnInfo.Player.ZoneDungeon && Main.rand.NextBool(100))) && (spawnInfo.Player.ZoneHallow && ((spawnInfo.SpawnTileY >= (Main.maxTilesY * 0.3f) && spawnInfo.SpawnTileY < (Main.maxTilesY * 0.4f)) || (spawnInfo.SpawnTileY >= (Main.maxTilesY * 0.4f) && spawnInfo.SpawnTileY < (Main.maxTilesY * 0.6f))) && Main.rand.NextBool(90)),NPCs/Enemies/Necromancer.cs,129
NPC Spawn Rule,Necromancer,Necromancer,Enemies,ModNPC,Natural spawn rules,1,—,800,0,25,No,No,No,SpawnChance,1,Hardmode + SuperHardmode,Corruption + Crimson + Desert,Any / condition-defined depth,Day and night / unspecified,1/100,Excluded,(!(spawnInfo.Player.townNPCs > 0f || spawnInfo.Player.ZoneJungle || spawnInfo.Player.ZoneMeteor)) && (!(spawnInfo.Water)) && (!(!Main.hardMode)) && (Main.hardMode) && (!((spawnInfo.SpawnTileY >= (Main.maxTilesY * 0.8f)) && Main.dayTime && Main.rand.NextBool(60))) && (!((spawnInfo.SpawnTileY >= (Main.maxTilesY * 0.8f)) && !Main.dayTime && Main.rand.NextBool(35))) && (!(spawnInfo.Player.ZoneDungeon && Main.rand.NextBool(100))) && (!(spawnInfo.Player.ZoneHallow && ((spawnInfo.SpawnTileY >= (Main.maxTilesY * 0.3f) && spawnInfo.SpawnTileY < (Main.maxTilesY * 0.4f)) || (spawnInfo.SpawnTileY >= (Main.maxTilesY * 0.4f) && spawnInfo.SpawnTileY < (Main.maxTilesY * 0.6f))) && Main.rand.NextBool(90))) && ((spawnInfo.Player.ZoneCorrupt || spawnInfo.Player.ZoneCrimson || spawnInfo.Player.ZoneUndergroundDesert) && ((spawnInfo.SpawnTileY >= (Main.maxTilesY * 0.3f) && spawnInfo.SpawnTileY < (Main.maxTilesY * 0.4f)) || (spawnInfo.SpawnTileY >= (Main.maxTilesY * 0.4f) && spawnInfo.SpawnTileY < (Main.maxTilesY * 0.6f))) && Main.rand.NextBool(100)),NPCs/Enemies/Necromancer.cs,130
NPC Spawn Rule,Necromancer,Necromancer,Enemies,ModNPC,Natural spawn rules,1,—,800,0,25,No,No,No,SpawnChance,0,Hardmode + SuperHardmode,General / Custom,Any / condition-defined depth,Day and night / unspecified,—,Excluded,(!(spawnInfo.Player.townNPCs > 0f || spawnInfo.Player.ZoneJungle || spawnInfo.Player.ZoneMeteor)) && (!(spawnInfo.Water)) && (!(!Main.hardMode)) && (Main.hardMode) && (!((spawnInfo.SpawnTileY >= (Main.maxTilesY * 0.8f)) && Main.dayTime && Main.rand.NextBool(60))) && (!((spawnInfo.SpawnTileY >= (Main.maxTilesY * 0.8f)) && !Main.dayTime && Main.rand.NextBool(35))) && (!(spawnInfo.Player.ZoneDungeon && Main.rand.NextBool(100))) && (!(spawnInfo.Player.ZoneHallow && ((spawnInfo.SpawnTileY >= (Main.maxTilesY * 0.3f) && spawnInfo.SpawnTileY < (Main.maxTilesY * 0.4f)) || (spawnInfo.SpawnTileY >= (Main.maxTilesY * 0.4f) && spawnInfo.SpawnTileY < (Main.maxTilesY * 0.6f))) && Main.rand.NextBool(90))) && (!((spawnInfo.Player.ZoneCorrupt || spawnInfo.Player.ZoneCrimson || spawnInfo.Player.ZoneUndergroundDesert) && ((spawnInfo.SpawnTileY >= (Main.maxTilesY * 0.3f) && spawnInfo.SpawnTileY < (Main.maxTilesY * 0.4f)) || (spawnInfo.SpawnTileY >= (Main.maxTilesY * 0.4f) && spawnInfo.SpawnTileY < (Main.maxTilesY * 0.6f))) && Main.rand.NextBool(100))),NPCs/Enemies/Necromancer.cs,131
NPC Spawn Rule,Necromancer,Necromancer,Enemies,ModNPC,Natural spawn rules,1,—,800,0,25,No,No,No,SpawnChance,0,Pre-Hardmode,General / Custom,Any / condition-defined depth,Day and night / unspecified,—,Excluded,(!(spawnInfo.Player.townNPCs > 0f || spawnInfo.Player.ZoneJungle || spawnInfo.Player.ZoneMeteor)) && (!(spawnInfo.Water)) && (!(!Main.hardMode)) && (!(Main.hardMode)),NPCs/Enemies/Necromancer.cs,133
NPC Spawn Rule,ObsidianJellyfish,Obsidian Jellyfish,Enemies,ModNPC,Natural spawn rules,1,—,6,80,999,No,No,No,SpawnChance,0.045f,Hardmode + SuperHardmode,Jungle,Any / condition-defined depth,Day and night / unspecified,—,Required,(Main.hardMode && (spawnInfo.Player.position.X < 3600 && spawnInfo.Water) && spawnInfo.Player.ZoneJungle),NPCs/Enemies/ObsidianJellyfish.cs,46
NPC Spawn Rule,ObsidianJellyfish,Obsidian Jellyfish,Enemies,ModNPC,Natural spawn rules,1,—,6,80,999,No,No,No,SpawnChance,.45f,Pre-Hardmode,Corruption + Crimson + Dungeon + Meteor,Surface or Underground or Caverns,Day and night / unspecified,—,Required,(!(Main.hardMode && (spawnInfo.Player.position.X < 3600 && spawnInfo.Water) && spawnInfo.Player.ZoneJungle)) && (!Main.hardMode) && ((spawnInfo.Water && (spawnInfo.Player.ZoneMeteor || spawnInfo.Player.ZoneCorrupt || spawnInfo.Player.ZoneCrimson)) && (spawnInfo.Player.ZoneRockLayerHeight || spawnInfo.Player.ZoneDirtLayerHeight || spawnInfo.Player.ZoneOverworldHeight)) && (Main.hardMode) && ((spawnInfo.Water && (spawnInfo.Player.ZoneMeteor || spawnInfo.Player.ZoneCorrupt || spawnInfo.Player.ZoneCrimson || spawnInfo.Player.ZoneDungeon)) && (spawnInfo.Player.ZoneRockLayerHeight || spawnInfo.Player.ZoneDirtLayerHeight || spawnInfo.Player.ZoneOverworldHeight)),NPCs/Enemies/ObsidianJellyfish.cs,63
NPC Spawn Rule,ObsidianJellyfish,Obsidian Jellyfish,Enemies,ModNPC,Natural spawn rules,1,—,6,80,999,No,No,No,SpawnChance,.35f,Pre-Hardmode,Corruption + Crimson + Meteor,Surface or Underground or Caverns,Day and night / unspecified,—,Required,(!(Main.hardMode && (spawnInfo.Player.position.X < 3600 && spawnInfo.Water) && spawnInfo.Player.ZoneJungle)) && (!Main.hardMode) && ((spawnInfo.Water && (spawnInfo.Player.ZoneMeteor || spawnInfo.Player.ZoneCorrupt || spawnInfo.Player.ZoneCrimson)) && (spawnInfo.Player.ZoneRockLayerHeight || spawnInfo.Player.ZoneDirtLayerHeight || spawnInfo.Player.ZoneOverworldHeight)) && (Main.hardMode) && (!((spawnInfo.Water && (spawnInfo.Player.ZoneMeteor || spawnInfo.Player.ZoneCorrupt || spawnInfo.Player.ZoneCrimson || spawnInfo.Player.ZoneDungeon)) && (spawnInfo.Player.ZoneRockLayerHeight || spawnInfo.Player.ZoneDirtLayerHeight || spawnInfo.Player.ZoneOverworldHeight))),NPCs/Enemies/ObsidianJellyfish.cs,63
NPC Spawn Rule,ObsidianJellyfish,Obsidian Jellyfish,Enemies,ModNPC,Natural spawn rules,1,—,6,80,999,No,No,No,SpawnChance,.35f,Pre-Hardmode,Corruption + Crimson + Meteor,Surface or Underground or Caverns,Day and night / unspecified,—,Required,(!(Main.hardMode && (spawnInfo.Player.position.X < 3600 && spawnInfo.Water) && spawnInfo.Player.ZoneJungle)) && (!Main.hardMode) && ((spawnInfo.Water && (spawnInfo.Player.ZoneMeteor || spawnInfo.Player.ZoneCorrupt || spawnInfo.Player.ZoneCrimson)) && (spawnInfo.Player.ZoneRockLayerHeight || spawnInfo.Player.ZoneDirtLayerHeight || spawnInfo.Player.ZoneOverworldHeight)) && (!(Main.hardMode)),NPCs/Enemies/ObsidianJellyfish.cs,63
NPC Spawn Rule,ObsidianJellyfish,Obsidian Jellyfish,Enemies,ModNPC,Natural spawn rules,1,—,6,80,999,No,No,No,SpawnChance,.45f,Pre-Hardmode,Corruption + Crimson + Dungeon + Meteor,Surface or Underground or Caverns,Day and night / unspecified,—,Required,(!(Main.hardMode && (spawnInfo.Player.position.X < 3600 && spawnInfo.Water) && spawnInfo.Player.ZoneJungle)) && (!Main.hardMode) && (!((spawnInfo.Water && (spawnInfo.Player.ZoneMeteor || spawnInfo.Player.ZoneCorrupt || spawnInfo.Player.ZoneCrimson)) && (spawnInfo.Player.ZoneRockLayerHeight || spawnInfo.Player.ZoneDirtLayerHeight || spawnInfo.Player.ZoneOverworldHeight))) && (Main.hardMode) && ((spawnInfo.Water && (spawnInfo.Player.ZoneMeteor || spawnInfo.Player.ZoneCorrupt || spawnInfo.Player.ZoneCrimson || spawnInfo.Player.ZoneDungeon)) && (spawnInfo.Player.ZoneRockLayerHeight || spawnInfo.Player.ZoneDirtLayerHeight || spawnInfo.Player.ZoneOverworldHeight)),NPCs/Enemies/ObsidianJellyfish.cs,63
NPC Spawn Rule,ObsidianJellyfish,Obsidian Jellyfish,Enemies,ModNPC,Natural spawn rules,1,—,6,80,999,No,No,No,SpawnChance,0,Pre-Hardmode,General / Custom,Any / condition-defined depth,Day and night / unspecified,—,Unspecified,(!(Main.hardMode && (spawnInfo.Player.position.X < 3600 && spawnInfo.Water) && spawnInfo.Player.ZoneJungle)) && (!Main.hardMode) && (!((spawnInfo.Water && (spawnInfo.Player.ZoneMeteor || spawnInfo.Player.ZoneCorrupt || spawnInfo.Player.ZoneCrimson)) && (spawnInfo.Player.ZoneRockLayerHeight || spawnInfo.Player.ZoneDirtLayerHeight || spawnInfo.Player.ZoneOverworldHeight))) && (Main.hardMode) && (!((spawnInfo.Water && (spawnInfo.Player.ZoneMeteor || spawnInfo.Player.ZoneCorrupt || spawnInfo.Player.ZoneCrimson || spawnInfo.Player.ZoneDungeon)) && (spawnInfo.Player.ZoneRockLayerHeight || spawnInfo.Player.ZoneDirtLayerHeight || spawnInfo.Player.ZoneOverworldHeight))),NPCs/Enemies/ObsidianJellyfish.cs,63
NPC Spawn Rule,ObsidianJellyfish,Obsidian Jellyfish,Enemies,ModNPC,Natural spawn rules,1,—,6,80,999,No,No,No,SpawnChance,0,Pre-Hardmode,General / Custom,Any / condition-defined depth,Day and night / unspecified,—,Unspecified,(!(Main.hardMode && (spawnInfo.Player.position.X < 3600 && spawnInfo.Water) && spawnInfo.Player.ZoneJungle)) && (!Main.hardMode) && (!((spawnInfo.Water && (spawnInfo.Player.ZoneMeteor || spawnInfo.Player.ZoneCorrupt || spawnInfo.Player.ZoneCrimson)) && (spawnInfo.Player.ZoneRockLayerHeight || spawnInfo.Player.ZoneDirtLayerHeight || spawnInfo.Player.ZoneOverworldHeight))) && (!(Main.hardMode)),NPCs/Enemies/ObsidianJellyfish.cs,63
NPC Spawn Rule,ObsidianJellyfish,Obsidian Jellyfish,Enemies,ModNPC,Natural spawn rules,1,—,6,80,999,No,No,No,SpawnChance,.45f,Hardmode + SuperHardmode,Corruption + Crimson + Dungeon + Meteor,Surface or Underground or Caverns,Day and night / unspecified,—,Required,(!(Main.hardMode && (spawnInfo.Player.position.X < 3600 && spawnInfo.Water) && spawnInfo.Player.ZoneJungle)) && (!(!Main.hardMode)) && (Main.hardMode) && ((spawnInfo.Water && (spawnInfo.Player.ZoneMeteor || spawnInfo.Player.ZoneCorrupt || spawnInfo.Player.ZoneCrimson || spawnInfo.Player.ZoneDungeon)) && (spawnInfo.Player.ZoneRockLayerHeight || spawnInfo.Player.ZoneDirtLayerHeight || spawnInfo.Player.ZoneOverworldHeight)),NPCs/Enemies/ObsidianJellyfish.cs,63
NPC Spawn Rule,ObsidianJellyfish,Obsidian Jellyfish,Enemies,ModNPC,Natural spawn rules,1,—,6,80,999,No,No,No,SpawnChance,0,Hardmode + SuperHardmode,General / Custom,Any / condition-defined depth,Day and night / unspecified,—,Unspecified,(!(Main.hardMode && (spawnInfo.Player.position.X < 3600 && spawnInfo.Water) && spawnInfo.Player.ZoneJungle)) && (!(!Main.hardMode)) && (Main.hardMode) && (!((spawnInfo.Water && (spawnInfo.Player.ZoneMeteor || spawnInfo.Player.ZoneCorrupt || spawnInfo.Player.ZoneCrimson || spawnInfo.Player.ZoneDungeon)) && (spawnInfo.Player.ZoneRockLayerHeight || spawnInfo.Player.ZoneDirtLayerHeight || spawnInfo.Player.ZoneOverworldHeight))),NPCs/Enemies/ObsidianJellyfish.cs,63
NPC Spawn Rule,ObsidianJellyfish,Obsidian Jellyfish,Enemies,ModNPC,Natural spawn rules,1,—,6,80,999,No,No,No,SpawnChance,0,Pre-Hardmode,General / Custom,Any / condition-defined depth,Day and night / unspecified,—,Unspecified,(!(Main.hardMode && (spawnInfo.Player.position.X < 3600 && spawnInfo.Water) && spawnInfo.Player.ZoneJungle)) && (!(!Main.hardMode)) && (!(Main.hardMode)),NPCs/Enemies/ObsidianJellyfish.cs,63
NPC,Okiku,Mindflayer Illusion,Bosses,ModNPC,No natural spawn method,2f,—,(int)(22400 * (Main.masterMode ? 1.5f : 1)),0,36,Yes,No,No,None,—,—,—,—,—,—,—,—,NPCs/Bosses/Okiku/ThirdForm/Okiku.cs,12
NPC Spawn Rule,OolacileDemon,Ephemeral Oolacile Demon,Enemies,ModNPC,Natural spawn rules,5,—,3500,63,70,No,No,No,SpawnChance,0,Pre-Hardmode + Hardmode + SuperHardmode,General / Custom,Any / condition-defined depth,Day and night / unspecified,—,Unspecified,(NPC.AnyNPCs(ModContent.NPCType<OolacileDemon>())),NPCs/Enemies/SuperHardMode/OolacileDemon.cs,76
NPC Spawn Rule,OolacileDemon,Ephemeral Oolacile Demon,Enemies,ModNPC,Natural spawn rules,5,—,3500,63,70,No,No,No,SpawnChance,1,SuperHardmode,Crimson,Any / condition-defined depth,Day and night / unspecified,1/20,Unspecified,(!(NPC.AnyNPCs(ModContent.NPCType<OolacileDemon>()))) && (tsorcRevampWorld.SuperHardMode && spawnInfo.Player.ZoneCrimson && Main.rand.NextBool(20)),NPCs/Enemies/SuperHardMode/OolacileDemon.cs,79
NPC Spawn Rule,OolacileDemon,Ephemeral Oolacile Demon,Enemies,ModNPC,Natural spawn rules,5,—,3500,63,70,No,No,No,SpawnChance,1,SuperHardmode,Desert,Any / condition-defined depth,Day and night / unspecified,1/30,Unspecified,(!(NPC.AnyNPCs(ModContent.NPCType<OolacileDemon>()))) && (!(tsorcRevampWorld.SuperHardMode && spawnInfo.Player.ZoneCrimson && Main.rand.NextBool(20))) && (tsorcRevampWorld.SuperHardMode && spawnInfo.Player.ZoneDesert && Main.rand.NextBool(30)),NPCs/Enemies/SuperHardMode/OolacileDemon.cs,81
NPC Spawn Rule,OolacileDemon,Ephemeral Oolacile Demon,Enemies,ModNPC,Natural spawn rules,5,—,3500,63,70,No,No,No,SpawnChance,1,SuperHardmode,Desert,Any / condition-defined depth,Day and night / unspecified,1/20,Unspecified,(!(NPC.AnyNPCs(ModContent.NPCType<OolacileDemon>()))) && (!(tsorcRevampWorld.SuperHardMode && spawnInfo.Player.ZoneCrimson && Main.rand.NextBool(20))) && (!(tsorcRevampWorld.SuperHardMode && spawnInfo.Player.ZoneDesert && Main.rand.NextBool(30))) && (tsorcRevampWorld.SuperHardMode && spawnInfo.Player.ZoneUndergroundDesert && Main.rand.NextBool(20)),NPCs/Enemies/SuperHardMode/OolacileDemon.cs,83
NPC Spawn Rule,OolacileDemon,Ephemeral Oolacile Demon,Enemies,ModNPC,Natural spawn rules,5,—,3500,63,70,No,No,No,SpawnChance,1,SuperHardmode,General / Custom,Any / condition-defined depth,Night,1/13,Unspecified,(!(NPC.AnyNPCs(ModContent.NPCType<OolacileDemon>()))) && (!(tsorcRevampWorld.SuperHardMode && spawnInfo.Player.ZoneCrimson && Main.rand.NextBool(20))) && (!(tsorcRevampWorld.SuperHardMode && spawnInfo.Player.ZoneDesert && Main.rand.NextBool(30))) && (!(tsorcRevampWorld.SuperHardMode && spawnInfo.Player.ZoneUndergroundDesert && Main.rand.NextBool(20))) && (tsorcRevampWorld.SuperHardMode && !Main.dayTime && (spawnInfo.SpawnTileY >= (Main.maxTilesY - 200) * 16) && Main.rand.NextBool(13)),NPCs/Enemies/SuperHardMode/OolacileDemon.cs,85
NPC Spawn Rule,OolacileDemon,Ephemeral Oolacile Demon,Enemies,ModNPC,Natural spawn rules,5,—,3500,63,70,No,No,No,SpawnChance,1,SuperHardmode,General / Custom,Any / condition-defined depth,Day and night / unspecified,1/8,Unspecified,(!(NPC.AnyNPCs(ModContent.NPCType<OolacileDemon>()))) && (!(tsorcRevampWorld.SuperHardMode && spawnInfo.Player.ZoneCrimson && Main.rand.NextBool(20))) && (!(tsorcRevampWorld.SuperHardMode && spawnInfo.Player.ZoneDesert && Main.rand.NextBool(30))) && (!(tsorcRevampWorld.SuperHardMode && spawnInfo.Player.ZoneUndergroundDesert && Main.rand.NextBool(20))) && (!(tsorcRevampWorld.SuperHardMode && !Main.dayTime && (spawnInfo.SpawnTileY >= (Main.maxTilesY - 200) * 16) && Main.rand.NextBool(13))) && (tsorcRevampWorld.SuperHardMode && Main.bloodMoon && (spawnInfo.SpawnTileY >= (Main.maxTilesY - 200) * 16) && Main.rand.NextBool(8)),NPCs/Enemies/SuperHardMode/OolacileDemon.cs,87
NPC Spawn Rule,OolacileDemon,Ephemeral Oolacile Demon,Enemies,ModNPC,Natural spawn rules,5,—,3500,63,70,No,No,No,SpawnChance,1,SuperHardmode,General / Custom,Any / condition-defined depth,Day,1/20,Unspecified,(!(NPC.AnyNPCs(ModContent.NPCType<OolacileDemon>()))) && (!(tsorcRevampWorld.SuperHardMode && spawnInfo.Player.ZoneCrimson && Main.rand.NextBool(20))) && (!(tsorcRevampWorld.SuperHardMode && spawnInfo.Player.ZoneDesert && Main.rand.NextBool(30))) && (!(tsorcRevampWorld.SuperHardMode && spawnInfo.Player.ZoneUndergroundDesert && Main.rand.NextBool(20))) && (!(tsorcRevampWorld.SuperHardMode && !Main.dayTime && (spawnInfo.SpawnTileY >= (Main.maxTilesY - 200) * 16) && Main.rand.NextBool(13))) && (!(tsorcRevampWorld.SuperHardMode && Main.bloodMoon && (spawnInfo.SpawnTileY >= (Main.maxTilesY - 200) * 16) && Main.rand.NextBool(8))) && (tsorcRevampWorld.SuperHardMode && Main.dayTime && (spawnInfo.SpawnTileY >= (Main.maxTilesY - 200) * 16) && Main.rand.NextBool(20)),NPCs/Enemies/SuperHardMode/OolacileDemon.cs,89
NPC Spawn Rule,OolacileDemon,Ephemeral Oolacile Demon,Enemies,ModNPC,Natural spawn rules,5,—,3500,63,70,No,No,No,SpawnChance,0,Pre-Hardmode + Hardmode + SuperHardmode,General / Custom,Any / condition-defined depth,Day and night / unspecified,—,Unspecified,(!(NPC.AnyNPCs(ModContent.NPCType<OolacileDemon>()))) && (!(tsorcRevampWorld.SuperHardMode && spawnInfo.Player.ZoneCrimson && Main.rand.NextBool(20))) && (!(tsorcRevampWorld.SuperHardMode && spawnInfo.Player.ZoneDesert && Main.rand.NextBool(30))) && (!(tsorcRevampWorld.SuperHardMode && spawnInfo.Player.ZoneUndergroundDesert && Main.rand.NextBool(20))) && (!(tsorcRevampWorld.SuperHardMode && !Main.dayTime && (spawnInfo.SpawnTileY >= (Main.maxTilesY - 200) * 16) && Main.rand.NextBool(13))) && (!(tsorcRevampWorld.SuperHardMode && Main.bloodMoon && (spawnInfo.SpawnTileY >= (Main.maxTilesY - 200) * 16) && Main.rand.NextBool(8))) && (!(tsorcRevampWorld.SuperHardMode && Main.dayTime && (spawnInfo.SpawnTileY >= (Main.maxTilesY - 200) * 16) && Main.rand.NextBool(20))),NPCs/Enemies/SuperHardMode/OolacileDemon.cs,91
NPC Spawn Rule,OolacileKnight,Oolacile Knight,Enemies,ModNPC,Natural spawn rules,2,—,5400,63,70,No,No,No,SpawnChance,0f,Pre-Hardmode + Hardmode + SuperHardmode,General / Custom,Any / condition-defined depth,Day and night / unspecified,—,Required,(spawnInfo.Water),NPCs/Enemies/SuperHardMode/OolacileKnight.cs,83
NPC Spawn Rule,OolacileKnight,Oolacile Knight,Enemies,ModNPC,Natural spawn rules,2,—,5400,63,70,No,No,No,SpawnChance,0,Pre-Hardmode + Hardmode + SuperHardmode,General / Custom,Any / condition-defined depth,Day and night / unspecified,—,Excluded,(!(spawnInfo.Water)) && (NPC.AnyNPCs(ModContent.NPCType<OolacileKnight>())),NPCs/Enemies/SuperHardMode/OolacileKnight.cs,87
NPC Spawn Rule,OolacileKnight,Oolacile Knight,Enemies,ModNPC,Natural spawn rules,2,—,5400,63,70,No,No,No,SpawnChance,1,SuperHardmode,Jungle,Any / condition-defined depth,Day and night / unspecified,1/20,Excluded,(!(spawnInfo.Water)) && (!(NPC.AnyNPCs(ModContent.NPCType<OolacileKnight>()))) && (spawnInfo.Player.ZoneJungle && tsorcRevampWorld.SuperHardMode && (spawnInfo.SpawnTileY < Main.worldSurface) && !tsorcRevampWorld.NewSlain.ContainsKey(new NPCDefinition(ModContent.NPCType<OolacileKnight>())) && Main.rand.NextBool(20)),NPCs/Enemies/SuperHardMode/OolacileKnight.cs,94
NPC Spawn Rule,OolacileKnight,Oolacile Knight,Enemies,ModNPC,Natural spawn rules,2,—,5400,63,70,No,No,No,SpawnChance,1,SuperHardmode,Dungeon,Any / condition-defined depth,Day and night / unspecified,1/15,Excluded,(!(spawnInfo.Water)) && (!(NPC.AnyNPCs(ModContent.NPCType<OolacileKnight>()))) && (!(spawnInfo.Player.ZoneJungle && tsorcRevampWorld.SuperHardMode && (spawnInfo.SpawnTileY < Main.worldSurface) && !tsorcRevampWorld.NewSlain.ContainsKey(new NPCDefinition(ModContent.NPCType<OolacileKnight>())) && Main.rand.NextBool(20))) && (spawnInfo.Player.ZoneDungeon && Main.bloodMoon && tsorcRevampWorld.SuperHardMode && tsorcRevampWorld.NewSlain.ContainsKey(new NPCDefinition(ModContent.NPCType<OolacileKnight>())) && Main.rand.NextBool(15)),NPCs/Enemies/SuperHardMode/OolacileKnight.cs,101
NPC Spawn Rule,OolacileKnight,Oolacile Knight,Enemies,ModNPC,Natural spawn rules,2,—,5400,63,70,No,No,No,SpawnChance,1,SuperHardmode,Meteor,Any / condition-defined depth,Day and night / unspecified,1/25,Excluded,(!(spawnInfo.Water)) && (!(NPC.AnyNPCs(ModContent.NPCType<OolacileKnight>()))) && (!(spawnInfo.Player.ZoneJungle && tsorcRevampWorld.SuperHardMode && (spawnInfo.SpawnTileY < Main.worldSurface) && !tsorcRevampWorld.NewSlain.ContainsKey(new NPCDefinition(ModContent.NPCType<OolacileKnight>())) && Main.rand.NextBool(20))) && (!(spawnInfo.Player.ZoneDungeon && Main.bloodMoon && tsorcRevampWorld.SuperHardMode && tsorcRevampWorld.NewSlain.ContainsKey(new NPCDefinition(ModContent.NPCType<OolacileKnight>())) && Main.rand.NextBool(15))) && (spawnInfo.Player.ZoneMeteor && Main.bloodMoon && tsorcRevampWorld.SuperHardMode && tsorcRevampWorld.NewSlain.ContainsKey(new NPCDefinition(ModContent.NPCType<OolacileKnight>())) && Main.rand.NextBool(25)),NPCs/Enemies/SuperHardMode/OolacileKnight.cs,108
NPC Spawn Rule,OolacileKnight,Oolacile Knight,Enemies,ModNPC,Natural spawn rules,2,—,5400,63,70,No,No,No,SpawnChance,1,SuperHardmode,Dungeon,Any / condition-defined depth,Day and night / unspecified,1/35,Excluded,(!(spawnInfo.Water)) && (!(NPC.AnyNPCs(ModContent.NPCType<OolacileKnight>()))) && (!(spawnInfo.Player.ZoneJungle && tsorcRevampWorld.SuperHardMode && (spawnInfo.SpawnTileY < Main.worldSurface) && !tsorcRevampWorld.NewSlain.ContainsKey(new NPCDefinition(ModContent.NPCType<OolacileKnight>())) && Main.rand.NextBool(20))) && (!(spawnInfo.Player.ZoneDungeon && Main.bloodMoon && tsorcRevampWorld.SuperHardMode && tsorcRevampWorld.NewSlain.ContainsKey(new NPCDefinition(ModContent.NPCType<OolacileKnight>())) && Main.rand.NextBool(15))) && (!(spawnInfo.Player.ZoneMeteor && Main.bloodMoon && tsorcRevampWorld.SuperHardMode && tsorcRevampWorld.NewSlain.ContainsKey(new NPCDefinition(ModContent.NPCType<OolacileKnight>())) && Main.rand.NextBool(25))) && (spawnInfo.Player.ZoneDungeon && tsorcRevampWorld.SuperHardMode && tsorcRevampWorld.NewSlain.ContainsKey(new NPCDefinition(ModContent.NPCType<OolacileKnight>())) && Main.rand.NextBool(35)),NPCs/Enemies/SuperHardMode/OolacileKnight.cs,115
NPC Spawn Rule,OolacileKnight,Oolacile Knight,Enemies,ModNPC,Natural spawn rules,2,—,5400,63,70,No,No,No,SpawnChance,0,Pre-Hardmode + Hardmode + SuperHardmode,General / Custom,Any / condition-defined depth,Day and night / unspecified,—,Excluded,(!(spawnInfo.Water)) && (!(NPC.AnyNPCs(ModContent.NPCType<OolacileKnight>()))) && (!(spawnInfo.Player.ZoneJungle && tsorcRevampWorld.SuperHardMode && (spawnInfo.SpawnTileY < Main.worldSurface) && !tsorcRevampWorld.NewSlain.ContainsKey(new NPCDefinition(ModContent.NPCType<OolacileKnight>())) && Main.rand.NextBool(20))) && (!(spawnInfo.Player.ZoneDungeon && Main.bloodMoon && tsorcRevampWorld.SuperHardMode && tsorcRevampWorld.NewSlain.ContainsKey(new NPCDefinition(ModContent.NPCType<OolacileKnight>())) && Main.rand.NextBool(15))) && (!(spawnInfo.Player.ZoneMeteor && Main.bloodMoon && tsorcRevampWorld.SuperHardMode && tsorcRevampWorld.NewSlain.ContainsKey(new NPCDefinition(ModContent.NPCType<OolacileKnight>())) && Main.rand.NextBool(25))) && (!(spawnInfo.Player.ZoneDungeon && tsorcRevampWorld.SuperHardMode && tsorcRevampWorld.NewSlain.ContainsKey(new NPCDefinition(ModContent.NPCType<OolacileKnight>())) && Main.rand.NextBool(35))),NPCs/Enemies/SuperHardMode/OolacileKnight.cs,118
NPC Spawn Rule,OolacileSorcerer,Oolacile Sorcerer,Enemies,ModNPC,Natural spawn rules,2,—,5500,0,92,No,No,No,SpawnChance,0,SuperHardmode,General / Custom,Any / condition-defined depth,Day and night / unspecified,—,Unspecified,(NPC.AnyNPCs(ModContent.NPCType<NPCs.Enemies.SuperHardMode.OolacileSorcerer>())),NPCs/Enemies/SuperHardMode/OolacileSorcerer.cs,65
NPC Spawn Rule,OolacileSorcerer,Oolacile Sorcerer,Enemies,ModNPC,Natural spawn rules,2,—,5500,0,92,No,No,No,SpawnChance,1,SuperHardmode,Jungle,Any / condition-defined depth,Day and night / unspecified,1/70,Unspecified,(!(NPC.AnyNPCs(ModContent.NPCType<NPCs.Enemies.SuperHardMode.OolacileSorcerer>()))) && (tsorcRevampWorld.SuperHardMode && spawnInfo.Player.ZoneJungle && !spawnInfo.Player.ZoneDungeon && !(spawnInfo.Player.ZoneCorrupt || spawnInfo.Player.ZoneCrimson) && (spawnInfo.SpawnTileY < Main.worldSurface) && !(spawnInfo.SpawnTileX < 3600 || spawnInfo.SpawnTileX > (Main.maxTilesX - 100) * 16) && Main.rand.NextBool(70)),NPCs/Enemies/SuperHardMode/OolacileSorcerer.cs,82
NPC Spawn Rule,OolacileSorcerer,Oolacile Sorcerer,Enemies,ModNPC,Natural spawn rules,2,—,5500,0,92,No,No,No,SpawnChance,1,SuperHardmode,General / Custom,Any / condition-defined depth,Day and night / unspecified,1/25,Unspecified,(!(NPC.AnyNPCs(ModContent.NPCType<NPCs.Enemies.SuperHardMode.OolacileSorcerer>()))) && (!(tsorcRevampWorld.SuperHardMode && spawnInfo.Player.ZoneJungle && !spawnInfo.Player.ZoneDungeon && !(spawnInfo.Player.ZoneCorrupt || spawnInfo.Player.ZoneCrimson) && (spawnInfo.SpawnTileY < Main.worldSurface) && !(spawnInfo.SpawnTileX < 3600 || spawnInfo.SpawnTileX > (Main.maxTilesX - 100) * 16) && Main.rand.NextBool(70))) && (tsorcRevampWorld.SuperHardMode && (spawnInfo.SpawnTileX < 3600 || spawnInfo.SpawnTileX > (Main.maxTilesX - 100) * 16) && !(spawnInfo.SpawnTileY < Main.worldSurface) && Main.rand.NextBool(25)),NPCs/Enemies/SuperHardMode/OolacileSorcerer.cs,84
NPC Spawn Rule,OolacileSorcerer,Oolacile Sorcerer,Enemies,ModNPC,Natural spawn rules,2,—,5500,0,92,No,No,No,SpawnChance,1,SuperHardmode,Jungle,Any / condition-defined depth,Day and night / unspecified,1/30,Unspecified,(!(NPC.AnyNPCs(ModContent.NPCType<NPCs.Enemies.SuperHardMode.OolacileSorcerer>()))) && (!(tsorcRevampWorld.SuperHardMode && spawnInfo.Player.ZoneJungle && !spawnInfo.Player.ZoneDungeon && !(spawnInfo.Player.ZoneCorrupt || spawnInfo.Player.ZoneCrimson) && (spawnInfo.SpawnTileY < Main.worldSurface) && !(spawnInfo.SpawnTileX < 3600 || spawnInfo.SpawnTileX > (Main.maxTilesX - 100) * 16) && Main.rand.NextBool(70))) && (!(tsorcRevampWorld.SuperHardMode && (spawnInfo.SpawnTileX < 3600 || spawnInfo.SpawnTileX > (Main.maxTilesX - 100) * 16) && !(spawnInfo.SpawnTileY < Main.worldSurface) && Main.rand.NextBool(25))) && (tsorcRevampWorld.SuperHardMode && Main.bloodMoon && spawnInfo.Player.ZoneJungle && !spawnInfo.Player.ZoneDungeon && !(spawnInfo.Player.ZoneCorrupt || spawnInfo.Player.ZoneCrimson) && !(spawnInfo.SpawnTileY < Main.worldSurface) && !(spawnInfo.SpawnTileX < 3600 || spawnInfo.SpawnTileX > (Main.maxTilesX - 100) * 16) && Main.rand.NextBool(30)),NPCs/Enemies/SuperHardMode/OolacileSorcerer.cs,86
NPC Spawn Rule,OolacileSorcerer,Oolacile Sorcerer,Enemies,ModNPC,Natural spawn rules,2,—,5500,0,92,No,No,No,SpawnChance,1,SuperHardmode,Crimson,Any / condition-defined depth,Day and night / unspecified,1/20,Unspecified,(!(NPC.AnyNPCs(ModContent.NPCType<NPCs.Enemies.SuperHardMode.OolacileSorcerer>()))) && (!(tsorcRevampWorld.SuperHardMode && spawnInfo.Player.ZoneJungle && !spawnInfo.Player.ZoneDungeon && !(spawnInfo.Player.ZoneCorrupt || spawnInfo.Player.ZoneCrimson) && (spawnInfo.SpawnTileY < Main.worldSurface) && !(spawnInfo.SpawnTileX < 3600 || spawnInfo.SpawnTileX > (Main.maxTilesX - 100) * 16) && Main.rand.NextBool(70))) && (!(tsorcRevampWorld.SuperHardMode && (spawnInfo.SpawnTileX < 3600 || spawnInfo.SpawnTileX > (Main.maxTilesX - 100) * 16) && !(spawnInfo.SpawnTileY < Main.worldSurface) && Main.rand.NextBool(25))) && (!(tsorcRevampWorld.SuperHardMode && Main.bloodMoon && spawnInfo.Player.ZoneJungle && !spawnInfo.Player.ZoneDungeon && !(spawnInfo.Player.ZoneCorrupt || spawnInfo.Player.ZoneCrimson) && !(spawnInfo.SpawnTileY < Main.worldSurface) && !(spawnInfo.SpawnTileX < 3600 || spawnInfo.SpawnTileX > (Main.maxTilesX - 100) * 16) && Main.rand.NextBool(30))) && (tsorcRevampWorld.SuperHardMode && spawnInfo.Player.ZoneCrimson && Main.rand.NextBool(20)),NPCs/Enemies/SuperHardMode/OolacileSorcerer.cs,88
NPC Spawn Rule,OolacileSorcerer,Oolacile Sorcerer,Enemies,ModNPC,Natural spawn rules,2,—,5500,0,92,No,No,No,SpawnChance,1,SuperHardmode,General / Custom,Any / condition-defined depth,Night,1/50,Unspecified,(!(NPC.AnyNPCs(ModContent.NPCType<NPCs.Enemies.SuperHardMode.OolacileSorcerer>()))) && (!(tsorcRevampWorld.SuperHardMode && spawnInfo.Player.ZoneJungle && !spawnInfo.Player.ZoneDungeon && !(spawnInfo.Player.ZoneCorrupt || spawnInfo.Player.ZoneCrimson) && (spawnInfo.SpawnTileY < Main.worldSurface) && !(spawnInfo.SpawnTileX < 3600 || spawnInfo.SpawnTileX > (Main.maxTilesX - 100) * 16) && Main.rand.NextBool(70))) && (!(tsorcRevampWorld.SuperHardMode && (spawnInfo.SpawnTileX < 3600 || spawnInfo.SpawnTileX > (Main.maxTilesX - 100) * 16) && !(spawnInfo.SpawnTileY < Main.worldSurface) && Main.rand.NextBool(25))) && (!(tsorcRevampWorld.SuperHardMode && Main.bloodMoon && spawnInfo.Player.ZoneJungle && !spawnInfo.Player.ZoneDungeon && !(spawnInfo.Player.ZoneCorrupt || spawnInfo.Player.ZoneCrimson) && !(spawnInfo.SpawnTileY < Main.worldSurface) && !(spawnInfo.SpawnTileX < 3600 || spawnInfo.SpawnTileX > (Main.maxTilesX - 100) * 16) && Main.rand.NextBool(30))) && (!(tsorcRevampWorld.SuperHardMode && spawnInfo.Player.ZoneCrimson && Main.rand.NextBool(20))) && (tsorcRevampWorld.SuperHardMode && !Main.dayTime && (spawnInfo.SpawnTileY >= Main.rockLayer && spawnInfo.SpawnTileY < (Main.maxTilesY - 200) * 16) && Main.rand.NextBool(50)),NPCs/Enemies/SuperHardMode/OolacileSorcerer.cs,90
NPC Spawn Rule,OolacileSorcerer,Oolacile Sorcerer,Enemies,ModNPC,Natural spawn rules,2,—,5500,0,92,No,No,No,SpawnChance,1,SuperHardmode,Dungeon,Any / condition-defined depth,Day and night / unspecified,1/8,Unspecified,(!(NPC.AnyNPCs(ModContent.NPCType<NPCs.Enemies.SuperHardMode.OolacileSorcerer>()))) && (!(tsorcRevampWorld.SuperHardMode && spawnInfo.Player.ZoneJungle && !spawnInfo.Player.ZoneDungeon && !(spawnInfo.Player.ZoneCorrupt || spawnInfo.Player.ZoneCrimson) && (spawnInfo.SpawnTileY < Main.worldSurface) && !(spawnInfo.SpawnTileX < 3600 || spawnInfo.SpawnTileX > (Main.maxTilesX - 100) * 16) && Main.rand.NextBool(70))) && (!(tsorcRevampWorld.SuperHardMode && (spawnInfo.SpawnTileX < 3600 || spawnInfo.SpawnTileX > (Main.maxTilesX - 100) * 16) && !(spawnInfo.SpawnTileY < Main.worldSurface) && Main.rand.NextBool(25))) && (!(tsorcRevampWorld.SuperHardMode && Main.bloodMoon && spawnInfo.Player.ZoneJungle && !spawnInfo.Player.ZoneDungeon && !(spawnInfo.Player.ZoneCorrupt || spawnInfo.Player.ZoneCrimson) && !(spawnInfo.SpawnTileY < Main.worldSurface) && !(spawnInfo.SpawnTileX < 3600 || spawnInfo.SpawnTileX > (Main.maxTilesX - 100) * 16) && Main.rand.NextBool(30))) && (!(tsorcRevampWorld.SuperHardMode && spawnInfo.Player.ZoneCrimson && Main.rand.NextBool(20))) && (!(tsorcRevampWorld.SuperHardMode && !Main.dayTime && (spawnInfo.SpawnTileY >= Main.rockLayer && spawnInfo.SpawnTileY < (Main.maxTilesY - 200) * 16) && Main.rand.NextBool(50))) && (tsorcRevampWorld.SuperHardMode && Main.bloodMoon && spawnInfo.Player.ZoneDungeon && Main.rand.NextBool(8)),NPCs/Enemies/SuperHardMode/OolacileSorcerer.cs,92
NPC Spawn Rule,OolacileSorcerer,Oolacile Sorcerer,Enemies,ModNPC,Natural spawn rules,2,—,5500,0,92,No,No,No,SpawnChance,0,Pre-Hardmode + Hardmode,General / Custom,Any / condition-defined depth,Day and night / unspecified,—,Unspecified,(!(NPC.AnyNPCs(ModContent.NPCType<NPCs.Enemies.SuperHardMode.OolacileSorcerer>()))) && (!(tsorcRevampWorld.SuperHardMode && spawnInfo.Player.ZoneJungle && !spawnInfo.Player.ZoneDungeon && !(spawnInfo.Player.ZoneCorrupt || spawnInfo.Player.ZoneCrimson) && (spawnInfo.SpawnTileY < Main.worldSurface) && !(spawnInfo.SpawnTileX < 3600 || spawnInfo.SpawnTileX > (Main.maxTilesX - 100) * 16) && Main.rand.NextBool(70))) && (!(tsorcRevampWorld.SuperHardMode && (spawnInfo.SpawnTileX < 3600 || spawnInfo.SpawnTileX > (Main.maxTilesX - 100) * 16) && !(spawnInfo.SpawnTileY < Main.worldSurface) && Main.rand.NextBool(25))) && (!(tsorcRevampWorld.SuperHardMode && Main.bloodMoon && spawnInfo.Player.ZoneJungle && !spawnInfo.Player.ZoneDungeon && !(spawnInfo.Player.ZoneCorrupt || spawnInfo.Player.ZoneCrimson) && !(spawnInfo.SpawnTileY < Main.worldSurface) && !(spawnInfo.SpawnTileX < 3600 || spawnInfo.SpawnTileX > (Main.maxTilesX - 100) * 16) && Main.rand.NextBool(30))) && (!(tsorcRevampWorld.SuperHardMode && spawnInfo.Player.ZoneCrimson && Main.rand.NextBool(20))) && (!(tsorcRevampWorld.SuperHardMode && !Main.dayTime && (spawnInfo.SpawnTileY >= Main.rockLayer && spawnInfo.SpawnTileY < (Main.maxTilesY - 200) * 16) && Main.rand.NextBool(50))) && (!(tsorcRevampWorld.SuperHardMode && Main.bloodMoon && spawnInfo.Player.ZoneDungeon && Main.rand.NextBool(8))),NPCs/Enemies/SuperHardMode/OolacileSorcerer.cs,95
NPC Spawn Rule,Parasprite,Parasprite,Enemies,ModNPC,Natural spawn rules,1,—,90,48,1,No,No,No,SpawnChance,0f,Pre-Hardmode + Hardmode + SuperHardmode,General / Custom,Any / condition-defined depth,Day and night / unspecified,—,Conditional / mixed,(spawnInfo.Water || !spawnInfo.Player.ZoneHallow || !NPC.downedBoss3),NPCs/Enemies/Parasprite.cs,78
NPC Spawn Rule,Parasprite,Parasprite,Enemies,ModNPC,Natural spawn rules,1,—,90,48,1,No,No,No,SpawnChance,0f,Pre-Hardmode + Hardmode + SuperHardmode,Hallow,Any / condition-defined depth,Day and night / unspecified,—,Excluded,(!(spawnInfo.Water || !spawnInfo.Player.ZoneHallow || !NPC.downedBoss3)) && (spawnInfo.SpawnTileY < Main.maxTilesY * 0.1f || spawnInfo.SpawnTileY > Main.maxTilesY * 0.6f),NPCs/Enemies/Parasprite.cs,83
NPC Spawn Rule,Parasprite,Parasprite,Enemies,ModNPC,Natural spawn rules,1,—,90,48,1,No,No,No,SpawnChance,0.15f,Pre-Hardmode + Hardmode + SuperHardmode,Hallow,Any / condition-defined depth,Day and night / unspecified,—,Excluded,(!(spawnInfo.Water || !spawnInfo.Player.ZoneHallow || !NPC.downedBoss3)) && (!(spawnInfo.SpawnTileY < Main.maxTilesY * 0.1f || spawnInfo.SpawnTileY > Main.maxTilesY * 0.6f)),NPCs/Enemies/Parasprite.cs,85
NPC,ParasyticWormBody,Parasytic Worm,Enemies,ModNPC,No natural spawn method,1,—,91000000,40,24,No,No,No,None,—,—,—,—,—,—,—,—,NPCs/Enemies/ParasyticWorm/ParasyticWormBody.cs,8
NPC Spawn Rule,ParasyticWormHead,Parasytic Worm,Enemies,ModNPC,Natural spawn rules,5,—,1500,45,18,No,No,No,SpawnChance,1,Hardmode + SuperHardmode,Corruption + Crimson + Underworld,Underworld,Day and night / unspecified,1/200,Unspecified,(Main.hardMode) && (spawnInfo.Player.ZoneUnderworldHeight || ((spawnInfo.Player.position.Y >= Main.rockLayer) && (spawnInfo.Player.position.Y <= Main.rockLayer * 25) && (spawnInfo.Player.ZoneCorrupt || spawnInfo.Player.ZoneCrimson))) && (Main.rand.NextBool(200)),NPCs/Enemies/ParasyticWorm/ParasyticWormHead.cs,65
NPC Spawn Rule,ParasyticWormHead,Parasytic Worm,Enemies,ModNPC,Natural spawn rules,5,—,1500,45,18,No,No,No,SpawnChance,0,Hardmode + SuperHardmode,Corruption + Crimson + Underworld,Underworld,Day and night / unspecified,—,Unspecified,(Main.hardMode) && (spawnInfo.Player.ZoneUnderworldHeight || ((spawnInfo.Player.position.Y >= Main.rockLayer) && (spawnInfo.Player.position.Y <= Main.rockLayer * 25) && (spawnInfo.Player.ZoneCorrupt || spawnInfo.Player.ZoneCrimson))) && (!(Main.rand.NextBool(200))),NPCs/Enemies/ParasyticWorm/ParasyticWormHead.cs,69
NPC Spawn Rule,ParasyticWormHead,Parasytic Worm,Enemies,ModNPC,Natural spawn rules,5,—,1500,45,18,No,No,No,SpawnChance,0,Hardmode + SuperHardmode,General / Custom,Any / condition-defined depth,Day and night / unspecified,—,Unspecified,(Main.hardMode) && (!(spawnInfo.Player.ZoneUnderworldHeight || ((spawnInfo.Player.position.Y >= Main.rockLayer) && (spawnInfo.Player.position.Y <= Main.rockLayer * 25) && (spawnInfo.Player.ZoneCorrupt || spawnInfo.Player.ZoneCrimson)))),NPCs/Enemies/ParasyticWorm/ParasyticWormHead.cs,69
NPC Spawn Rule,ParasyticWormHead,Parasytic Worm,Enemies,ModNPC,Natural spawn rules,5,—,1500,45,18,No,No,No,SpawnChance,0,Pre-Hardmode,General / Custom,Any / condition-defined depth,Day and night / unspecified,—,Unspecified,(!(Main.hardMode)),NPCs/Enemies/ParasyticWorm/ParasyticWormHead.cs,69
NPC,ParasyticWormTail,Parasytic Worm,Enemies,ModNPC,No natural spawn method,1,—,91000000,20,15,No,No,No,None,—,—,—,—,—,—,—,—,NPCs/Enemies/ParasyticWorm/ParasyticWormTail.cs,8
NPC,Pinwheel,Pinwheel,Bosses,BossBase,No natural spawn method,1,—,(int)(2000 * HealthScale),0,6,No,No,No,None,—,—,—,—,—,—,—,—,NPCs/Bosses/Pinwheel/Pinwheel.cs,23
NPC,PinwheelFireball,PinwheelFireball,Enemies,ModNPC,No natural spawn method,1,—,1,30,0,No,No,No,None,—,—,—,—,—,—,—,—,NPCs/Enemies/PinwheelFireball.cs,9
NPC Spawn Rule,Plaguesmith,Plaguesmith,Enemies,ModNPC,Natural spawn rules,5,—,8250,80,45,No,No,No,SpawnChance,1,SuperHardmode,Jungle,Any / condition-defined depth,Day and night / unspecified,1/25,Unspecified,(tsorcRevampWorld.SuperHardMode) && (spawnInfo.Player.ZoneJungle && !spawnInfo.Player.ZoneOverworldHeight && Main.rand.NextBool(25)),NPCs/Enemies/SuperHardMode/Plaguesmith.cs,52
NPC Spawn Rule,Plaguesmith,Plaguesmith,Enemies,ModNPC,Natural spawn rules,5,—,8250,80,45,No,No,No,SpawnChance,0,SuperHardmode,General / Custom,Any / condition-defined depth,Day and night / unspecified,—,Unspecified,(tsorcRevampWorld.SuperHardMode) && (!(spawnInfo.Player.ZoneJungle && !spawnInfo.Player.ZoneOverworldHeight && Main.rand.NextBool(25))),NPCs/Enemies/SuperHardMode/Plaguesmith.cs,54
NPC Spawn Rule,Plaguesmith,Plaguesmith,Enemies,ModNPC,Natural spawn rules,5,—,8250,80,45,No,No,No,SpawnChance,0,Pre-Hardmode + Hardmode,General / Custom,Any / condition-defined depth,Day and night / unspecified,—,Unspecified,(!(tsorcRevampWorld.SuperHardMode)),NPCs/Enemies/SuperHardMode/Plaguesmith.cs,56
NPC,PrimeBeam,Prime Beam,Bosses,ModNPC,No natural spawn method,10,—,(int)(TheMachine.PrimeArmHealth * (Main.masterMode ? 1.5f : 1)),0,0,No,No,No,None,—,—,—,—,—,—,—,—,NPCs/Bosses/PrimeV2/PrimeBeam.cs,10
NPC,PrimeBuzzsaw,Prime Buzzsaw,Bosses,ModNPC,No natural spawn method,10,—,TheMachine.PrimeArmHealth,60,20,No,No,No,None,—,—,—,—,—,—,—,—,NPCs/Bosses/PrimeV2/PrimeBuzzsaw.cs,11
NPC,PrimeGatling,Prime Gatling,Bosses,ModNPC,No natural spawn method,10,—,(int)(TheMachine.PrimeArmHealth * (Main.masterMode ? 1.5f : 1)),0,0,No,No,No,None,—,—,—,—,—,—,—,—,NPCs/Bosses/PrimeV2/PrimeGatling.cs,11
NPC,PrimeIntro,Prime Intro,Bosses,ModNPC,No natural spawn method,10,—,300000,60,38,No,No,No,None,—,—,—,—,—,—,—,—,NPCs/Bosses/PrimeV2/PrimeIntro.cs,10
NPC,PrimeIon,Prime Ion,Bosses,ModNPC,No natural spawn method,10,—,(int)(TheMachine.PrimeArmHealth * (Main.masterMode ? 1.5f : 1)),0,0,No,No,No,None,—,—,—,—,—,—,—,—,NPCs/Bosses/PrimeV2/PrimeIon.cs,9
NPC,PrimeLaserProbe,Laser Probe,Enemies,ModNPC,No natural spawn method,1,—,75,48,0,No,No,No,None,—,—,—,—,—,—,—,—,NPCs/Enemies/PrimeLaserProbe.cs,7
NPC,PrimeSiege,Prime Siege,Bosses,ModNPC,No natural spawn method,10,—,(int)(TheMachine.PrimeArmHealth * (Main.masterMode ? 1.5f : 1)),0,0,No,No,No,None,—,—,—,—,—,—,—,—,NPCs/Bosses/PrimeV2/PrimeSiege.cs,10
NPC,PrimeWelder,Prime Welder,Bosses,ModNPC,No natural spawn method,10,—,(int)(TheMachine.PrimeArmHealth * (Main.masterMode ? 1.5f : 1)),0,20,No,No,No,None,—,—,—,—,—,—,—,—,NPCs/Bosses/PrimeV2/PrimeWelder.cs,10
NPC,PrimordialCrystal,Primordial Crystal,Bosses,ModNPC,No natural spawn method,1,—,32000,1,85,No,No,No,None,—,—,—,—,—,—,—,—,NPCs/Bosses/SuperHardMode/Seath/PrimordialCrystal.cs,9
NPC Spawn Rule,QuaraClutchCrab,Clutch Crab,Enemies,ModNPC,Natural spawning disabled,1f,—,400,34,8,No,No,No,SpawnChance,0f,Pre-Hardmode + Hardmode + SuperHardmode,General / Custom,Any / condition-defined depth,Day and night / unspecified,—,Unspecified,Always,NPCs/Enemies/QuaraClutchCrab.cs,71
NPC Spawn Rule,QuaraHydromancer,Quara Hydromancer,Enemies,ModNPC,Natural spawn rules,1,—,250,0,22,No,No,No,SpawnChance,0f,Pre-Hardmode + Hardmode + SuperHardmode,General / Custom,Any / condition-defined depth,Day and night / unspecified,—,Required,(spawnInfo.Water),NPCs/Enemies/QuaraHydromancer.cs,107
NPC Spawn Rule,QuaraHydromancer,Quara Hydromancer,Enemies,ModNPC,Natural spawn rules,1,—,250,0,22,No,No,No,SpawnChance,1,Hardmode + SuperHardmode,Hallow,Surface,Night,1/30,Excluded,(!(spawnInfo.Water)) && (Main.hardMode && tsorcRevampWorld.NewSlain.ContainsKey(new NPCDefinition(ModContent.NPCType<NPCs.Bosses.TheRage>())) && !Main.dayTime && spawnInfo.Player.ZoneHallow && spawnInfo.Player.ZoneOverworldHeight && Main.rand.NextBool(30)),NPCs/Enemies/QuaraHydromancer.cs,112
NPC Spawn Rule,QuaraHydromancer,Quara Hydromancer,Enemies,ModNPC,Natural spawn rules,1,—,250,0,22,No,No,No,SpawnChance,1,Hardmode + SuperHardmode,Hallow,Underground or Caverns,Night,1/25,Excluded,(!(spawnInfo.Water)) && (!(Main.hardMode && tsorcRevampWorld.NewSlain.ContainsKey(new NPCDefinition(ModContent.NPCType<NPCs.Bosses.TheRage>())) && !Main.dayTime && spawnInfo.Player.ZoneHallow && spawnInfo.Player.ZoneOverworldHeight && Main.rand.NextBool(30))) && (Main.hardMode && tsorcRevampWorld.NewSlain.ContainsKey(new NPCDefinition(ModContent.NPCType<NPCs.Bosses.TheRage>())) && !Main.dayTime && spawnInfo.Player.ZoneHallow && (spawnInfo.Player.ZoneRockLayerHeight || spawnInfo.Player.ZoneDirtLayerHeight) && Main.rand.NextBool(25)),NPCs/Enemies/QuaraHydromancer.cs,113
NPC Spawn Rule,QuaraHydromancer,Quara Hydromancer,Enemies,ModNPC,Natural spawn rules,1,—,250,0,22,No,No,No,SpawnChance,1,Hardmode + SuperHardmode,Hallow,Underground or Caverns,Day,1/35,Excluded,(!(spawnInfo.Water)) && (!(Main.hardMode && tsorcRevampWorld.NewSlain.ContainsKey(new NPCDefinition(ModContent.NPCType<NPCs.Bosses.TheRage>())) && !Main.dayTime && spawnInfo.Player.ZoneHallow && spawnInfo.Player.ZoneOverworldHeight && Main.rand.NextBool(30))) && (!(Main.hardMode && tsorcRevampWorld.NewSlain.ContainsKey(new NPCDefinition(ModContent.NPCType<NPCs.Bosses.TheRage>())) && !Main.dayTime && spawnInfo.Player.ZoneHallow && (spawnInfo.Player.ZoneRockLayerHeight || spawnInfo.Player.ZoneDirtLayerHeight) && Main.rand.NextBool(25))) && (Main.hardMode && tsorcRevampWorld.NewSlain.ContainsKey(new NPCDefinition(ModContent.NPCType<NPCs.Bosses.TheRage>())) && Main.dayTime && spawnInfo.Player.ZoneHallow && (spawnInfo.Player.ZoneRockLayerHeight || spawnInfo.Player.ZoneDirtLayerHeight) && Main.rand.NextBool(35)),NPCs/Enemies/QuaraHydromancer.cs,114
NPC Spawn Rule,QuaraHydromancer,Quara Hydromancer,Enemies,ModNPC,Natural spawn rules,1,—,250,0,22,No,No,No,SpawnChance,1,Hardmode + SuperHardmode,Hallow,Underground or Caverns,Day and night / unspecified,1/10,Excluded,(!(spawnInfo.Water)) && (!(Main.hardMode && tsorcRevampWorld.NewSlain.ContainsKey(new NPCDefinition(ModContent.NPCType<NPCs.Bosses.TheRage>())) && !Main.dayTime && spawnInfo.Player.ZoneHallow && spawnInfo.Player.ZoneOverworldHeight && Main.rand.NextBool(30))) && (!(Main.hardMode && tsorcRevampWorld.NewSlain.ContainsKey(new NPCDefinition(ModContent.NPCType<NPCs.Bosses.TheRage>())) && !Main.dayTime && spawnInfo.Player.ZoneHallow && (spawnInfo.Player.ZoneRockLayerHeight || spawnInfo.Player.ZoneDirtLayerHeight) && Main.rand.NextBool(25))) && (!(Main.hardMode && tsorcRevampWorld.NewSlain.ContainsKey(new NPCDefinition(ModContent.NPCType<NPCs.Bosses.TheRage>())) && Main.dayTime && spawnInfo.Player.ZoneHallow && (spawnInfo.Player.ZoneRockLayerHeight || spawnInfo.Player.ZoneDirtLayerHeight) && Main.rand.NextBool(35))) && (Main.hardMode && !tsorcRevampWorld.NewSlain.ContainsKey(new NPCDefinition(ModContent.NPCType<NPCs.Bosses.TheRage>())) && spawnInfo.Player.ZoneHallow && (spawnInfo.Player.ZoneRockLayerHeight || spawnInfo.Player.ZoneDirtLayerHeight) && Main.rand.NextBool(10)),NPCs/Enemies/QuaraHydromancer.cs,115
NPC Spawn Rule,QuaraHydromancer,Quara Hydromancer,Enemies,ModNPC,Natural spawn rules,1,—,250,0,22,No,No,No,SpawnChance,1,Hardmode + SuperHardmode,Lihzahrd Temple,Any / condition-defined depth,Day and night / unspecified,1/45,Excluded,(!(spawnInfo.Water)) && (!(Main.hardMode && tsorcRevampWorld.NewSlain.ContainsKey(new NPCDefinition(ModContent.NPCType<NPCs.Bosses.TheRage>())) && !Main.dayTime && spawnInfo.Player.ZoneHallow && spawnInfo.Player.ZoneOverworldHeight && Main.rand.NextBool(30))) && (!(Main.hardMode && tsorcRevampWorld.NewSlain.ContainsKey(new NPCDefinition(ModContent.NPCType<NPCs.Bosses.TheRage>())) && !Main.dayTime && spawnInfo.Player.ZoneHallow && (spawnInfo.Player.ZoneRockLayerHeight || spawnInfo.Player.ZoneDirtLayerHeight) && Main.rand.NextBool(25))) && (!(Main.hardMode && tsorcRevampWorld.NewSlain.ContainsKey(new NPCDefinition(ModContent.NPCType<NPCs.Bosses.TheRage>())) && Main.dayTime && spawnInfo.Player.ZoneHallow && (spawnInfo.Player.ZoneRockLayerHeight || spawnInfo.Player.ZoneDirtLayerHeight) && Main.rand.NextBool(35))) && (!(Main.hardMode && !tsorcRevampWorld.NewSlain.ContainsKey(new NPCDefinition(ModContent.NPCType<NPCs.Bosses.TheRage>())) && spawnInfo.Player.ZoneHallow && (spawnInfo.Player.ZoneRockLayerHeight || spawnInfo.Player.ZoneDirtLayerHeight) && Main.rand.NextBool(10))) && (Main.hardMode && spawnInfo.Lihzahrd && Main.rand.NextBool(45)),NPCs/Enemies/QuaraHydromancer.cs,116
NPC Spawn Rule,QuaraHydromancer,Quara Hydromancer,Enemies,ModNPC,Natural spawn rules,1,—,250,0,22,No,No,No,SpawnChance,1,Hardmode + SuperHardmode,Desert,Any / condition-defined depth,Day and night / unspecified,1/45,Excluded,(!(spawnInfo.Water)) && (!(Main.hardMode && tsorcRevampWorld.NewSlain.ContainsKey(new NPCDefinition(ModContent.NPCType<NPCs.Bosses.TheRage>())) && !Main.dayTime && spawnInfo.Player.ZoneHallow && spawnInfo.Player.ZoneOverworldHeight && Main.rand.NextBool(30))) && (!(Main.hardMode && tsorcRevampWorld.NewSlain.ContainsKey(new NPCDefinition(ModContent.NPCType<NPCs.Bosses.TheRage>())) && !Main.dayTime && spawnInfo.Player.ZoneHallow && (spawnInfo.Player.ZoneRockLayerHeight || spawnInfo.Player.ZoneDirtLayerHeight) && Main.rand.NextBool(25))) && (!(Main.hardMode && tsorcRevampWorld.NewSlain.ContainsKey(new NPCDefinition(ModContent.NPCType<NPCs.Bosses.TheRage>())) && Main.dayTime && spawnInfo.Player.ZoneHallow && (spawnInfo.Player.ZoneRockLayerHeight || spawnInfo.Player.ZoneDirtLayerHeight) && Main.rand.NextBool(35))) && (!(Main.hardMode && !tsorcRevampWorld.NewSlain.ContainsKey(new NPCDefinition(ModContent.NPCType<NPCs.Bosses.TheRage>())) && spawnInfo.Player.ZoneHallow && (spawnInfo.Player.ZoneRockLayerHeight || spawnInfo.Player.ZoneDirtLayerHeight) && Main.rand.NextBool(10))) && (!(Main.hardMode && spawnInfo.Lihzahrd && Main.rand.NextBool(45))) && (Main.hardMode && spawnInfo.Player.ZoneDesert && Main.rand.NextBool(45)),NPCs/Enemies/QuaraHydromancer.cs,117
NPC Spawn Rule,QuaraHydromancer,Quara Hydromancer,Enemies,ModNPC,Natural spawn rules,1,—,250,0,22,No,No,No,SpawnChance,1,SuperHardmode,Hallow,Any / condition-defined depth,Day and night / unspecified,1/10,Excluded,(!(spawnInfo.Water)) && (!(Main.hardMode && tsorcRevampWorld.NewSlain.ContainsKey(new NPCDefinition(ModContent.NPCType<NPCs.Bosses.TheRage>())) && !Main.dayTime && spawnInfo.Player.ZoneHallow && spawnInfo.Player.ZoneOverworldHeight && Main.rand.NextBool(30))) && (!(Main.hardMode && tsorcRevampWorld.NewSlain.ContainsKey(new NPCDefinition(ModContent.NPCType<NPCs.Bosses.TheRage>())) && !Main.dayTime && spawnInfo.Player.ZoneHallow && (spawnInfo.Player.ZoneRockLayerHeight || spawnInfo.Player.ZoneDirtLayerHeight) && Main.rand.NextBool(25))) && (!(Main.hardMode && tsorcRevampWorld.NewSlain.ContainsKey(new NPCDefinition(ModContent.NPCType<NPCs.Bosses.TheRage>())) && Main.dayTime && spawnInfo.Player.ZoneHallow && (spawnInfo.Player.ZoneRockLayerHeight || spawnInfo.Player.ZoneDirtLayerHeight) && Main.rand.NextBool(35))) && (!(Main.hardMode && !tsorcRevampWorld.NewSlain.ContainsKey(new NPCDefinition(ModContent.NPCType<NPCs.Bosses.TheRage>())) && spawnInfo.Player.ZoneHallow && (spawnInfo.Player.ZoneRockLayerHeight || spawnInfo.Player.ZoneDirtLayerHeight) && Main.rand.NextBool(10))) && (!(Main.hardMode && spawnInfo.Lihzahrd && Main.rand.NextBool(45))) && (!(Main.hardMode && spawnInfo.Player.ZoneDesert && Main.rand.NextBool(45))) && (tsorcRevampWorld.SuperHardMode && spawnInfo.Player.ZoneHallow && Main.rand.NextBool(10)),NPCs/Enemies/QuaraHydromancer.cs,118
NPC Spawn Rule,QuaraHydromancer,Quara Hydromancer,Enemies,ModNPC,Natural spawn rules,1,—,250,0,22,No,No,No,SpawnChance,1,SuperHardmode,Glowing Mushroom,Any / condition-defined depth,Day and night / unspecified,1/5,Excluded,(!(spawnInfo.Water)) && (!(Main.hardMode && tsorcRevampWorld.NewSlain.ContainsKey(new NPCDefinition(ModContent.NPCType<NPCs.Bosses.TheRage>())) && !Main.dayTime && spawnInfo.Player.ZoneHallow && spawnInfo.Player.ZoneOverworldHeight && Main.rand.NextBool(30))) && (!(Main.hardMode && tsorcRevampWorld.NewSlain.ContainsKey(new NPCDefinition(ModContent.NPCType<NPCs.Bosses.TheRage>())) && !Main.dayTime && spawnInfo.Player.ZoneHallow && (spawnInfo.Player.ZoneRockLayerHeight || spawnInfo.Player.ZoneDirtLayerHeight) && Main.rand.NextBool(25))) && (!(Main.hardMode && tsorcRevampWorld.NewSlain.ContainsKey(new NPCDefinition(ModContent.NPCType<NPCs.Bosses.TheRage>())) && Main.dayTime && spawnInfo.Player.ZoneHallow && (spawnInfo.Player.ZoneRockLayerHeight || spawnInfo.Player.ZoneDirtLayerHeight) && Main.rand.NextBool(35))) && (!(Main.hardMode && !tsorcRevampWorld.NewSlain.ContainsKey(new NPCDefinition(ModContent.NPCType<NPCs.Bosses.TheRage>())) && spawnInfo.Player.ZoneHallow && (spawnInfo.Player.ZoneRockLayerHeight || spawnInfo.Player.ZoneDirtLayerHeight) && Main.rand.NextBool(10))) && (!(Main.hardMode && spawnInfo.Lihzahrd && Main.rand.NextBool(45))) && (!(Main.hardMode && spawnInfo.Player.ZoneDesert && Main.rand.NextBool(45))) && (!(tsorcRevampWorld.SuperHardMode && spawnInfo.Player.ZoneHallow && Main.rand.NextBool(10))) && (tsorcRevampWorld.SuperHardMode && spawnInfo.Player.ZoneGlowshroom && Main.rand.NextBool(5)),NPCs/Enemies/QuaraHydromancer.cs,119
NPC Spawn Rule,QuaraHydromancer,Quara Hydromancer,Enemies,ModNPC,Natural spawn rules,1,—,250,0,22,No,No,No,SpawnChance,0,Pre-Hardmode + Hardmode + SuperHardmode,General / Custom,Any / condition-defined depth,Day and night / unspecified,—,Excluded,(!(spawnInfo.Water)) && (!(Main.hardMode && tsorcRevampWorld.NewSlain.ContainsKey(new NPCDefinition(ModContent.NPCType<NPCs.Bosses.TheRage>())) && !Main.dayTime && spawnInfo.Player.ZoneHallow && spawnInfo.Player.ZoneOverworldHeight && Main.rand.NextBool(30))) && (!(Main.hardMode && tsorcRevampWorld.NewSlain.ContainsKey(new NPCDefinition(ModContent.NPCType<NPCs.Bosses.TheRage>())) && !Main.dayTime && spawnInfo.Player.ZoneHallow && (spawnInfo.Player.ZoneRockLayerHeight || spawnInfo.Player.ZoneDirtLayerHeight) && Main.rand.NextBool(25))) && (!(Main.hardMode && tsorcRevampWorld.NewSlain.ContainsKey(new NPCDefinition(ModContent.NPCType<NPCs.Bosses.TheRage>())) && Main.dayTime && spawnInfo.Player.ZoneHallow && (spawnInfo.Player.ZoneRockLayerHeight || spawnInfo.Player.ZoneDirtLayerHeight) && Main.rand.NextBool(35))) && (!(Main.hardMode && !tsorcRevampWorld.NewSlain.ContainsKey(new NPCDefinition(ModContent.NPCType<NPCs.Bosses.TheRage>())) && spawnInfo.Player.ZoneHallow && (spawnInfo.Player.ZoneRockLayerHeight || spawnInfo.Player.ZoneDirtLayerHeight) && Main.rand.NextBool(10))) && (!(Main.hardMode && spawnInfo.Lihzahrd && Main.rand.NextBool(45))) && (!(Main.hardMode && spawnInfo.Player.ZoneDesert && Main.rand.NextBool(45))) && (!(tsorcRevampWorld.SuperHardMode && spawnInfo.Player.ZoneHallow && Main.rand.NextBool(10))) && (!(tsorcRevampWorld.SuperHardMode && spawnInfo.Player.ZoneGlowshroom && Main.rand.NextBool(5))),NPCs/Enemies/QuaraHydromancer.cs,120
NPC Spawn Rule,QuaraMantassin,Quara Mantassin,Enemies,ModNPC,Legacy spawn logic (current override disabled),100,—,800,52,12,No,No,No,SpawnChance,0f,Pre-Hardmode + Hardmode + SuperHardmode,General / Custom,Any / condition-defined depth,Day and night / unspecified,—,Unspecified,Always,NPCs/Enemies/QuaraMantassin.cs,53
NPC Spawn Rule,QuaraMantassin,Quara Mantassin,Enemies,ModNPC,Legacy spawn logic (current override disabled),100,—,800,52,12,No,No,No,CanSpawnLegacy,0f,Pre-Hardmode + Hardmode + SuperHardmode,Dungeon,Any / condition-defined depth,Day and night / unspecified,—,Unspecified,(Main.pumpkinMoon || Main.snowMoon || s.Player.townNPCs > 0f || s.Player.ZoneDungeon),NPCs/Enemies/QuaraMantassin.cs,70
NPC Spawn Rule,QuaraMantassin,Quara Mantassin,Enemies,ModNPC,Legacy spawn logic (current override disabled),100,—,800,52,12,No,No,No,CanSpawnLegacy,1f,Pre-Hardmode + Hardmode + SuperHardmode,General / Custom,Any / condition-defined depth,Day and night / unspecified,—,Unspecified,(!(Main.pumpkinMoon || Main.snowMoon || s.Player.townNPCs > 0f || s.Player.ZoneDungeon)) && ((s.SpawnTileX <= (Main.maxTilesX * .2f) && s.SpawnTileX < (Main.maxTilesX * 0.8f) && s.SpawnTileY < (Main.maxTilesY * 0.4f))) && ((s.SpawnTileY >= (Main.maxTilesY * 0.1f) && s.SpawnTileY < (Main.maxTilesY * 0.2f)) || (s.SpawnTileY >= (Main.maxTilesY * 0.2f) && s.SpawnTileY < (Main.maxTilesY * 0.3f)) || (s.SpawnTileY >= (Main.maxTilesY * 0.3f) && s.SpawnTileY < (Main.maxTilesY * 0.4f))) && (Main.rand.Next(470) == 1),NPCs/Enemies/QuaraMantassin.cs,76
NPC Spawn Rule,QuaraMantassin,Quara Mantassin,Enemies,ModNPC,Legacy spawn logic (current override disabled),100,—,800,52,12,No,No,No,CanSpawnLegacy,1f,Pre-Hardmode + Hardmode + SuperHardmode,General / Custom,Any / condition-defined depth,Day and night / unspecified,—,Unspecified,(!(Main.pumpkinMoon || Main.snowMoon || s.Player.townNPCs > 0f || s.Player.ZoneDungeon)) && ((s.SpawnTileX <= (Main.maxTilesX * .2f) && s.SpawnTileX < (Main.maxTilesX * 0.8f) && s.SpawnTileY < (Main.maxTilesY * 0.4f))) && ((s.SpawnTileY >= (Main.maxTilesY * 0.1f) && s.SpawnTileY < (Main.maxTilesY * 0.2f)) || (s.SpawnTileY >= (Main.maxTilesY * 0.2f) && s.SpawnTileY < (Main.maxTilesY * 0.3f)) || (s.SpawnTileY >= (Main.maxTilesY * 0.3f) && s.SpawnTileY < (Main.maxTilesY * 0.4f))) && (!(Main.rand.Next(470) == 1)) && (((s.SpawnTileY >= (Main.maxTilesY * 0.2f) && s.SpawnTileY < (Main.maxTilesY * 0.3f)) || (s.SpawnTileY >= (Main.maxTilesY * 0.3f) && s.SpawnTileY < (Main.maxTilesY * 0.4f))) && Main.rand.Next(135) == 1),NPCs/Enemies/QuaraMantassin.cs,77
NPC Spawn Rule,QuaraMantassin,Quara Mantassin,Enemies,ModNPC,Legacy spawn logic (current override disabled),100,—,800,52,12,No,No,No,CanSpawnLegacy,1f,Hardmode + SuperHardmode,General / Custom,Any / condition-defined depth,Day and night / unspecified,—,Unspecified,(!(Main.pumpkinMoon || Main.snowMoon || s.Player.townNPCs > 0f || s.Player.ZoneDungeon)) && ((s.SpawnTileX <= (Main.maxTilesX * .2f) && s.SpawnTileX < (Main.maxTilesX * 0.8f) && s.SpawnTileY < (Main.maxTilesY * 0.4f))) && ((s.SpawnTileY >= (Main.maxTilesY * 0.1f) && s.SpawnTileY < (Main.maxTilesY * 0.2f)) || (s.SpawnTileY >= (Main.maxTilesY * 0.2f) && s.SpawnTileY < (Main.maxTilesY * 0.3f)) || (s.SpawnTileY >= (Main.maxTilesY * 0.3f) && s.SpawnTileY < (Main.maxTilesY * 0.4f))) && (!(Main.rand.Next(470) == 1)) && (!(((s.SpawnTileY >= (Main.maxTilesY * 0.2f) && s.SpawnTileY < (Main.maxTilesY * 0.3f)) || (s.SpawnTileY >= (Main.maxTilesY * 0.3f) && s.SpawnTileY < (Main.maxTilesY * 0.4f))) && Main.rand.Next(135) == 1)) && (Main.hardMode) && (Main.rand.Next(21) == 1),NPCs/Enemies/QuaraMantassin.cs,80
NPC Spawn Rule,QuaraMantassin,Quara Mantassin,Enemies,ModNPC,Legacy spawn logic (current override disabled),100,—,800,52,12,No,No,No,CanSpawnLegacy,1f,Hardmode + SuperHardmode,General / Custom,Any / condition-defined depth,Day and night / unspecified,—,Unspecified,(!(Main.pumpkinMoon || Main.snowMoon || s.Player.townNPCs > 0f || s.Player.ZoneDungeon)) && ((s.SpawnTileX <= (Main.maxTilesX * .2f) && s.SpawnTileX < (Main.maxTilesX * 0.8f) && s.SpawnTileY < (Main.maxTilesY * 0.4f))) && ((s.SpawnTileY >= (Main.maxTilesY * 0.1f) && s.SpawnTileY < (Main.maxTilesY * 0.2f)) || (s.SpawnTileY >= (Main.maxTilesY * 0.2f) && s.SpawnTileY < (Main.maxTilesY * 0.3f)) || (s.SpawnTileY >= (Main.maxTilesY * 0.3f) && s.SpawnTileY < (Main.maxTilesY * 0.4f))) && (!(Main.rand.Next(470) == 1)) && (!(((s.SpawnTileY >= (Main.maxTilesY * 0.2f) && s.SpawnTileY < (Main.maxTilesY * 0.3f)) || (s.SpawnTileY >= (Main.maxTilesY * 0.3f) && s.SpawnTileY < (Main.maxTilesY * 0.4f))) && Main.rand.Next(135) == 1)) && (Main.hardMode) && (!(Main.rand.Next(21) == 1)) && (((s.SpawnTileY >= (Main.maxTilesY * 0.2f) && s.SpawnTileY < (Main.maxTilesY * 0.3f)) || (s.SpawnTileY >= (Main.maxTilesY * 0.3f) && s.SpawnTileY < (Main.maxTilesY * 0.4f))) && Main.rand.Next(13) == 1),NPCs/Enemies/QuaraMantassin.cs,81
NPC Spawn Rule,QuaraMantassin,Quara Mantassin,Enemies,ModNPC,Legacy spawn logic (current override disabled),100,—,800,52,12,No,No,No,CanSpawnLegacy,0f,Hardmode + SuperHardmode,General / Custom,Any / condition-defined depth,Day and night / unspecified,—,Unspecified,(!(Main.pumpkinMoon || Main.snowMoon || s.Player.townNPCs > 0f || s.Player.ZoneDungeon)) && ((s.SpawnTileX <= (Main.maxTilesX * .2f) && s.SpawnTileX < (Main.maxTilesX * 0.8f) && s.SpawnTileY < (Main.maxTilesY * 0.4f))) && ((s.SpawnTileY >= (Main.maxTilesY * 0.1f) && s.SpawnTileY < (Main.maxTilesY * 0.2f)) || (s.SpawnTileY >= (Main.maxTilesY * 0.2f) && s.SpawnTileY < (Main.maxTilesY * 0.3f)) || (s.SpawnTileY >= (Main.maxTilesY * 0.3f) && s.SpawnTileY < (Main.maxTilesY * 0.4f))) && (!(Main.rand.Next(470) == 1)) && (!(((s.SpawnTileY >= (Main.maxTilesY * 0.2f) && s.SpawnTileY < (Main.maxTilesY * 0.3f)) || (s.SpawnTileY >= (Main.maxTilesY * 0.3f) && s.SpawnTileY < (Main.maxTilesY * 0.4f))) && Main.rand.Next(135) == 1)) && (Main.hardMode) && (!(Main.rand.Next(21) == 1)) && (!(((s.SpawnTileY >= (Main.maxTilesY * 0.2f) && s.SpawnTileY < (Main.maxTilesY * 0.3f)) || (s.SpawnTileY >= (Main.maxTilesY * 0.3f) && s.SpawnTileY < (Main.maxTilesY * 0.4f))) && Main.rand.Next(13) == 1)),NPCs/Enemies/QuaraMantassin.cs,82
NPC Spawn Rule,QuaraMantassin,Quara Mantassin,Enemies,ModNPC,Legacy spawn logic (current override disabled),100,—,800,52,12,No,No,No,CanSpawnLegacy,0f,Pre-Hardmode,General / Custom,Any / condition-defined depth,Day and night / unspecified,—,Unspecified,(!(Main.pumpkinMoon || Main.snowMoon || s.Player.townNPCs > 0f || s.Player.ZoneDungeon)) && ((s.SpawnTileX <= (Main.maxTilesX * .2f) && s.SpawnTileX < (Main.maxTilesX * 0.8f) && s.SpawnTileY < (Main.maxTilesY * 0.4f))) && ((s.SpawnTileY >= (Main.maxTilesY * 0.1f) && s.SpawnTileY < (Main.maxTilesY * 0.2f)) || (s.SpawnTileY >= (Main.maxTilesY * 0.2f) && s.SpawnTileY < (Main.maxTilesY * 0.3f)) || (s.SpawnTileY >= (Main.maxTilesY * 0.3f) && s.SpawnTileY < (Main.maxTilesY * 0.4f))) && (!(Main.rand.Next(470) == 1)) && (!(((s.SpawnTileY >= (Main.maxTilesY * 0.2f) && s.SpawnTileY < (Main.maxTilesY * 0.3f)) || (s.SpawnTileY >= (Main.maxTilesY * 0.3f) && s.SpawnTileY < (Main.maxTilesY * 0.4f))) && Main.rand.Next(135) == 1)) && (!(Main.hardMode)),NPCs/Enemies/QuaraMantassin.cs,84
NPC Spawn Rule,QuaraMantassin,Quara Mantassin,Enemies,ModNPC,Legacy spawn logic (current override disabled),100,—,800,52,12,No,No,No,CanSpawnLegacy,0f,Pre-Hardmode + Hardmode + SuperHardmode,General / Custom,Any / condition-defined depth,Day and night / unspecified,—,Unspecified,(!(Main.pumpkinMoon || Main.snowMoon || s.Player.townNPCs > 0f || s.Player.ZoneDungeon)) && ((s.SpawnTileX <= (Main.maxTilesX * .2f) && s.SpawnTileX < (Main.maxTilesX * 0.8f) && s.SpawnTileY < (Main.maxTilesY * 0.4f))) && (!((s.SpawnTileY >= (Main.maxTilesY * 0.1f) && s.SpawnTileY < (Main.maxTilesY * 0.2f)) || (s.SpawnTileY >= (Main.maxTilesY * 0.2f) && s.SpawnTileY < (Main.maxTilesY * 0.3f)) || (s.SpawnTileY >= (Main.maxTilesY * 0.3f) && s.SpawnTileY < (Main.maxTilesY * 0.4f)))),NPCs/Enemies/QuaraMantassin.cs,86
NPC Spawn Rule,QuaraMantassin,Quara Mantassin,Enemies,ModNPC,Legacy spawn logic (current override disabled),100,—,800,52,12,No,No,No,CanSpawnLegacy,0f,Pre-Hardmode + Hardmode + SuperHardmode,General / Custom,Any / condition-defined depth,Day and night / unspecified,—,Unspecified,(!(Main.pumpkinMoon || Main.snowMoon || s.Player.townNPCs > 0f || s.Player.ZoneDungeon)) && (!((s.SpawnTileX <= (Main.maxTilesX * .2f) && s.SpawnTileX < (Main.maxTilesX * 0.8f) && s.SpawnTileY < (Main.maxTilesY * 0.4f)))),NPCs/Enemies/QuaraMantassin.cs,88
NPC Spawn Rule,QuaraPincher,Quara Pincher,Enemies,ModNPC,Natural spawn rules,40f,110f / 70f,1200,56,12,No,No,No,SpawnChance,0f,Pre-Hardmode + Hardmode + SuperHardmode,Dungeon,Any / condition-defined depth,Day and night / unspecified,—,Unspecified,(Main.pumpkinMoon || Main.snowMoon || spawnInfo.Player.townNPCs > 0f || spawnInfo.Player.ZoneDungeon),NPCs/Enemies/QuaraPincher.cs,134
NPC Spawn Rule,QuaraPincher,Quara Pincher,Enemies,ModNPC,Natural spawn rules,40f,110f / 70f,1200,56,12,No,No,No,SpawnChance,1f,SuperHardmode,Ocean,Any / condition-defined depth,Day and night / unspecified,1/18,Unspecified,(!(Main.pumpkinMoon || Main.snowMoon || spawnInfo.Player.townNPCs > 0f || spawnInfo.Player.ZoneDungeon)) && (spawnInfo.Player.ZoneBeach) && (tsorcRevampWorld.SuperHardMode && Main.rand.NextBool(18)),NPCs/Enemies/QuaraPincher.cs,143
NPC Spawn Rule,QuaraPincher,Quara Pincher,Enemies,ModNPC,Natural spawn rules,40f,110f / 70f,1200,56,12,No,No,No,SpawnChance,1f,Hardmode + SuperHardmode,Ocean,Any / condition-defined depth,Day and night / unspecified,1/30,Unspecified,(!(Main.pumpkinMoon || Main.snowMoon || spawnInfo.Player.townNPCs > 0f || spawnInfo.Player.ZoneDungeon)) && (spawnInfo.Player.ZoneBeach) && (!(tsorcRevampWorld.SuperHardMode && Main.rand.NextBool(18))) && (Main.hardMode && Main.rand.NextBool(30)),NPCs/Enemies/QuaraPincher.cs,144
NPC Spawn Rule,QuaraPincher,Quara Pincher,Enemies,ModNPC,Natural spawn rules,40f,110f / 70f,1200,56,12,No,No,No,SpawnChance,1f,Pre-Hardmode + Hardmode + SuperHardmode,Ocean,Any / condition-defined depth,Day and night / unspecified,1/140,Unspecified,(!(Main.pumpkinMoon || Main.snowMoon || spawnInfo.Player.townNPCs > 0f || spawnInfo.Player.ZoneDungeon)) && (spawnInfo.Player.ZoneBeach) && (!(tsorcRevampWorld.SuperHardMode && Main.rand.NextBool(18))) && (!(Main.hardMode && Main.rand.NextBool(30))) && (Main.rand.NextBool(140)),NPCs/Enemies/QuaraPincher.cs,145
NPC Spawn Rule,QuaraPincher,Quara Pincher,Enemies,ModNPC,Natural spawn rules,40f,110f / 70f,1200,56,12,No,No,No,SpawnChance,1f,SuperHardmode,Desert + Ocean,Any / condition-defined depth,Day and night / unspecified,1/22,Unspecified,(!(Main.pumpkinMoon || Main.snowMoon || spawnInfo.Player.townNPCs > 0f || spawnInfo.Player.ZoneDungeon)) && (spawnInfo.Player.ZoneBeach) && (!(tsorcRevampWorld.SuperHardMode && Main.rand.NextBool(18))) && (!(Main.hardMode && Main.rand.NextBool(30))) && (!(Main.rand.NextBool(140))) && (spawnInfo.Player.ZoneUndergroundDesert) && (tsorcRevampWorld.SuperHardMode && Main.rand.NextBool(22)),NPCs/Enemies/QuaraPincher.cs,149
NPC Spawn Rule,QuaraPincher,Quara Pincher,Enemies,ModNPC,Natural spawn rules,40f,110f / 70f,1200,56,12,No,No,No,SpawnChance,1f,SuperHardmode,Desert,Any / condition-defined depth,Day and night / unspecified,1/22,Unspecified,(!(Main.pumpkinMoon || Main.snowMoon || spawnInfo.Player.townNPCs > 0f || spawnInfo.Player.ZoneDungeon)) && (!(spawnInfo.Player.ZoneBeach)) && (spawnInfo.Player.ZoneUndergroundDesert) && (tsorcRevampWorld.SuperHardMode && Main.rand.NextBool(22)),NPCs/Enemies/QuaraPincher.cs,149
NPC Spawn Rule,QuaraPincher,Quara Pincher,Enemies,ModNPC,Natural spawn rules,40f,110f / 70f,1200,56,12,No,No,No,SpawnChance,1f,Hardmode + SuperHardmode,Desert + Ocean,Any / condition-defined depth,Day and night / unspecified,1/45,Unspecified,(!(Main.pumpkinMoon || Main.snowMoon || spawnInfo.Player.townNPCs > 0f || spawnInfo.Player.ZoneDungeon)) && (spawnInfo.Player.ZoneBeach) && (!(tsorcRevampWorld.SuperHardMode && Main.rand.NextBool(18))) && (!(Main.hardMode && Main.rand.NextBool(30))) && (!(Main.rand.NextBool(140))) && (spawnInfo.Player.ZoneUndergroundDesert) && (!(tsorcRevampWorld.SuperHardMode && Main.rand.NextBool(22))) && (Main.hardMode && Main.rand.NextBool(45)),NPCs/Enemies/QuaraPincher.cs,150
NPC Spawn Rule,QuaraPincher,Quara Pincher,Enemies,ModNPC,Natural spawn rules,40f,110f / 70f,1200,56,12,No,No,No,SpawnChance,1f,Hardmode + SuperHardmode,Desert,Any / condition-defined depth,Day and night / unspecified,1/45,Unspecified,(!(Main.pumpkinMoon || Main.snowMoon || spawnInfo.Player.townNPCs > 0f || spawnInfo.Player.ZoneDungeon)) && (!(spawnInfo.Player.ZoneBeach)) && (spawnInfo.Player.ZoneUndergroundDesert) && (!(tsorcRevampWorld.SuperHardMode && Main.rand.NextBool(22))) && (Main.hardMode && Main.rand.NextBool(45)),NPCs/Enemies/QuaraPincher.cs,150
NPC Spawn Rule,QuaraPincher,Quara Pincher,Enemies,ModNPC,Natural spawn rules,40f,110f / 70f,1200,56,12,No,No,No,SpawnChance,0f,Pre-Hardmode + Hardmode + SuperHardmode,Desert + Ocean,Any / condition-defined depth,Day and night / unspecified,—,Unspecified,(!(Main.pumpkinMoon || Main.snowMoon || spawnInfo.Player.townNPCs > 0f || spawnInfo.Player.ZoneDungeon)) && (spawnInfo.Player.ZoneBeach) && (!(tsorcRevampWorld.SuperHardMode && Main.rand.NextBool(18))) && (!(Main.hardMode && Main.rand.NextBool(30))) && (!(Main.rand.NextBool(140))) && (spawnInfo.Player.ZoneUndergroundDesert) && (!(tsorcRevampWorld.SuperHardMode && Main.rand.NextBool(22))) && (!(Main.hardMode && Main.rand.NextBool(45))),NPCs/Enemies/QuaraPincher.cs,152
NPC Spawn Rule,QuaraPincher,Quara Pincher,Enemies,ModNPC,Natural spawn rules,40f,110f / 70f,1200,56,12,No,No,No,SpawnChance,0f,Pre-Hardmode + Hardmode + SuperHardmode,Ocean,Any / condition-defined depth,Day and night / unspecified,—,Unspecified,(!(Main.pumpkinMoon || Main.snowMoon || spawnInfo.Player.townNPCs > 0f || spawnInfo.Player.ZoneDungeon)) && (spawnInfo.Player.ZoneBeach) && (!(tsorcRevampWorld.SuperHardMode && Main.rand.NextBool(18))) && (!(Main.hardMode && Main.rand.NextBool(30))) && (!(Main.rand.NextBool(140))) && (!(spawnInfo.Player.ZoneUndergroundDesert)),NPCs/Enemies/QuaraPincher.cs,152
NPC Spawn Rule,QuaraPincher,Quara Pincher,Enemies,ModNPC,Natural spawn rules,40f,110f / 70f,1200,56,12,No,No,No,SpawnChance,0f,Pre-Hardmode + Hardmode + SuperHardmode,Desert,Any / condition-defined depth,Day and night / unspecified,—,Unspecified,(!(Main.pumpkinMoon || Main.snowMoon || spawnInfo.Player.townNPCs > 0f || spawnInfo.Player.ZoneDungeon)) && (!(spawnInfo.Player.ZoneBeach)) && (spawnInfo.Player.ZoneUndergroundDesert) && (!(tsorcRevampWorld.SuperHardMode && Main.rand.NextBool(22))) && (!(Main.hardMode && Main.rand.NextBool(45))),NPCs/Enemies/QuaraPincher.cs,152
NPC Spawn Rule,QuaraPincher,Quara Pincher,Enemies,ModNPC,Natural spawn rules,40f,110f / 70f,1200,56,12,No,No,No,SpawnChance,0f,Pre-Hardmode + Hardmode + SuperHardmode,General / Custom,Any / condition-defined depth,Day and night / unspecified,—,Unspecified,(!(Main.pumpkinMoon || Main.snowMoon || spawnInfo.Player.townNPCs > 0f || spawnInfo.Player.ZoneDungeon)) && (!(spawnInfo.Player.ZoneBeach)) && (!(spawnInfo.Player.ZoneUndergroundDesert)),NPCs/Enemies/QuaraPincher.cs,152
NPC Spawn Rule,RedCloudHunter,Red Cloud Hunter,Enemies,ModNPC,Natural spawn rules,1,—,2000,55,58,No,No,No,SpawnChance,0.01f,Pre-Hardmode,Dungeon,Any / condition-defined depth,Day and night / unspecified,—,Unspecified,(!Main.hardMode && spawnInfo.Player.ZoneDungeon),NPCs/Enemies/RedCloudHunter.cs,104
NPC Spawn Rule,RedCloudHunter,Red Cloud Hunter,Enemies,ModNPC,Natural spawn rules,1,—,2000,55,58,No,No,No,SpawnChance,0.02f,Hardmode + SuperHardmode,Jungle,Any / condition-defined depth,Day and night / unspecified,—,Unspecified,(!(!Main.hardMode && spawnInfo.Player.ZoneDungeon)) && (Main.hardMode && !spawnInfo.Player.ZoneCorrupt && !spawnInfo.Player.ZoneCrimson && !spawnInfo.Player.ZoneBeach && spawnInfo.Player.ZoneJungle),NPCs/Enemies/RedCloudHunter.cs,106
NPC Spawn Rule,RedCloudHunter,Red Cloud Hunter,Enemies,ModNPC,Natural spawn rules,1,—,2000,55,58,No,No,No,SpawnChance,0.01f,Hardmode + SuperHardmode,Hallow,Any / condition-defined depth,Day and night / unspecified,—,Unspecified,(!(!Main.hardMode && spawnInfo.Player.ZoneDungeon)) && (!(Main.hardMode && !spawnInfo.Player.ZoneCorrupt && !spawnInfo.Player.ZoneCrimson && !spawnInfo.Player.ZoneBeach && spawnInfo.Player.ZoneJungle)) && (Main.hardMode && spawnInfo.Player.ZoneHallow && !spawnInfo.Player.ZoneDungeon),NPCs/Enemies/RedCloudHunter.cs,107
NPC Spawn Rule,RedCloudHunter,Red Cloud Hunter,Enemies,ModNPC,Natural spawn rules,1,—,2000,55,58,No,No,No,SpawnChance,0.0125f,Hardmode + SuperHardmode,Corruption + Crimson + Jungle + Desert + Ocean,Surface,Day and night / unspecified,—,Unspecified,(!(!Main.hardMode && spawnInfo.Player.ZoneDungeon)) && (!(Main.hardMode && !spawnInfo.Player.ZoneCorrupt && !spawnInfo.Player.ZoneCrimson && !spawnInfo.Player.ZoneBeach && spawnInfo.Player.ZoneJungle)) && (!(Main.hardMode && spawnInfo.Player.ZoneHallow && !spawnInfo.Player.ZoneDungeon)) && (Main.hardMode && spawnInfo.Player.ZoneOverworldHeight && (spawnInfo.Player.ZoneDesert || spawnInfo.Player.ZoneCorrupt || spawnInfo.Player.ZoneCrimson || spawnInfo.Player.ZoneBeach || spawnInfo.Player.ZoneJungle)),NPCs/Enemies/RedCloudHunter.cs,108
NPC Spawn Rule,RedCloudHunter,Red Cloud Hunter,Enemies,ModNPC,Natural spawn rules,1,—,2000,55,58,No,No,No,SpawnChance,0.15f,Hardmode + SuperHardmode,Lihzahrd Temple,Any / condition-defined depth,Day and night / unspecified,—,Unspecified,(!(!Main.hardMode && spawnInfo.Player.ZoneDungeon)) && (!(Main.hardMode && !spawnInfo.Player.ZoneCorrupt && !spawnInfo.Player.ZoneCrimson && !spawnInfo.Player.ZoneBeach && spawnInfo.Player.ZoneJungle)) && (!(Main.hardMode && spawnInfo.Player.ZoneHallow && !spawnInfo.Player.ZoneDungeon)) && (!(Main.hardMode && spawnInfo.Player.ZoneOverworldHeight && (spawnInfo.Player.ZoneDesert || spawnInfo.Player.ZoneCorrupt || spawnInfo.Player.ZoneCrimson || spawnInfo.Player.ZoneBeach || spawnInfo.Player.ZoneJungle))) && (Main.hardMode && spawnInfo.Lihzahrd),NPCs/Enemies/RedCloudHunter.cs,110
NPC Spawn Rule,RedCloudHunter,Red Cloud Hunter,Enemies,ModNPC,Natural spawn rules,1,—,2000,55,58,No,No,No,SpawnChance,0.13f,SuperHardmode,Corruption + Crimson,Any / condition-defined depth,Day and night / unspecified,—,Unspecified,(!(!Main.hardMode && spawnInfo.Player.ZoneDungeon)) && (!(Main.hardMode && !spawnInfo.Player.ZoneCorrupt && !spawnInfo.Player.ZoneCrimson && !spawnInfo.Player.ZoneBeach && spawnInfo.Player.ZoneJungle)) && (!(Main.hardMode && spawnInfo.Player.ZoneHallow && !spawnInfo.Player.ZoneDungeon)) && (!(Main.hardMode && spawnInfo.Player.ZoneOverworldHeight && (spawnInfo.Player.ZoneDesert || spawnInfo.Player.ZoneCorrupt || spawnInfo.Player.ZoneCrimson || spawnInfo.Player.ZoneBeach || spawnInfo.Player.ZoneJungle))) && (!(Main.hardMode && spawnInfo.Lihzahrd)) && (tsorcRevampWorld.SuperHardMode && (spawnInfo.Player.ZoneCorrupt || spawnInfo.Player.ZoneCrimson)),NPCs/Enemies/RedCloudHunter.cs,112
NPC Spawn Rule,RedCloudHunter,Red Cloud Hunter,Enemies,ModNPC,Natural spawn rules,1,—,2000,55,58,No,No,No,SpawnChance,0.1f,SuperHardmode,Corruption + Crimson + Jungle,Surface,Day and night / unspecified,—,Unspecified,(!(!Main.hardMode && spawnInfo.Player.ZoneDungeon)) && (!(Main.hardMode && !spawnInfo.Player.ZoneCorrupt && !spawnInfo.Player.ZoneCrimson && !spawnInfo.Player.ZoneBeach && spawnInfo.Player.ZoneJungle)) && (!(Main.hardMode && spawnInfo.Player.ZoneHallow && !spawnInfo.Player.ZoneDungeon)) && (!(Main.hardMode && spawnInfo.Player.ZoneOverworldHeight && (spawnInfo.Player.ZoneDesert || spawnInfo.Player.ZoneCorrupt || spawnInfo.Player.ZoneCrimson || spawnInfo.Player.ZoneBeach || spawnInfo.Player.ZoneJungle))) && (!(Main.hardMode && spawnInfo.Lihzahrd)) && (!(tsorcRevampWorld.SuperHardMode && (spawnInfo.Player.ZoneCorrupt || spawnInfo.Player.ZoneCrimson))) && (tsorcRevampWorld.SuperHardMode && spawnInfo.Player.ZoneOverworldHeight && (spawnInfo.Player.ZoneJungle || spawnInfo.Player.ZoneCorrupt || spawnInfo.Player.ZoneCrimson)),NPCs/Enemies/RedCloudHunter.cs,113
NPC Spawn Rule,RedCloudHunter,Red Cloud Hunter,Enemies,ModNPC,Natural spawn rules,1,—,2000,55,58,No,No,No,SpawnChance,0.13f,SuperHardmode,Desert,Any / condition-defined depth,Day and night / unspecified,—,Unspecified,(!(!Main.hardMode && spawnInfo.Player.ZoneDungeon)) && (!(Main.hardMode && !spawnInfo.Player.ZoneCorrupt && !spawnInfo.Player.ZoneCrimson && !spawnInfo.Player.ZoneBeach && spawnInfo.Player.ZoneJungle)) && (!(Main.hardMode && spawnInfo.Player.ZoneHallow && !spawnInfo.Player.ZoneDungeon)) && (!(Main.hardMode && spawnInfo.Player.ZoneOverworldHeight && (spawnInfo.Player.ZoneDesert || spawnInfo.Player.ZoneCorrupt || spawnInfo.Player.ZoneCrimson || spawnInfo.Player.ZoneBeach || spawnInfo.Player.ZoneJungle))) && (!(Main.hardMode && spawnInfo.Lihzahrd)) && (!(tsorcRevampWorld.SuperHardMode && (spawnInfo.Player.ZoneCorrupt || spawnInfo.Player.ZoneCrimson))) && (!(tsorcRevampWorld.SuperHardMode && spawnInfo.Player.ZoneOverworldHeight && (spawnInfo.Player.ZoneJungle || spawnInfo.Player.ZoneCorrupt || spawnInfo.Player.ZoneCrimson))) && (tsorcRevampWorld.SuperHardMode && (spawnInfo.Player.ZoneDesert || spawnInfo.Player.ZoneUndergroundDesert)),NPCs/Enemies/RedCloudHunter.cs,114
NPC Spawn Rule,RedCloudHunter,Red Cloud Hunter,Enemies,ModNPC,Natural spawn rules,1,—,2000,55,58,No,No,No,SpawnChance,0.01f,SuperHardmode,Dungeon,Any / condition-defined depth,Day and night / unspecified,—,Unspecified,(!(!Main.hardMode && spawnInfo.Player.ZoneDungeon)) && (!(Main.hardMode && !spawnInfo.Player.ZoneCorrupt && !spawnInfo.Player.ZoneCrimson && !spawnInfo.Player.ZoneBeach && spawnInfo.Player.ZoneJungle)) && (!(Main.hardMode && spawnInfo.Player.ZoneHallow && !spawnInfo.Player.ZoneDungeon)) && (!(Main.hardMode && spawnInfo.Player.ZoneOverworldHeight && (spawnInfo.Player.ZoneDesert || spawnInfo.Player.ZoneCorrupt || spawnInfo.Player.ZoneCrimson || spawnInfo.Player.ZoneBeach || spawnInfo.Player.ZoneJungle))) && (!(Main.hardMode && spawnInfo.Lihzahrd)) && (!(tsorcRevampWorld.SuperHardMode && (spawnInfo.Player.ZoneCorrupt || spawnInfo.Player.ZoneCrimson))) && (!(tsorcRevampWorld.SuperHardMode && spawnInfo.Player.ZoneOverworldHeight && (spawnInfo.Player.ZoneJungle || spawnInfo.Player.ZoneCorrupt || spawnInfo.Player.ZoneCrimson))) && (!(tsorcRevampWorld.SuperHardMode && (spawnInfo.Player.ZoneDesert || spawnInfo.Player.ZoneUndergroundDesert))) && (tsorcRevampWorld.SuperHardMode && spawnInfo.Player.ZoneDungeon),NPCs/Enemies/RedCloudHunter.cs,115
NPC Spawn Rule,RedCloudHunter,Red Cloud Hunter,Enemies,ModNPC,Natural spawn rules,1,—,2000,55,58,No,No,No,SpawnChance,0f,Pre-Hardmode + Hardmode + SuperHardmode,General / Custom,Any / condition-defined depth,Day and night / unspecified,—,Unspecified,(!(!Main.hardMode && spawnInfo.Player.ZoneDungeon)) && (!(Main.hardMode && !spawnInfo.Player.ZoneCorrupt && !spawnInfo.Player.ZoneCrimson && !spawnInfo.Player.ZoneBeach && spawnInfo.Player.ZoneJungle)) && (!(Main.hardMode && spawnInfo.Player.ZoneHallow && !spawnInfo.Player.ZoneDungeon)) && (!(Main.hardMode && spawnInfo.Player.ZoneOverworldHeight && (spawnInfo.Player.ZoneDesert || spawnInfo.Player.ZoneCorrupt || spawnInfo.Player.ZoneCrimson || spawnInfo.Player.ZoneBeach || spawnInfo.Player.ZoneJungle))) && (!(Main.hardMode && spawnInfo.Lihzahrd)) && (!(tsorcRevampWorld.SuperHardMode && (spawnInfo.Player.ZoneCorrupt || spawnInfo.Player.ZoneCrimson))) && (!(tsorcRevampWorld.SuperHardMode && spawnInfo.Player.ZoneOverworldHeight && (spawnInfo.Player.ZoneJungle || spawnInfo.Player.ZoneCorrupt || spawnInfo.Player.ZoneCrimson))) && (!(tsorcRevampWorld.SuperHardMode && (spawnInfo.Player.ZoneDesert || spawnInfo.Player.ZoneUndergroundDesert))) && (!(tsorcRevampWorld.SuperHardMode && spawnInfo.Player.ZoneDungeon)),NPCs/Enemies/RedCloudHunter.cs,116
NPC Spawn Rule,RedKnight,Red Knight,Enemies,ModNPC,Natural spawn rules,5,—,4000,120,75,Yes,No,No,SpawnChance,1,Hardmode + SuperHardmode,Dungeon,Any / condition-defined depth,Day and night / unspecified,1/1200,Unspecified,(Main.hardMode && spawnInfo.Player.ZoneDungeon && !(spawnInfo.Player.ZoneCorrupt || spawnInfo.Player.ZoneCrimson) && Main.rand.NextBool(1200)),NPCs/Enemies/RedKnight.cs,165
NPC Spawn Rule,RedKnight,Red Knight,Enemies,ModNPC,Natural spawn rules,5,—,4000,120,75,Yes,No,No,SpawnChance,1,Hardmode + SuperHardmode,Meteor,Caverns,Day and night / unspecified,1/1250,Unspecified,(!(Main.hardMode && spawnInfo.Player.ZoneDungeon && !(spawnInfo.Player.ZoneCorrupt || spawnInfo.Player.ZoneCrimson) && Main.rand.NextBool(1200))) && (Main.hardMode && spawnInfo.Player.ZoneMeteor && !(spawnInfo.Player.ZoneCorrupt || spawnInfo.Player.ZoneCrimson) && spawnInfo.Player.ZoneRockLayerHeight && Main.rand.NextBool(1250)),NPCs/Enemies/RedKnight.cs,167
NPC Spawn Rule,RedKnight,Red Knight,Enemies,ModNPC,Natural spawn rules,5,—,4000,120,75,Yes,No,No,SpawnChance,1,Hardmode + SuperHardmode,Dungeon,Caverns,Night,1/1350,Unspecified,(!(Main.hardMode && spawnInfo.Player.ZoneDungeon && !(spawnInfo.Player.ZoneCorrupt || spawnInfo.Player.ZoneCrimson) && Main.rand.NextBool(1200))) && (!(Main.hardMode && spawnInfo.Player.ZoneMeteor && !(spawnInfo.Player.ZoneCorrupt || spawnInfo.Player.ZoneCrimson) && spawnInfo.Player.ZoneRockLayerHeight && Main.rand.NextBool(1250))) && (Main.hardMode && !Main.dayTime && spawnInfo.Player.ZoneDungeon && !(spawnInfo.Player.ZoneCorrupt || spawnInfo.Player.ZoneCrimson) && spawnInfo.Player.ZoneRockLayerHeight && Main.rand.NextBool(1350)),NPCs/Enemies/RedKnight.cs,169
NPC Spawn Rule,RedKnight,Red Knight,Enemies,ModNPC,Natural spawn rules,5,—,4000,120,75,Yes,No,No,SpawnChance,1,Hardmode + SuperHardmode,Underworld,Underworld,Day and night / unspecified,1/1100,Unspecified,(!(Main.hardMode && spawnInfo.Player.ZoneDungeon && !(spawnInfo.Player.ZoneCorrupt || spawnInfo.Player.ZoneCrimson) && Main.rand.NextBool(1200))) && (!(Main.hardMode && spawnInfo.Player.ZoneMeteor && !(spawnInfo.Player.ZoneCorrupt || spawnInfo.Player.ZoneCrimson) && spawnInfo.Player.ZoneRockLayerHeight && Main.rand.NextBool(1250))) && (!(Main.hardMode && !Main.dayTime && spawnInfo.Player.ZoneDungeon && !(spawnInfo.Player.ZoneCorrupt || spawnInfo.Player.ZoneCrimson) && spawnInfo.Player.ZoneRockLayerHeight && Main.rand.NextBool(1350))) && (Main.hardMode && spawnInfo.Player.ZoneUnderworldHeight && Main.rand.NextBool(1100)),NPCs/Enemies/RedKnight.cs,171
NPC Spawn Rule,RedKnight,Red Knight,Enemies,ModNPC,Natural spawn rules,5,—,4000,120,75,Yes,No,No,SpawnChance,1,SuperHardmode,Dungeon,Any / condition-defined depth,Day and night / unspecified,1/500,Unspecified,(!(Main.hardMode && spawnInfo.Player.ZoneDungeon && !(spawnInfo.Player.ZoneCorrupt || spawnInfo.Player.ZoneCrimson) && Main.rand.NextBool(1200))) && (!(Main.hardMode && spawnInfo.Player.ZoneMeteor && !(spawnInfo.Player.ZoneCorrupt || spawnInfo.Player.ZoneCrimson) && spawnInfo.Player.ZoneRockLayerHeight && Main.rand.NextBool(1250))) && (!(Main.hardMode && !Main.dayTime && spawnInfo.Player.ZoneDungeon && !(spawnInfo.Player.ZoneCorrupt || spawnInfo.Player.ZoneCrimson) && spawnInfo.Player.ZoneRockLayerHeight && Main.rand.NextBool(1350))) && (!(Main.hardMode && spawnInfo.Player.ZoneUnderworldHeight && Main.rand.NextBool(1100))) && (tsorcRevampWorld.SuperHardMode && spawnInfo.Player.ZoneDungeon && Main.rand.NextBool(500)),NPCs/Enemies/RedKnight.cs,173
NPC Spawn Rule,RedKnight,Red Knight,Enemies,ModNPC,Natural spawn rules,5,—,4000,120,75,Yes,No,No,SpawnChance,1,SuperHardmode,Underworld,Underworld,Day and night / unspecified,1/300,Unspecified,(!(Main.hardMode && spawnInfo.Player.ZoneDungeon && !(spawnInfo.Player.ZoneCorrupt || spawnInfo.Player.ZoneCrimson) && Main.rand.NextBool(1200))) && (!(Main.hardMode && spawnInfo.Player.ZoneMeteor && !(spawnInfo.Player.ZoneCorrupt || spawnInfo.Player.ZoneCrimson) && spawnInfo.Player.ZoneRockLayerHeight && Main.rand.NextBool(1250))) && (!(Main.hardMode && !Main.dayTime && spawnInfo.Player.ZoneDungeon && !(spawnInfo.Player.ZoneCorrupt || spawnInfo.Player.ZoneCrimson) && spawnInfo.Player.ZoneRockLayerHeight && Main.rand.NextBool(1350))) && (!(Main.hardMode && spawnInfo.Player.ZoneUnderworldHeight && Main.rand.NextBool(1100))) && (!(tsorcRevampWorld.SuperHardMode && spawnInfo.Player.ZoneDungeon && Main.rand.NextBool(500))) && (tsorcRevampWorld.SuperHardMode && spawnInfo.Player.ZoneUnderworldHeight && Main.rand.NextBool(300)),NPCs/Enemies/RedKnight.cs,175
NPC Spawn Rule,RedKnight,Red Knight,Enemies,ModNPC,Natural spawn rules,5,—,4000,120,75,Yes,No,No,SpawnChance,0,Pre-Hardmode + Hardmode + SuperHardmode,General / Custom,Any / condition-defined depth,Day and night / unspecified,—,Unspecified,(!(Main.hardMode && spawnInfo.Player.ZoneDungeon && !(spawnInfo.Player.ZoneCorrupt || spawnInfo.Player.ZoneCrimson) && Main.rand.NextBool(1200))) && (!(Main.hardMode && spawnInfo.Player.ZoneMeteor && !(spawnInfo.Player.ZoneCorrupt || spawnInfo.Player.ZoneCrimson) && spawnInfo.Player.ZoneRockLayerHeight && Main.rand.NextBool(1250))) && (!(Main.hardMode && !Main.dayTime && spawnInfo.Player.ZoneDungeon && !(spawnInfo.Player.ZoneCorrupt || spawnInfo.Player.ZoneCrimson) && spawnInfo.Player.ZoneRockLayerHeight && Main.rand.NextBool(1350))) && (!(Main.hardMode && spawnInfo.Player.ZoneUnderworldHeight && Main.rand.NextBool(1100))) && (!(tsorcRevampWorld.SuperHardMode && spawnInfo.Player.ZoneDungeon && Main.rand.NextBool(500))) && (!(tsorcRevampWorld.SuperHardMode && spawnInfo.Player.ZoneUnderworldHeight && Main.rand.NextBool(300))),NPCs/Enemies/RedKnight.cs,177
NPC Spawn Rule,RedKnightTest,Red Knight Test,Enemies,ModNPC,Natural spawning disabled,5,—,4000,120,75,Yes,No,No,SpawnChance,0,Pre-Hardmode + Hardmode + SuperHardmode,General / Custom,Any / condition-defined depth,Day and night / unspecified,—,Unspecified,Always,NPCs/Enemies/RedKnightTest.cs,129
NPC,ResentfulSeedling,Resentful Seedling,Enemies,ModNPC,No natural spawn method,1,—,14,10,6,No,No,No,None,—,—,—,—,—,—,—,—,NPCs/Enemies/ResentfulSeedling.cs,18
NPC,RetinazerV2,Retinazer v3.08,Bosses,ModNPC,No natural spawn method,1,—,90000,50,25,Yes,No,No,None,—,—,—,—,—,—,—,—,NPCs/Bosses/RetinazerV2.cs,18
NPC Spawn Rule,RingedKnight,Ringed Knight,Enemies,ModNPC,Natural spawn rules,3,—,2500,130,100,No,No,No,SpawnChance,0f,Pre-Hardmode + Hardmode + SuperHardmode,General / Custom,Any / condition-defined depth,Day and night / unspecified,—,Unspecified,(spawnInfo.Player.townNPCs > 1f),NPCs/Enemies/RingedKnight.cs,677
NPC Spawn Rule,RingedKnight,Ringed Knight,Enemies,ModNPC,Natural spawn rules,3,—,2500,130,100,No,No,No,SpawnChance,0.1f,Pre-Hardmode + Hardmode + SuperHardmode,Underworld,Underworld,Day and night / unspecified,—,Unspecified,(!(spawnInfo.Player.townNPCs > 1f)) && (spawnInfo.Player.ZoneUnderworldHeight),NPCs/Enemies/RingedKnight.cs,679
NPC Spawn Rule,RingedKnight,Ringed Knight,Enemies,ModNPC,Natural spawn rules,3,—,2500,130,100,No,No,No,SpawnChance,0.15f,Pre-Hardmode + Hardmode + SuperHardmode,Underworld,Underworld,Day and night / unspecified,—,Unspecified,"(!(spawnInfo.Player.townNPCs > 1f)) && (!(spawnInfo.Player.ZoneUnderworldHeight)) && (spawnInfo.Player.ZoneUnderworldHeight && (Main.tile[spawnInfo.SpawnTileX, spawnInfo.SpawnTileY].WallType == WallID.LavaMossBlockWall || Main.tile[spawnInfo.SpawnTileX, spawnInfo.SpawnTileY].WallType == WallID.LavaUnsafe2 || Main.tile[spawnInfo.SpawnTileX, spawnInfo.SpawnTileY].WallType == WallID.LavaUnsafe1))",NPCs/Enemies/RingedKnight.cs,681
NPC Spawn Rule,RingedKnight,Ringed Knight,Enemies,ModNPC,Natural spawn rules,3,—,2500,130,100,No,No,No,SpawnChance,0.1f,Hardmode + SuperHardmode,Desert,Any / condition-defined depth,Day and night / unspecified,—,Unspecified,"(!(spawnInfo.Player.townNPCs > 1f)) && (!(spawnInfo.Player.ZoneUnderworldHeight)) && (!(spawnInfo.Player.ZoneUnderworldHeight && (Main.tile[spawnInfo.SpawnTileX, spawnInfo.SpawnTileY].WallType == WallID.LavaMossBlockWall || Main.tile[spawnInfo.SpawnTileX, spawnInfo.SpawnTileY].WallType == WallID.LavaUnsafe2 || Main.tile[spawnInfo.SpawnTileX, spawnInfo.SpawnTileY].WallType == WallID.LavaUnsafe1))) && (Main.hardMode && spawnInfo.Player.ZoneUndergroundDesert)",NPCs/Enemies/RingedKnight.cs,683
NPC Spawn Rule,RingedKnight,Ringed Knight,Enemies,ModNPC,Natural spawn rules,3,—,2500,130,100,No,No,No,SpawnChance,0,Pre-Hardmode + Hardmode + SuperHardmode,General / Custom,Any / condition-defined depth,Day and night / unspecified,—,Unspecified,"(!(spawnInfo.Player.townNPCs > 1f)) && (!(spawnInfo.Player.ZoneUnderworldHeight)) && (!(spawnInfo.Player.ZoneUnderworldHeight && (Main.tile[spawnInfo.SpawnTileX, spawnInfo.SpawnTileY].WallType == WallID.LavaMossBlockWall || Main.tile[spawnInfo.SpawnTileX, spawnInfo.SpawnTileY].WallType == WallID.LavaUnsafe2 || Main.tile[spawnInfo.SpawnTileX, spawnInfo.SpawnTileY].WallType == WallID.LavaUnsafe1))) && (!(Main.hardMode && spawnInfo.Player.ZoneUndergroundDesert))",NPCs/Enemies/RingedKnight.cs,685
NPC Spawn Rule,RingedKnightOriginal,Old Ringed Knight,Enemies,ModNPC,Natural spawn rules,3,—,2500,130,100,No,No,No,SpawnChance,0f,Pre-Hardmode + Hardmode + SuperHardmode,General / Custom,Any / condition-defined depth,Day and night / unspecified,—,Unspecified,(spawnInfo.Player.townNPCs > 1f),NPCs/Enemies/RingedKnightOriginal.cs,1091
NPC Spawn Rule,RingedKnightOriginal,Old Ringed Knight,Enemies,ModNPC,Natural spawn rules,3,—,2500,130,100,No,No,No,SpawnChance,0.1f,Pre-Hardmode + Hardmode + SuperHardmode,Underworld,Underworld,Day and night / unspecified,—,Unspecified,(!(spawnInfo.Player.townNPCs > 1f)) && (spawnInfo.Player.ZoneUnderworldHeight),NPCs/Enemies/RingedKnightOriginal.cs,1093
NPC Spawn Rule,RingedKnightOriginal,Old Ringed Knight,Enemies,ModNPC,Natural spawn rules,3,—,2500,130,100,No,No,No,SpawnChance,0.15f,Pre-Hardmode + Hardmode + SuperHardmode,Underworld,Underworld,Day and night / unspecified,—,Unspecified,"(!(spawnInfo.Player.townNPCs > 1f)) && (!(spawnInfo.Player.ZoneUnderworldHeight)) && (spawnInfo.Player.ZoneUnderworldHeight && (Main.tile[spawnInfo.SpawnTileX, spawnInfo.SpawnTileY].WallType == WallID.LavaMossBlockWall || Main.tile[spawnInfo.SpawnTileX, spawnInfo.SpawnTileY].WallType == WallID.LavaUnsafe2 || Main.tile[spawnInfo.SpawnTileX, spawnInfo.SpawnTileY].WallType == WallID.LavaUnsafe1))",NPCs/Enemies/RingedKnightOriginal.cs,1095
NPC Spawn Rule,RingedKnightOriginal,Old Ringed Knight,Enemies,ModNPC,Natural spawn rules,3,—,2500,130,100,No,No,No,SpawnChance,0.1f,Hardmode + SuperHardmode,Desert,Any / condition-defined depth,Day and night / unspecified,—,Unspecified,"(!(spawnInfo.Player.townNPCs > 1f)) && (!(spawnInfo.Player.ZoneUnderworldHeight)) && (!(spawnInfo.Player.ZoneUnderworldHeight && (Main.tile[spawnInfo.SpawnTileX, spawnInfo.SpawnTileY].WallType == WallID.LavaMossBlockWall || Main.tile[spawnInfo.SpawnTileX, spawnInfo.SpawnTileY].WallType == WallID.LavaUnsafe2 || Main.tile[spawnInfo.SpawnTileX, spawnInfo.SpawnTileY].WallType == WallID.LavaUnsafe1))) && (Main.hardMode && spawnInfo.Player.ZoneUndergroundDesert)",NPCs/Enemies/RingedKnightOriginal.cs,1097
NPC Spawn Rule,RingedKnightOriginal,Old Ringed Knight,Enemies,ModNPC,Natural spawn rules,3,—,2500,130,100,No,No,No,SpawnChance,0,Pre-Hardmode + Hardmode + SuperHardmode,General / Custom,Any / condition-defined depth,Day and night / unspecified,—,Unspecified,"(!(spawnInfo.Player.townNPCs > 1f)) && (!(spawnInfo.Player.ZoneUnderworldHeight)) && (!(spawnInfo.Player.ZoneUnderworldHeight && (Main.tile[spawnInfo.SpawnTileX, spawnInfo.SpawnTileY].WallType == WallID.LavaMossBlockWall || Main.tile[spawnInfo.SpawnTileX, spawnInfo.SpawnTileY].WallType == WallID.LavaUnsafe2 || Main.tile[spawnInfo.SpawnTileX, spawnInfo.SpawnTileY].WallType == WallID.LavaUnsafe1))) && (!(Main.hardMode && spawnInfo.Player.ZoneUndergroundDesert))",NPCs/Enemies/RingedKnightOriginal.cs,1099
NPC Spawn Rule,Sahagin,Sahagin,Enemies,ModNPC,Legacy spawn logic (current override disabled),1,—,44,22,6,No,No,No,SpawnChance,0f,Pre-Hardmode + Hardmode + SuperHardmode,General / Custom,Any / condition-defined depth,Day and night / unspecified,—,Unspecified,Always,NPCs/Enemies/Sahagin.cs,29
NPC Spawn Rule,Sahagin,Sahagin,Enemies,ModNPC,Legacy spawn logic (current override disabled),1,—,44,22,6,No,No,No,CanSpawnLegacy,0f,Pre-Hardmode + Hardmode + SuperHardmode,Dungeon,Any / condition-defined depth,Day and night / unspecified,—,Unspecified,(Main.pumpkinMoon || Main.snowMoon || Main.hardMode || s.Player.townNPCs > 0f || s.Player.ZoneDungeon),NPCs/Enemies/Sahagin.cs,46
NPC Spawn Rule,Sahagin,Sahagin,Enemies,ModNPC,Legacy spawn logic (current override disabled),1,—,44,22,6,No,No,No,CanSpawnLegacy,1f,Pre-Hardmode,General / Custom,Any / condition-defined depth,Day and night / unspecified,—,Unspecified,(!(Main.pumpkinMoon || Main.snowMoon || Main.hardMode || s.Player.townNPCs > 0f || s.Player.ZoneDungeon)) && ((s.SpawnTileX <= (Main.maxTilesX * .2f) && s.SpawnTileX < (Main.maxTilesX * 0.8f) && s.SpawnTileY < (Main.maxTilesY * 0.4f))) && (((s.SpawnTileY >= (Main.maxTilesY * 0.1f) && s.SpawnTileY < (Main.maxTilesY * 0.2f))) && Main.rand.Next(20) == 1),NPCs/Enemies/Sahagin.cs,50
NPC Spawn Rule,Sahagin,Sahagin,Enemies,ModNPC,Legacy spawn logic (current override disabled),1,—,44,22,6,No,No,No,CanSpawnLegacy,1f,Pre-Hardmode,General / Custom,Any / condition-defined depth,Day and night / unspecified,—,Unspecified,(!(Main.pumpkinMoon || Main.snowMoon || Main.hardMode || s.Player.townNPCs > 0f || s.Player.ZoneDungeon)) && ((s.SpawnTileX <= (Main.maxTilesX * .2f) && s.SpawnTileX < (Main.maxTilesX * 0.8f) && s.SpawnTileY < (Main.maxTilesY * 0.4f))) && (!(((s.SpawnTileY >= (Main.maxTilesY * 0.1f) && s.SpawnTileY < (Main.maxTilesY * 0.2f))) && Main.rand.Next(20) == 1)) && ((s.SpawnTileY >= (Main.maxTilesY * 0.2f) && s.SpawnTileY < (Main.maxTilesY * 0.3f)) && Main.rand.Next(10) == 1),NPCs/Enemies/Sahagin.cs,51
NPC Spawn Rule,Sahagin,Sahagin,Enemies,ModNPC,Legacy spawn logic (current override disabled),1,—,44,22,6,No,No,No,CanSpawnLegacy,0f,Pre-Hardmode,General / Custom,Any / condition-defined depth,Day and night / unspecified,—,Unspecified,(!(Main.pumpkinMoon || Main.snowMoon || Main.hardMode || s.Player.townNPCs > 0f || s.Player.ZoneDungeon)) && ((s.SpawnTileX <= (Main.maxTilesX * .2f) && s.SpawnTileX < (Main.maxTilesX * 0.8f) && s.SpawnTileY < (Main.maxTilesY * 0.4f))) && (!(((s.SpawnTileY >= (Main.maxTilesY * 0.1f) && s.SpawnTileY < (Main.maxTilesY * 0.2f))) && Main.rand.Next(20) == 1)) && (!((s.SpawnTileY >= (Main.maxTilesY * 0.2f) && s.SpawnTileY < (Main.maxTilesY * 0.3f)) && Main.rand.Next(10) == 1)),NPCs/Enemies/Sahagin.cs,52
NPC Spawn Rule,Sahagin,Sahagin,Enemies,ModNPC,Legacy spawn logic (current override disabled),1,—,44,22,6,No,No,No,CanSpawnLegacy,0f,Pre-Hardmode,General / Custom,Any / condition-defined depth,Day and night / unspecified,—,Unspecified,(!(Main.pumpkinMoon || Main.snowMoon || Main.hardMode || s.Player.townNPCs > 0f || s.Player.ZoneDungeon)) && (!((s.SpawnTileX <= (Main.maxTilesX * .2f) && s.SpawnTileX < (Main.maxTilesX * 0.8f) && s.SpawnTileY < (Main.maxTilesY * 0.4f)))),NPCs/Enemies/Sahagin.cs,54
NPC Spawn Rule,Sandsprog,Sandsprog,Enemies,ModNPC,Natural spawn rules,1,—,900,60,45,No,No,No,SpawnChance,0,Pre-Hardmode + Hardmode + SuperHardmode,Snow,Any / condition-defined depth,Day and night / unspecified,—,Unspecified,(spawnInfo.Invasion || Sky(spawnInfo.Player) || spawnInfo.Player.ZoneSnow),NPCs/Enemies/Sandsprog.cs,247
NPC Spawn Rule,Sandsprog,Sandsprog,Enemies,ModNPC,Natural spawn rules,1,—,900,60,45,No,No,No,SpawnChance,0.04f,Pre-Hardmode + Hardmode + SuperHardmode,Desert,Any / condition-defined depth,Day and night / unspecified,—,Unspecified,(!(spawnInfo.Invasion || Sky(spawnInfo.Player) || spawnInfo.Player.ZoneSnow)) && (spawnInfo.Player.ZoneDesert || spawnInfo.Player.ZoneUndergroundDesert),NPCs/Enemies/Sandsprog.cs,250
NPC Spawn Rule,Sandsprog,Sandsprog,Enemies,ModNPC,Natural spawn rules,1,—,900,60,45,No,No,No,SpawnChance,0,Pre-Hardmode + Hardmode + SuperHardmode,General / Custom,Any / condition-defined depth,Day and night / unspecified,—,Unspecified,(!(spawnInfo.Invasion || Sky(spawnInfo.Player) || spawnInfo.Player.ZoneSnow)) && (!(spawnInfo.Player.ZoneDesert || spawnInfo.Player.ZoneUndergroundDesert)),NPCs/Enemies/Sandsprog.cs,252
NPC Spawn Rule,SandsprogMage,Sandsprog Mage,Enemies,ModNPC,Natural spawn rules,1,—,900,34,45,No,No,No,SpawnChance,0,Pre-Hardmode + Hardmode + SuperHardmode,Snow,Any / condition-defined depth,Day and night / unspecified,—,Unspecified,(spawnInfo.Invasion || Sky(spawnInfo.Player) || spawnInfo.Player.ZoneSnow),NPCs/Enemies/SandsprogMage.cs,236
NPC Spawn Rule,SandsprogMage,Sandsprog Mage,Enemies,ModNPC,Natural spawn rules,1,—,900,34,45,No,No,No,SpawnChance,0.04f,Pre-Hardmode + Hardmode + SuperHardmode,Desert,Any / condition-defined depth,Day and night / unspecified,—,Unspecified,(!(spawnInfo.Invasion || Sky(spawnInfo.Player) || spawnInfo.Player.ZoneSnow)) && (spawnInfo.Player.ZoneDesert || spawnInfo.Player.ZoneUndergroundDesert),NPCs/Enemies/SandsprogMage.cs,239
NPC Spawn Rule,SandsprogMage,Sandsprog Mage,Enemies,ModNPC,Natural spawn rules,1,—,900,34,45,No,No,No,SpawnChance,0,Pre-Hardmode + Hardmode + SuperHardmode,General / Custom,Any / condition-defined depth,Day and night / unspecified,—,Unspecified,(!(spawnInfo.Invasion || Sky(spawnInfo.Player) || spawnInfo.Player.ZoneSnow)) && (!(spawnInfo.Player.ZoneDesert || spawnInfo.Player.ZoneUndergroundDesert)),NPCs/Enemies/SandsprogMage.cs,241
NPC,SeathTheScalelessBody,Seath the Scaleless,Bosses,ModNPC,No natural spawn method,1,—,75000,115,50,No,No,No,None,—,—,—,—,—,—,—,—,NPCs/Bosses/SuperHardMode/Seath/SeathTheScalelessBody.cs,10
NPC,SeathTheScalelessBody2,Seath the Scaleless,Bosses,ModNPC,No natural spawn method,1,—,75000,45,50,No,No,No,None,—,—,—,—,—,—,—,—,NPCs/Bosses/SuperHardMode/Seath/SeathTheScalelessBody2.cs,10
NPC,SeathTheScalelessBody3,Seath the Scaleless,Bosses,ModNPC,No natural spawn method,1,—,75000,45,50,No,No,No,None,—,—,—,—,—,—,—,—,NPCs/Bosses/SuperHardMode/Seath/SeathTheScalelessBody3.cs,10
NPC,SeathTheScalelessHead,Seath the Scaleless,Bosses,ModNPC,No natural spawn method,1,—,475000,150,120,Yes,No,No,None,—,—,—,—,—,—,—,—,NPCs/Bosses/SuperHardMode/Seath/SeathTheScalelessHead.cs,18
NPC,SeathTheScalelessLegs,Seath the Scaleless,Bosses,ModNPC,No natural spawn method,1,—,75000,40,60,No,No,No,None,—,—,—,—,—,—,—,—,NPCs/Bosses/SuperHardMode/Seath/SeathTheScalelessLegs.cs,10
NPC,SeathTheScalelessTail,Seath the Scaleless,Bosses,ModNPC,No natural spawn method,1,—,75000,50,40,No,No,No,None,—,—,—,—,—,—,—,—,NPCs/Bosses/SuperHardMode/Seath/SeathTheScalelessTail.cs,10
NPC Spawn Rule,SerpentOfTheAbyssBody,Serpent of the Abyss,Enemies,ModNPC,Natural spawning disabled,1,—,10000,63,80,No,No,No,SpawnChance,base.SpawnChance(spawnInfo),Pre-Hardmode + Hardmode + SuperHardmode,General / Custom,Any / condition-defined depth,Day and night / unspecified,—,Unspecified,Always,NPCs/Enemies/SuperHardMode/SerpentOfTheAbyss/SerpentOfTheAbyssBody.cs,54
NPC Spawn Rule,SerpentOfTheAbyssHead,Serpent of the Abyss,Enemies,ModNPC,Natural spawn rules,3,—,24000,85,40,No,No,No,SpawnChance,0.2f,SuperHardmode,Underworld,Underworld,Day and night / unspecified,—,Unspecified,(tsorcRevampWorld.SuperHardMode) && (spawnInfo.Player.ZoneUnderworldHeight) && (((spawnInfo.Player.Center.ToTileCoordinates().X < Main.maxTilesX * 0.3f) || (spawnInfo.Player.Center.ToTileCoordinates().X > Main.maxTilesX * 0.7f))) && (Main.bloodMoon),NPCs/Enemies/SuperHardMode/SerpentOfTheAbyss/SerpentOfTheAbyssHead.cs,92
NPC Spawn Rule,SerpentOfTheAbyssHead,Serpent of the Abyss,Enemies,ModNPC,Natural spawn rules,3,—,24000,85,40,No,No,No,SpawnChance,0.067f,SuperHardmode,Underworld,Underworld,Day and night / unspecified,—,Unspecified,(tsorcRevampWorld.SuperHardMode) && (spawnInfo.Player.ZoneUnderworldHeight) && (((spawnInfo.Player.Center.ToTileCoordinates().X < Main.maxTilesX * 0.3f) || (spawnInfo.Player.Center.ToTileCoordinates().X > Main.maxTilesX * 0.7f))) && (!(Main.bloodMoon)),NPCs/Enemies/SuperHardMode/SerpentOfTheAbyss/SerpentOfTheAbyssHead.cs,93
NPC Spawn Rule,SerpentOfTheAbyssHead,Serpent of the Abyss,Enemies,ModNPC,Natural spawn rules,3,—,24000,85,40,No,No,No,SpawnChance,0.067f,SuperHardmode,Underworld,Underworld,Day and night / unspecified,—,Unspecified,(tsorcRevampWorld.SuperHardMode) && (spawnInfo.Player.ZoneUnderworldHeight) && (!(((spawnInfo.Player.Center.ToTileCoordinates().X < Main.maxTilesX * 0.3f) || (spawnInfo.Player.Center.ToTileCoordinates().X > Main.maxTilesX * 0.7f)))) && (Main.bloodMoon),NPCs/Enemies/SuperHardMode/SerpentOfTheAbyss/SerpentOfTheAbyssHead.cs,95
NPC Spawn Rule,SerpentOfTheAbyssHead,Serpent of the Abyss,Enemies,ModNPC,Natural spawn rules,3,—,24000,85,40,No,No,No,SpawnChance,0.02f,SuperHardmode,Underworld,Underworld,Day and night / unspecified,—,Unspecified,(tsorcRevampWorld.SuperHardMode) && (spawnInfo.Player.ZoneUnderworldHeight) && (!(((spawnInfo.Player.Center.ToTileCoordinates().X < Main.maxTilesX * 0.3f) || (spawnInfo.Player.Center.ToTileCoordinates().X > Main.maxTilesX * 0.7f)))) && (!(Main.bloodMoon)),NPCs/Enemies/SuperHardMode/SerpentOfTheAbyss/SerpentOfTheAbyssHead.cs,96
NPC Spawn Rule,SerpentOfTheAbyssHead,Serpent of the Abyss,Enemies,ModNPC,Natural spawn rules,3,—,24000,85,40,No,No,No,SpawnChance,0,SuperHardmode,General / Custom,Any / condition-defined depth,Day and night / unspecified,—,Unspecified,(tsorcRevampWorld.SuperHardMode) && (!(spawnInfo.Player.ZoneUnderworldHeight)),NPCs/Enemies/SuperHardMode/SerpentOfTheAbyss/SerpentOfTheAbyssHead.cs,99
NPC Spawn Rule,SerpentOfTheAbyssHead,Serpent of the Abyss,Enemies,ModNPC,Natural spawn rules,3,—,24000,85,40,No,No,No,SpawnChance,0,Pre-Hardmode + Hardmode,General / Custom,Any / condition-defined depth,Day and night / unspecified,—,Unspecified,(!(tsorcRevampWorld.SuperHardMode)),NPCs/Enemies/SuperHardMode/SerpentOfTheAbyss/SerpentOfTheAbyssHead.cs,99
NPC,SerpentOfTheAbyssTail,Serpent of the Abyss,Enemies,ModNPC,No natural spawn method,1,—,10000,60,228,No,No,No,None,—,—,—,—,—,—,—,—,NPCs/Enemies/SuperHardMode/SerpentOfTheAbyss/SerpentOfTheAbyssTail.cs,8
NPC,SerrisBody,Serris,Bosses,ModNPC,No natural spawn method,1,—,91000000,23,40,Yes,No,No,None,—,—,—,—,—,—,—,—,NPCs/Bosses/Serris/SerrisBody.cs,9
NPC,SerrisHead,Serris,Bosses,ModNPC,No natural spawn method,5,—,6000,26,999999,Yes,No,No,None,—,—,—,—,—,—,—,—,NPCs/Bosses/Serris/SerrisHead.cs,11
NPC,SerrisTail,Serris,Bosses,ModNPC,No natural spawn method,1,—,91000000,29,40,Yes,No,No,None,—,—,—,—,—,—,—,—,NPCs/Bosses/Serris/SerrisTail.cs,9
NPC,SerrisX,Serris-X,Bosses,ModNPC,No natural spawn method,5,—,10000,49,9999,Yes,No,No,None,—,—,—,—,—,—,—,—,NPCs/Bosses/Serris/SerrisX.cs,14
NPC,ShadowDragonBody,Shadow Dragon,Bosses,ModNPC,No natural spawn method,1,—,91000000,120,20,Yes,No,No,None,—,—,—,—,—,—,—,—,NPCs/Bosses/Okiku/SecondForm/ShadowDragonBody.cs,9
NPC,ShadowDragonBody2,Shadow Dragon,Bosses,ModNPC,No natural spawn method,1,—,91000000,80,20,Yes,No,No,None,—,—,—,—,—,—,—,—,NPCs/Bosses/Okiku/SecondForm/ShadowDragonBody2.cs,9
NPC,ShadowDragonBody3,Shadow Dragon,Bosses,ModNPC,No natural spawn method,1,—,91000000,80,20,Yes,No,No,None,—,—,—,—,—,—,—,—,NPCs/Bosses/Okiku/SecondForm/ShadowDragonBody3.cs,9
NPC,ShadowDragonHead,Shadow Dragon,Bosses,ModNPC,No natural spawn method,1,—,126000,160,20,Yes,No,No,None,—,—,—,—,—,—,—,—,NPCs/Bosses/Okiku/SecondForm/ShadowDragonHead.cs,8
NPC,ShadowDragonLegs,Shadow Dragon,Bosses,ModNPC,No natural spawn method,1,—,91000000,80,20,Yes,No,No,None,—,—,—,—,—,—,—,—,NPCs/Bosses/Okiku/SecondForm/ShadowDragonLegs.cs,8
NPC,ShadowDragonTail,Shadow Dragon,Bosses,ModNPC,No natural spawn method,1,—,91000000,80,20,Yes,No,No,None,—,—,—,—,—,—,—,—,NPCs/Bosses/Okiku/SecondForm/ShadowDragonTail.cs,8
NPC Spawn Rule,ShadowMage,Shadow Mage,Enemies,ModNPC,Natural spawn rules,1,—,1350,0,40,No,No,No,SpawnChance,1,Hardmode + SuperHardmode,Dungeon + Underworld,Underworld,Day and night / unspecified,1/40,Unspecified,(Main.hardMode && spawnInfo.Player.ZoneDungeon || Main.hardMode && spawnInfo.Player.ZoneUnderworldHeight) && (Main.rand.NextBool(40)),NPCs/Enemies/ShadowMage.cs,58
NPC Spawn Rule,ShadowMage,Shadow Mage,Enemies,ModNPC,Natural spawn rules,1,—,1350,0,40,No,No,No,SpawnChance,0,Hardmode + SuperHardmode,Dungeon + Underworld,Underworld,Day and night / unspecified,—,Unspecified,(Main.hardMode && spawnInfo.Player.ZoneDungeon || Main.hardMode && spawnInfo.Player.ZoneUnderworldHeight) && (!(Main.rand.NextBool(40))),NPCs/Enemies/ShadowMage.cs,61
NPC Spawn Rule,ShadowMage,Shadow Mage,Enemies,ModNPC,Natural spawn rules,1,—,1350,0,40,No,No,No,SpawnChance,0,Pre-Hardmode + Hardmode + SuperHardmode,General / Custom,Any / condition-defined depth,Day and night / unspecified,—,Unspecified,(!(Main.hardMode && spawnInfo.Player.ZoneDungeon || Main.hardMode && spawnInfo.Player.ZoneUnderworldHeight)),NPCs/Enemies/ShadowMage.cs,61
NPC,Slogra,"Slogra, Lost Soul of the Depths",Bosses,ModNPC,No natural spawn method,5,—,4000,45,—,Yes,No,No,None,—,—,—,—,—,—,—,—,NPCs/Bosses/Slogra.cs,18
NPC Spawn Rule,SlograII,Slogra,Enemies,ModNPC,Natural spawn rules,3,—,4000,68,50,No,No,No,SpawnChance,1,SuperHardmode,Jungle,Any / condition-defined depth,Night,1/40,Unspecified,(tsorcRevampWorld.SuperHardMode && !Main.dayTime && !spawnInfo.Player.ZoneDungeon && spawnInfo.Player.ZoneJungle && (spawnInfo.SpawnTileY < Main.worldSurface) && Main.rand.NextBool(40)),NPCs/Enemies/SuperHardMode/SlograII.cs,65
NPC Spawn Rule,SlograII,Slogra,Enemies,ModNPC,Natural spawn rules,3,—,4000,68,50,No,No,No,SpawnChance,1,SuperHardmode,General / Custom,Any / condition-defined depth,Night,1/60,Unspecified,(!(tsorcRevampWorld.SuperHardMode && !Main.dayTime && !spawnInfo.Player.ZoneDungeon && spawnInfo.Player.ZoneJungle && (spawnInfo.SpawnTileY < Main.worldSurface) && Main.rand.NextBool(40))) && (tsorcRevampWorld.SuperHardMode && !Main.dayTime && !spawnInfo.Player.ZoneDungeon && (spawnInfo.SpawnTileY >= Main.worldSurface && spawnInfo.SpawnTileY < Main.rockLayer) && Main.rand.NextBool(60)),NPCs/Enemies/SuperHardMode/SlograII.cs,67
NPC Spawn Rule,SlograII,Slogra,Enemies,ModNPC,Natural spawn rules,3,—,4000,68,50,No,No,No,SpawnChance,1,SuperHardmode,General / Custom,Any / condition-defined depth,Night,1/80,Unspecified,(!(tsorcRevampWorld.SuperHardMode && !Main.dayTime && !spawnInfo.Player.ZoneDungeon && spawnInfo.Player.ZoneJungle && (spawnInfo.SpawnTileY < Main.worldSurface) && Main.rand.NextBool(40))) && (!(tsorcRevampWorld.SuperHardMode && !Main.dayTime && !spawnInfo.Player.ZoneDungeon && (spawnInfo.SpawnTileY >= Main.worldSurface && spawnInfo.SpawnTileY < Main.rockLayer) && Main.rand.NextBool(60))) && (tsorcRevampWorld.SuperHardMode && !Main.dayTime && !spawnInfo.Player.ZoneDungeon && (spawnInfo.SpawnTileY >= Main.rockLayer && spawnInfo.SpawnTileY < (Main.maxTilesY - 200) * 16) && Main.rand.NextBool(80)),NPCs/Enemies/SuperHardMode/SlograII.cs,69
NPC Spawn Rule,SlograII,Slogra,Enemies,ModNPC,Natural spawn rules,3,—,4000,68,50,No,No,No,SpawnChance,1,SuperHardmode,Jungle,Any / condition-defined depth,Night,1/35,Unspecified,(!(tsorcRevampWorld.SuperHardMode && !Main.dayTime && !spawnInfo.Player.ZoneDungeon && spawnInfo.Player.ZoneJungle && (spawnInfo.SpawnTileY < Main.worldSurface) && Main.rand.NextBool(40))) && (!(tsorcRevampWorld.SuperHardMode && !Main.dayTime && !spawnInfo.Player.ZoneDungeon && (spawnInfo.SpawnTileY >= Main.worldSurface && spawnInfo.SpawnTileY < Main.rockLayer) && Main.rand.NextBool(60))) && (!(tsorcRevampWorld.SuperHardMode && !Main.dayTime && !spawnInfo.Player.ZoneDungeon && (spawnInfo.SpawnTileY >= Main.rockLayer && spawnInfo.SpawnTileY < (Main.maxTilesY - 200) * 16) && Main.rand.NextBool(80))) && (tsorcRevampWorld.SuperHardMode && !Main.dayTime && !spawnInfo.Player.ZoneDungeon && spawnInfo.Player.ZoneJungle && Main.rand.NextBool(35)),NPCs/Enemies/SuperHardMode/SlograII.cs,71
NPC Spawn Rule,SlograII,Slogra,Enemies,ModNPC,Natural spawn rules,3,—,4000,68,50,No,No,No,SpawnChance,0,Pre-Hardmode + Hardmode + SuperHardmode,General / Custom,Any / condition-defined depth,Day and night / unspecified,—,Unspecified,(!(tsorcRevampWorld.SuperHardMode && !Main.dayTime && !spawnInfo.Player.ZoneDungeon && spawnInfo.Player.ZoneJungle && (spawnInfo.SpawnTileY < Main.worldSurface) && Main.rand.NextBool(40))) && (!(tsorcRevampWorld.SuperHardMode && !Main.dayTime && !spawnInfo.Player.ZoneDungeon && (spawnInfo.SpawnTileY >= Main.worldSurface && spawnInfo.SpawnTileY < Main.rockLayer) && Main.rand.NextBool(60))) && (!(tsorcRevampWorld.SuperHardMode && !Main.dayTime && !spawnInfo.Player.ZoneDungeon && (spawnInfo.SpawnTileY >= Main.rockLayer && spawnInfo.SpawnTileY < (Main.maxTilesY - 200) * 16) && Main.rand.NextBool(80))) && (!(tsorcRevampWorld.SuperHardMode && !Main.dayTime && !spawnInfo.Player.ZoneDungeon && spawnInfo.Player.ZoneJungle && Main.rand.NextBool(35))),NPCs/Enemies/SuperHardMode/SlograII.cs,74
NPC Spawn Rule,SnowOwl,Snow Owl,Enemies,ModNPC,Natural spawn rules,1,—,50,50,15,No,No,No,SpawnChance,0,Pre-Hardmode + Hardmode + SuperHardmode,General / Custom,Any / condition-defined depth,Day and night / unspecified,—,Conditional / mixed,(Main.SceneMetrics.SnowTileCount > 5) && (spawnInfo.Water || tsorcRevampWorld.SuperHardMode),NPCs/Enemies/SnowOwl.cs,56
NPC Spawn Rule,SnowOwl,Snow Owl,Enemies,ModNPC,Natural spawn rules,1,—,50,50,15,No,No,No,SpawnChance,0.2f,Pre-Hardmode + Hardmode,General / Custom,Any / condition-defined depth,Day and night / unspecified,—,Excluded,(Main.SceneMetrics.SnowTileCount > 5) && (!(spawnInfo.Water || tsorcRevampWorld.SuperHardMode)),NPCs/Enemies/SnowOwl.cs,56
NPC Spawn Rule,SnowOwl,Snow Owl,Enemies,ModNPC,Natural spawn rules,1,—,50,50,15,No,No,No,SpawnChance,0,Pre-Hardmode + Hardmode + SuperHardmode,General / Custom,Any / condition-defined depth,Day and night / unspecified,—,Conditional / mixed,(!(Main.SceneMetrics.SnowTileCount > 5)) && (spawnInfo.Water || tsorcRevampWorld.SuperHardMode),NPCs/Enemies/SnowOwl.cs,56
NPC Spawn Rule,SnowOwl,Snow Owl,Enemies,ModNPC,Natural spawn rules,1,—,50,50,15,No,No,No,SpawnChance,0,Pre-Hardmode + Hardmode,General / Custom,Any / condition-defined depth,Day and night / unspecified,—,Excluded,(!(Main.SceneMetrics.SnowTileCount > 5)) && (!(spawnInfo.Water || tsorcRevampWorld.SuperHardMode)),NPCs/Enemies/SnowOwl.cs,56
NPC,SoulOfCinder,Soul of Cinder,Bosses,PuppetNPC,No natural spawn method,10,—,750000,0,NormalDefense,Yes,No,No,None,—,—,—,—,—,—,—,—,NPCs/Bosses/SuperHardMode/SoulOfCinder.cs,18
NPC,SpazmatismV2,Spazmatism v3.12,Bosses,ModNPC,No natural spawn method,1,—,90000,50,25,Yes,No,No,None,—,—,—,—,—,—,—,—,NPCs/Bosses/SpazmatismV2.cs,18
NPC Spawn Rule,SpellboundGhoul,Spellbound Ghoul,Enemies,ModNPC,Natural spawning disabled,0f,—,150,30,10,No,No,No,SpawnChance,0f,Pre-Hardmode + Hardmode + SuperHardmode,General / Custom,Any / condition-defined depth,Day and night / unspecified,—,Unspecified,Always,NPCs/Enemies/SpellboundGhoul.cs,52
NPC Spawn Rule,StoneGolem,Stone Golem,Enemies,ModNPC,Natural spawn rules,1,—,350,80,50,No,No,No,SpawnChance,Terraria.ModLoader.Utilities.SpawnCondition.Cavern.Chance * 0.07f,Hardmode + SuperHardmode,General / Custom,Any / condition-defined depth,Day and night / unspecified,—,Unspecified,(Main.hardMode),NPCs/Enemies/StoneGolem.cs,51
NPC Spawn Rule,StoneGolem,Stone Golem,Enemies,ModNPC,Natural spawn rules,1,—,350,80,50,No,No,No,SpawnChance,Terraria.ModLoader.Utilities.SpawnCondition.Cavern.Chance * 0.01f,SuperHardmode,General / Custom,Any / condition-defined depth,Day and night / unspecified,—,Unspecified,(!(Main.hardMode)) && (tsorcRevampWorld.SuperHardMode),NPCs/Enemies/StoneGolem.cs,55
NPC Spawn Rule,StoneGolem,Stone Golem,Enemies,ModNPC,Natural spawn rules,1,—,350,80,50,No,No,No,SpawnChance,Terraria.ModLoader.Utilities.SpawnCondition.Cavern.Chance * 0.15f,Pre-Hardmode,General / Custom,Any / condition-defined depth,Day and night / unspecified,—,Unspecified,(!(Main.hardMode)) && (!(tsorcRevampWorld.SuperHardMode)),NPCs/Enemies/StoneGolem.cs,59
NPC,SwordOfCinder,Sword of Cinder,Bosses,ModNPC,No natural spawn method,1,—,125000,130,85,No,No,No,None,—,—,—,—,—,—,—,—,NPCs/Bosses/SuperHardMode/SwordOfCinder.cs,8
NPC,SwordOfLordGwyn,Sword of Lord Gwyn,Bosses,ModNPC,No natural spawn method,1,—,125000,130,85,No,No,No,None,—,—,—,—,—,—,—,—,NPCs/Bosses/SuperHardMode/SwordOfLordGwyn.cs,8
NPC Spawn Rule,TaurusKnight,Taurus Knight,Enemies,ModNPC,Natural spawn rules,5,—,5400,73,50,No,No,No,SpawnChance,1,SuperHardmode,Desert,Any / condition-defined depth,Day and night / unspecified,1/45,Unspecified,(tsorcRevampWorld.SuperHardMode && (spawnInfo.Player.ZoneDesert || spawnInfo.Player.ZoneUndergroundDesert) && Main.rand.NextBool(45)),NPCs/Enemies/SuperHardMode/TaurusKnight.cs,98
NPC Spawn Rule,TaurusKnight,Taurus Knight,Enemies,ModNPC,Natural spawn rules,5,—,5400,73,50,No,No,No,SpawnChance,1,SuperHardmode,Dungeon,Any / condition-defined depth,Day and night / unspecified,1/50,Unspecified,(!(tsorcRevampWorld.SuperHardMode && (spawnInfo.Player.ZoneDesert || spawnInfo.Player.ZoneUndergroundDesert) && Main.rand.NextBool(45))) && (tsorcRevampWorld.SuperHardMode && spawnInfo.Player.ZoneDungeon && Main.rand.NextBool(50)),NPCs/Enemies/SuperHardMode/TaurusKnight.cs,105
NPC Spawn Rule,TaurusKnight,Taurus Knight,Enemies,ModNPC,Natural spawn rules,5,—,5400,73,50,No,No,No,SpawnChance,1,SuperHardmode,General / Custom,Any / condition-defined depth,Day and night / unspecified,1/30,Unspecified,(!(tsorcRevampWorld.SuperHardMode && (spawnInfo.Player.ZoneDesert || spawnInfo.Player.ZoneUndergroundDesert) && Main.rand.NextBool(45))) && (!(tsorcRevampWorld.SuperHardMode && spawnInfo.Player.ZoneDungeon && Main.rand.NextBool(50))) && (tsorcRevampWorld.SuperHardMode && (spawnInfo.SpawnTileY >= (Main.maxTilesY - 200) * 16) && Main.rand.NextBool(30)),NPCs/Enemies/SuperHardMode/TaurusKnight.cs,112
NPC Spawn Rule,TaurusKnight,Taurus Knight,Enemies,ModNPC,Natural spawn rules,5,—,5400,73,50,No,No,No,SpawnChance,0,Pre-Hardmode + Hardmode + SuperHardmode,General / Custom,Any / condition-defined depth,Day and night / unspecified,—,Unspecified,(!(tsorcRevampWorld.SuperHardMode && (spawnInfo.Player.ZoneDesert || spawnInfo.Player.ZoneUndergroundDesert) && Main.rand.NextBool(45))) && (!(tsorcRevampWorld.SuperHardMode && spawnInfo.Player.ZoneDungeon && Main.rand.NextBool(50))) && (!(tsorcRevampWorld.SuperHardMode && (spawnInfo.SpawnTileY >= (Main.maxTilesY - 200) * 16) && Main.rand.NextBool(30))),NPCs/Enemies/SuperHardMode/TaurusKnight.cs,116
NPC,TestBoss,Test Boss,Bosses,ModNPC,No natural spawn method,10,—,Int32.MaxValue,10,—,No,No,No,None,—,—,—,—,—,—,—,—,NPCs/Bosses/TestBoss.cs,12
NPC Spawn Rule,Tetsujin,Tetsujin,Enemies,ModNPC,Natural spawn rules,4,—,3400,83,70,No,No,No,SpawnChance,((.75f) * (2)) * (2),SuperHardmode,Meteor + Sky,Sky,Night,—,Unspecified,(tsorcRevampWorld.SuperHardMode) && (spawnInfo.Player.ZoneSkyHeight) && (spawnInfo.Player.ZoneMeteor) && (!Main.dayTime) && (Main.bloodMoon),NPCs/Enemies/SuperHardMode/Tetsujin.cs,82
NPC Spawn Rule,Tetsujin,Tetsujin,Enemies,ModNPC,Natural spawn rules,4,—,3400,83,70,No,No,No,SpawnChance,(.75f) * (2),SuperHardmode,Meteor + Sky,Sky,Night,—,Unspecified,(tsorcRevampWorld.SuperHardMode) && (spawnInfo.Player.ZoneSkyHeight) && (spawnInfo.Player.ZoneMeteor) && (!Main.dayTime) && (!(Main.bloodMoon)),NPCs/Enemies/SuperHardMode/Tetsujin.cs,82
NPC Spawn Rule,Tetsujin,Tetsujin,Enemies,ModNPC,Natural spawn rules,4,—,3400,83,70,No,No,No,SpawnChance,(.75f) * (2),SuperHardmode,Meteor + Sky,Sky,Day,—,Unspecified,(tsorcRevampWorld.SuperHardMode) && (spawnInfo.Player.ZoneSkyHeight) && (spawnInfo.Player.ZoneMeteor) && (!(!Main.dayTime)) && (Main.bloodMoon),NPCs/Enemies/SuperHardMode/Tetsujin.cs,82
NPC Spawn Rule,Tetsujin,Tetsujin,Enemies,ModNPC,Natural spawn rules,4,—,3400,83,70,No,No,No,SpawnChance,.75f,SuperHardmode,Meteor + Sky,Sky,Day,—,Unspecified,(tsorcRevampWorld.SuperHardMode) && (spawnInfo.Player.ZoneSkyHeight) && (spawnInfo.Player.ZoneMeteor) && (!(!Main.dayTime)) && (!(Main.bloodMoon)),NPCs/Enemies/SuperHardMode/Tetsujin.cs,82
NPC Spawn Rule,Tetsujin,Tetsujin,Enemies,ModNPC,Natural spawn rules,4,—,3400,83,70,No,No,No,SpawnChance,((0.5f) * (2)) * (2),SuperHardmode,Sky,Sky,Night,—,Unspecified,(tsorcRevampWorld.SuperHardMode) && (spawnInfo.Player.ZoneSkyHeight) && (!(spawnInfo.Player.ZoneMeteor)) && (!Main.dayTime) && (Main.bloodMoon),NPCs/Enemies/SuperHardMode/Tetsujin.cs,82
NPC Spawn Rule,Tetsujin,Tetsujin,Enemies,ModNPC,Natural spawn rules,4,—,3400,83,70,No,No,No,SpawnChance,(0.5f) * (2),SuperHardmode,Sky,Sky,Night,—,Unspecified,(tsorcRevampWorld.SuperHardMode) && (spawnInfo.Player.ZoneSkyHeight) && (!(spawnInfo.Player.ZoneMeteor)) && (!Main.dayTime) && (!(Main.bloodMoon)),NPCs/Enemies/SuperHardMode/Tetsujin.cs,82
NPC Spawn Rule,Tetsujin,Tetsujin,Enemies,ModNPC,Natural spawn rules,4,—,3400,83,70,No,No,No,SpawnChance,(0.5f) * (2),SuperHardmode,Sky,Sky,Day,—,Unspecified,(tsorcRevampWorld.SuperHardMode) && (spawnInfo.Player.ZoneSkyHeight) && (!(spawnInfo.Player.ZoneMeteor)) && (!(!Main.dayTime)) && (Main.bloodMoon),NPCs/Enemies/SuperHardMode/Tetsujin.cs,82
NPC Spawn Rule,Tetsujin,Tetsujin,Enemies,ModNPC,Natural spawn rules,4,—,3400,83,70,No,No,No,SpawnChance,0.5f,SuperHardmode,Sky,Sky,Day,—,Unspecified,(tsorcRevampWorld.SuperHardMode) && (spawnInfo.Player.ZoneSkyHeight) && (!(spawnInfo.Player.ZoneMeteor)) && (!(!Main.dayTime)) && (!(Main.bloodMoon)),NPCs/Enemies/SuperHardMode/Tetsujin.cs,82
NPC Spawn Rule,Tetsujin,Tetsujin,Enemies,ModNPC,Natural spawn rules,4,—,3400,83,70,No,No,No,SpawnChance,((.75f) * (2)) * (2),SuperHardmode,Meteor,Any / condition-defined depth,Night,—,Unspecified,(tsorcRevampWorld.SuperHardMode) && (!(spawnInfo.Player.ZoneSkyHeight)) && (spawnInfo.Player.ZoneMeteor) && (!Main.dayTime) && (Main.bloodMoon),NPCs/Enemies/SuperHardMode/Tetsujin.cs,82
NPC Spawn Rule,Tetsujin,Tetsujin,Enemies,ModNPC,Natural spawn rules,4,—,3400,83,70,No,No,No,SpawnChance,(.75f) * (2),SuperHardmode,Meteor,Any / condition-defined depth,Night,—,Unspecified,(tsorcRevampWorld.SuperHardMode) && (!(spawnInfo.Player.ZoneSkyHeight)) && (spawnInfo.Player.ZoneMeteor) && (!Main.dayTime) && (!(Main.bloodMoon)),NPCs/Enemies/SuperHardMode/Tetsujin.cs,82
NPC Spawn Rule,Tetsujin,Tetsujin,Enemies,ModNPC,Natural spawn rules,4,—,3400,83,70,No,No,No,SpawnChance,(.75f) * (2),SuperHardmode,Meteor,Any / condition-defined depth,Day,—,Unspecified,(tsorcRevampWorld.SuperHardMode) && (!(spawnInfo.Player.ZoneSkyHeight)) && (spawnInfo.Player.ZoneMeteor) && (!(!Main.dayTime)) && (Main.bloodMoon),NPCs/Enemies/SuperHardMode/Tetsujin.cs,82
NPC Spawn Rule,Tetsujin,Tetsujin,Enemies,ModNPC,Natural spawn rules,4,—,3400,83,70,No,No,No,SpawnChance,.75f,SuperHardmode,Meteor,Any / condition-defined depth,Day,—,Unspecified,(tsorcRevampWorld.SuperHardMode) && (!(spawnInfo.Player.ZoneSkyHeight)) && (spawnInfo.Player.ZoneMeteor) && (!(!Main.dayTime)) && (!(Main.bloodMoon)),NPCs/Enemies/SuperHardMode/Tetsujin.cs,82
NPC Spawn Rule,Tetsujin,Tetsujin,Enemies,ModNPC,Natural spawn rules,4,—,3400,83,70,No,No,No,SpawnChance,((0) * (2)) * (2),SuperHardmode,General / Custom,Any / condition-defined depth,Night,—,Unspecified,(tsorcRevampWorld.SuperHardMode) && (!(spawnInfo.Player.ZoneSkyHeight)) && (!(spawnInfo.Player.ZoneMeteor)) && (!Main.dayTime) && (Main.bloodMoon),NPCs/Enemies/SuperHardMode/Tetsujin.cs,82
NPC Spawn Rule,Tetsujin,Tetsujin,Enemies,ModNPC,Natural spawn rules,4,—,3400,83,70,No,No,No,SpawnChance,(0) * (2),SuperHardmode,General / Custom,Any / condition-defined depth,Night,—,Unspecified,(tsorcRevampWorld.SuperHardMode) && (!(spawnInfo.Player.ZoneSkyHeight)) && (!(spawnInfo.Player.ZoneMeteor)) && (!Main.dayTime) && (!(Main.bloodMoon)),NPCs/Enemies/SuperHardMode/Tetsujin.cs,82
NPC Spawn Rule,Tetsujin,Tetsujin,Enemies,ModNPC,Natural spawn rules,4,—,3400,83,70,No,No,No,SpawnChance,(0) * (2),SuperHardmode,General / Custom,Any / condition-defined depth,Day,—,Unspecified,(tsorcRevampWorld.SuperHardMode) && (!(spawnInfo.Player.ZoneSkyHeight)) && (!(spawnInfo.Player.ZoneMeteor)) && (!(!Main.dayTime)) && (Main.bloodMoon),NPCs/Enemies/SuperHardMode/Tetsujin.cs,82
NPC Spawn Rule,Tetsujin,Tetsujin,Enemies,ModNPC,Natural spawn rules,4,—,3400,83,70,No,No,No,SpawnChance,0,SuperHardmode,General / Custom,Any / condition-defined depth,Day,—,Unspecified,(tsorcRevampWorld.SuperHardMode) && (!(spawnInfo.Player.ZoneSkyHeight)) && (!(spawnInfo.Player.ZoneMeteor)) && (!(!Main.dayTime)) && (!(Main.bloodMoon)),NPCs/Enemies/SuperHardMode/Tetsujin.cs,82
NPC Spawn Rule,Tetsujin,Tetsujin,Enemies,ModNPC,Natural spawn rules,4,—,3400,83,70,No,No,No,SpawnChance,0,Pre-Hardmode + Hardmode,General / Custom,Any / condition-defined depth,Day and night / unspecified,—,Unspecified,(!(tsorcRevampWorld.SuperHardMode)),NPCs/Enemies/SuperHardMode/Tetsujin.cs,82
NPC,TheHunter,The Hunter,Bosses,ModNPC,No natural spawn method,6,—,BaseHP,70,38,Yes,No,No,None,—,—,—,—,—,—,—,—,NPCs/Bosses/TheHunter.cs,21
NPC,TheHunterChild,The Hunter's child,Bosses,ModNPC,No natural spawn method,1,—,5000,53,30,No,No,No,None,—,—,—,—,—,—,—,—,NPCs/Bosses/TheHunterChild.cs,14
NPC,TheMachine,The Machine,Bosses,BossBase,No natural spawn method,1,—,20000,80,999999,No,No,No,None,—,—,—,—,—,—,—,—,NPCs/Bosses/PrimeV2/TheMachine.cs,20
NPC,TheRage,The Rage,Bosses,ModNPC,No natural spawn method,6,—,BaseHP,100,32,Yes,No,No,None,—,—,—,—,—,—,—,—,NPCs/Bosses/TheRage.cs,23
NPC,TheSorrow,The Sorrow,Bosses,ModNPC,No natural spawn method,6,—,BaseHP,65,34,Yes,No,No,None,—,—,—,—,—,—,—,—,NPCs/Bosses/TheSorrow.cs,23
NPC Spawn Rule,TibianAmazon,Tibian Amazon,Enemies,ModNPC,Natural spawn rules,1,—,250,50,16,No,No,No,SpawnChance,0,Pre-Hardmode + Hardmode + SuperHardmode,Snow + Desert,Any / condition-defined depth,Day and night / unspecified,—,Unspecified,(spawnInfo.Invasion || Sky(spawnInfo.Player) || spawnInfo.Player.ZoneSnow || spawnInfo.Player.ZoneDesert),NPCs/Enemies/TibianAmazon.cs,102
NPC Spawn Rule,TibianAmazon,Tibian Amazon,Enemies,ModNPC,Natural spawn rules,1,—,250,50,16,No,No,No,SpawnChance,0.05f,Pre-Hardmode + Hardmode,Dungeon,Surface or Underground or Caverns,Day and night / unspecified,—,Unspecified,(!(spawnInfo.Invasion || Sky(spawnInfo.Player) || spawnInfo.Player.ZoneSnow || spawnInfo.Player.ZoneDesert)) && (spawnInfo.Player.townNPCs > 0f || tsorcRevampWorld.SuperHardMode || spawnInfo.Player.ZoneDungeon) && (!tsorcRevampWorld.SuperHardMode && (spawnInfo.Player.ZoneOverworldHeight || spawnInfo.Player.ZoneDirtLayerHeight || spawnInfo.Player.ZoneRockLayerHeight)) && (!(spawnInfo.Player.ZoneCorrupt || spawnInfo.Player.ZoneCrimson)),NPCs/Enemies/TibianAmazon.cs,108
NPC Spawn Rule,TibianAmazon,Tibian Amazon,Enemies,ModNPC,Natural spawn rules,1,—,250,50,16,No,No,No,SpawnChance,0.05f,Pre-Hardmode + Hardmode,Neutral Underground / Caverns,Surface or Underground or Caverns,Day and night / unspecified,—,Unspecified,(!(spawnInfo.Invasion || Sky(spawnInfo.Player) || spawnInfo.Player.ZoneSnow || spawnInfo.Player.ZoneDesert)) && (!(spawnInfo.Player.townNPCs > 0f || tsorcRevampWorld.SuperHardMode || spawnInfo.Player.ZoneDungeon)) && (!tsorcRevampWorld.SuperHardMode && (spawnInfo.Player.ZoneOverworldHeight || spawnInfo.Player.ZoneDirtLayerHeight || spawnInfo.Player.ZoneRockLayerHeight)) && (!(spawnInfo.Player.ZoneCorrupt || spawnInfo.Player.ZoneCrimson)),NPCs/Enemies/TibianAmazon.cs,108
NPC Spawn Rule,TibianAmazon,Tibian Amazon,Enemies,ModNPC,Natural spawn rules,1,—,250,50,16,No,No,No,SpawnChance,0.055f,Pre-Hardmode + Hardmode,Corruption + Crimson + Dungeon,Surface or Underground or Caverns,Night,—,Unspecified,(!(spawnInfo.Invasion || Sky(spawnInfo.Player) || spawnInfo.Player.ZoneSnow || spawnInfo.Player.ZoneDesert)) && (spawnInfo.Player.townNPCs > 0f || tsorcRevampWorld.SuperHardMode || spawnInfo.Player.ZoneDungeon) && (!tsorcRevampWorld.SuperHardMode && (spawnInfo.Player.ZoneOverworldHeight || spawnInfo.Player.ZoneDirtLayerHeight || spawnInfo.Player.ZoneRockLayerHeight)) && (!(!(spawnInfo.Player.ZoneCorrupt || spawnInfo.Player.ZoneCrimson))) && (!(spawnInfo.Player.ZoneCorrupt || spawnInfo.Player.ZoneCrimson) && !Main.dayTime),NPCs/Enemies/TibianAmazon.cs,109
NPC Spawn Rule,TibianAmazon,Tibian Amazon,Enemies,ModNPC,Natural spawn rules,1,—,250,50,16,No,No,No,SpawnChance,0.055f,Pre-Hardmode + Hardmode,Corruption + Crimson,Surface or Underground or Caverns,Night,—,Unspecified,(!(spawnInfo.Invasion || Sky(spawnInfo.Player) || spawnInfo.Player.ZoneSnow || spawnInfo.Player.ZoneDesert)) && (!(spawnInfo.Player.townNPCs > 0f || tsorcRevampWorld.SuperHardMode || spawnInfo.Player.ZoneDungeon)) && (!tsorcRevampWorld.SuperHardMode && (spawnInfo.Player.ZoneOverworldHeight || spawnInfo.Player.ZoneDirtLayerHeight || spawnInfo.Player.ZoneRockLayerHeight)) && (!(!(spawnInfo.Player.ZoneCorrupt || spawnInfo.Player.ZoneCrimson))) && (!(spawnInfo.Player.ZoneCorrupt || spawnInfo.Player.ZoneCrimson) && !Main.dayTime),NPCs/Enemies/TibianAmazon.cs,109
NPC Spawn Rule,TibianAmazon,Tibian Amazon,Enemies,ModNPC,Natural spawn rules,1,—,250,50,16,No,No,No,SpawnChance,0.0534f,Pre-Hardmode + Hardmode,Corruption + Crimson + Dungeon,Surface or Underground or Caverns,Day,—,Unspecified,(!(spawnInfo.Invasion || Sky(spawnInfo.Player) || spawnInfo.Player.ZoneSnow || spawnInfo.Player.ZoneDesert)) && (spawnInfo.Player.townNPCs > 0f || tsorcRevampWorld.SuperHardMode || spawnInfo.Player.ZoneDungeon) && (!tsorcRevampWorld.SuperHardMode && (spawnInfo.Player.ZoneOverworldHeight || spawnInfo.Player.ZoneDirtLayerHeight || spawnInfo.Player.ZoneRockLayerHeight)) && (!(!(spawnInfo.Player.ZoneCorrupt || spawnInfo.Player.ZoneCrimson))) && (!(!(spawnInfo.Player.ZoneCorrupt || spawnInfo.Player.ZoneCrimson) && !Main.dayTime)) && (!(spawnInfo.Player.ZoneCorrupt || spawnInfo.Player.ZoneCrimson) && Main.dayTime),NPCs/Enemies/TibianAmazon.cs,110
NPC Spawn Rule,TibianAmazon,Tibian Amazon,Enemies,ModNPC,Natural spawn rules,1,—,250,50,16,No,No,No,SpawnChance,0.0534f,Pre-Hardmode + Hardmode,Corruption + Crimson,Surface or Underground or Caverns,Day,—,Unspecified,(!(spawnInfo.Invasion || Sky(spawnInfo.Player) || spawnInfo.Player.ZoneSnow || spawnInfo.Player.ZoneDesert)) && (!(spawnInfo.Player.townNPCs > 0f || tsorcRevampWorld.SuperHardMode || spawnInfo.Player.ZoneDungeon)) && (!tsorcRevampWorld.SuperHardMode && (spawnInfo.Player.ZoneOverworldHeight || spawnInfo.Player.ZoneDirtLayerHeight || spawnInfo.Player.ZoneRockLayerHeight)) && (!(!(spawnInfo.Player.ZoneCorrupt || spawnInfo.Player.ZoneCrimson))) && (!(!(spawnInfo.Player.ZoneCorrupt || spawnInfo.Player.ZoneCrimson) && !Main.dayTime)) && (!(spawnInfo.Player.ZoneCorrupt || spawnInfo.Player.ZoneCrimson) && Main.dayTime),NPCs/Enemies/TibianAmazon.cs,110
NPC Spawn Rule,TibianAmazon,Tibian Amazon,Enemies,ModNPC,Natural spawn rules,1,—,250,50,16,No,No,No,SpawnChance,0.0725f,Pre-Hardmode + Hardmode,Corruption + Crimson + Dungeon + Meteor,Surface or Underground or Caverns,Night,—,Unspecified,(!(spawnInfo.Invasion || Sky(spawnInfo.Player) || spawnInfo.Player.ZoneSnow || spawnInfo.Player.ZoneDesert)) && (spawnInfo.Player.townNPCs > 0f || tsorcRevampWorld.SuperHardMode || spawnInfo.Player.ZoneDungeon) && (!tsorcRevampWorld.SuperHardMode && (spawnInfo.Player.ZoneOverworldHeight || spawnInfo.Player.ZoneDirtLayerHeight || spawnInfo.Player.ZoneRockLayerHeight)) && (!(!(spawnInfo.Player.ZoneCorrupt || spawnInfo.Player.ZoneCrimson))) && (!(!(spawnInfo.Player.ZoneCorrupt || spawnInfo.Player.ZoneCrimson) && !Main.dayTime)) && (!(!(spawnInfo.Player.ZoneCorrupt || spawnInfo.Player.ZoneCrimson) && Main.dayTime)) && (spawnInfo.Player.ZoneMeteor && !Main.dayTime),NPCs/Enemies/TibianAmazon.cs,111
NPC Spawn Rule,TibianAmazon,Tibian Amazon,Enemies,ModNPC,Natural spawn rules,1,—,250,50,16,No,No,No,SpawnChance,0.0725f,Pre-Hardmode + Hardmode,Corruption + Crimson + Meteor,Surface or Underground or Caverns,Night,—,Unspecified,(!(spawnInfo.Invasion || Sky(spawnInfo.Player) || spawnInfo.Player.ZoneSnow || spawnInfo.Player.ZoneDesert)) && (!(spawnInfo.Player.townNPCs > 0f || tsorcRevampWorld.SuperHardMode || spawnInfo.Player.ZoneDungeon)) && (!tsorcRevampWorld.SuperHardMode && (spawnInfo.Player.ZoneOverworldHeight || spawnInfo.Player.ZoneDirtLayerHeight || spawnInfo.Player.ZoneRockLayerHeight)) && (!(!(spawnInfo.Player.ZoneCorrupt || spawnInfo.Player.ZoneCrimson))) && (!(!(spawnInfo.Player.ZoneCorrupt || spawnInfo.Player.ZoneCrimson) && !Main.dayTime)) && (!(!(spawnInfo.Player.ZoneCorrupt || spawnInfo.Player.ZoneCrimson) && Main.dayTime)) && (spawnInfo.Player.ZoneMeteor && !Main.dayTime),NPCs/Enemies/TibianAmazon.cs,111
NPC Spawn Rule,TibianAmazon,Tibian Amazon,Enemies,ModNPC,Natural spawn rules,1,—,250,50,16,No,No,No,SpawnChance,0f,Pre-Hardmode + Hardmode,Corruption + Crimson + Dungeon,Surface or Underground or Caverns,Day and night / unspecified,—,Unspecified,(!(spawnInfo.Invasion || Sky(spawnInfo.Player) || spawnInfo.Player.ZoneSnow || spawnInfo.Player.ZoneDesert)) && (spawnInfo.Player.townNPCs > 0f || tsorcRevampWorld.SuperHardMode || spawnInfo.Player.ZoneDungeon) && (!tsorcRevampWorld.SuperHardMode && (spawnInfo.Player.ZoneOverworldHeight || spawnInfo.Player.ZoneDirtLayerHeight || spawnInfo.Player.ZoneRockLayerHeight)) && (!(!(spawnInfo.Player.ZoneCorrupt || spawnInfo.Player.ZoneCrimson))) && (!(!(spawnInfo.Player.ZoneCorrupt || spawnInfo.Player.ZoneCrimson) && !Main.dayTime)) && (!(!(spawnInfo.Player.ZoneCorrupt || spawnInfo.Player.ZoneCrimson) && Main.dayTime)) && (!(spawnInfo.Player.ZoneMeteor && !Main.dayTime)),NPCs/Enemies/TibianAmazon.cs,114
NPC Spawn Rule,TibianAmazon,Tibian Amazon,Enemies,ModNPC,Natural spawn rules,1,—,250,50,16,No,No,No,SpawnChance,0f,Pre-Hardmode + Hardmode + SuperHardmode,Dungeon,Any / condition-defined depth,Day and night / unspecified,—,Unspecified,(!(spawnInfo.Invasion || Sky(spawnInfo.Player) || spawnInfo.Player.ZoneSnow || spawnInfo.Player.ZoneDesert)) && (spawnInfo.Player.townNPCs > 0f || tsorcRevampWorld.SuperHardMode || spawnInfo.Player.ZoneDungeon) && (!(!tsorcRevampWorld.SuperHardMode && (spawnInfo.Player.ZoneOverworldHeight || spawnInfo.Player.ZoneDirtLayerHeight || spawnInfo.Player.ZoneRockLayerHeight))),NPCs/Enemies/TibianAmazon.cs,114
NPC Spawn Rule,TibianAmazon,Tibian Amazon,Enemies,ModNPC,Natural spawn rules,1,—,250,50,16,No,No,No,SpawnChance,0,Pre-Hardmode + Hardmode,Corruption + Crimson,Surface or Underground or Caverns,Day and night / unspecified,—,Unspecified,(!(spawnInfo.Invasion || Sky(spawnInfo.Player) || spawnInfo.Player.ZoneSnow || spawnInfo.Player.ZoneDesert)) && (!(spawnInfo.Player.townNPCs > 0f || tsorcRevampWorld.SuperHardMode || spawnInfo.Player.ZoneDungeon)) && (!tsorcRevampWorld.SuperHardMode && (spawnInfo.Player.ZoneOverworldHeight || spawnInfo.Player.ZoneDirtLayerHeight || spawnInfo.Player.ZoneRockLayerHeight)) && (!(!(spawnInfo.Player.ZoneCorrupt || spawnInfo.Player.ZoneCrimson))) && (!(!(spawnInfo.Player.ZoneCorrupt || spawnInfo.Player.ZoneCrimson) && !Main.dayTime)) && (!(!(spawnInfo.Player.ZoneCorrupt || spawnInfo.Player.ZoneCrimson) && Main.dayTime)) && (!(spawnInfo.Player.ZoneMeteor && !Main.dayTime)),NPCs/Enemies/TibianAmazon.cs,114
NPC Spawn Rule,TibianAmazon,Tibian Amazon,Enemies,ModNPC,Natural spawn rules,1,—,250,50,16,No,No,No,SpawnChance,0,Pre-Hardmode + Hardmode,General / Custom,Any / condition-defined depth,Day and night / unspecified,—,Unspecified,(!(spawnInfo.Invasion || Sky(spawnInfo.Player) || spawnInfo.Player.ZoneSnow || spawnInfo.Player.ZoneDesert)) && (!(spawnInfo.Player.townNPCs > 0f || tsorcRevampWorld.SuperHardMode || spawnInfo.Player.ZoneDungeon)) && (!(!tsorcRevampWorld.SuperHardMode && (spawnInfo.Player.ZoneOverworldHeight || spawnInfo.Player.ZoneDirtLayerHeight || spawnInfo.Player.ZoneRockLayerHeight))),NPCs/Enemies/TibianAmazon.cs,114
NPC Spawn Rule,TibianValkyrie,Tibian Valkyrie,Enemies,ModNPC,Natural spawn rules,1,—,700,70,30,No,No,No,SpawnChance,0,Pre-Hardmode + Hardmode + SuperHardmode,Snow,Any / condition-defined depth,Day and night / unspecified,—,Unspecified,(spawnInfo.Invasion || Sky(spawnInfo.Player) || spawnInfo.Player.ZoneSnow),NPCs/Enemies/TibianValkyrie.cs,132
NPC Spawn Rule,TibianValkyrie,Tibian Valkyrie,Enemies,ModNPC,Natural spawn rules,1,—,700,70,30,No,No,No,SpawnChance,0f,Pre-Hardmode + Hardmode + SuperHardmode,General / Custom,Any / condition-defined depth,Day and night / unspecified,—,Unspecified,(!(spawnInfo.Invasion || Sky(spawnInfo.Player) || spawnInfo.Player.ZoneSnow)) && (spawnInfo.Player.townNPCs > 0f),NPCs/Enemies/TibianValkyrie.cs,135
NPC Spawn Rule,TibianValkyrie,Tibian Valkyrie,Enemies,ModNPC,Natural spawn rules,1,—,700,70,30,No,No,No,SpawnChance,0.0427f,Pre-Hardmode,Neutral Overworld (Forest),Surface,Night,—,Unspecified,(!(spawnInfo.Invasion || Sky(spawnInfo.Player) || spawnInfo.Player.ZoneSnow)) && (!(spawnInfo.Player.townNPCs > 0f)) && (spawnInfo.Player.ZoneOverworldHeight && !Main.hardMode && !spawnInfo.Player.ZoneCrimson && !Main.dayTime),NPCs/Enemies/TibianValkyrie.cs,138
NPC Spawn Rule,TibianValkyrie,Tibian Valkyrie,Enemies,ModNPC,Natural spawn rules,1,—,700,70,30,No,No,No,SpawnChance,0.038f,Pre-Hardmode,Neutral Overworld (Forest),Surface,Day,—,Unspecified,(!(spawnInfo.Invasion || Sky(spawnInfo.Player) || spawnInfo.Player.ZoneSnow)) && (!(spawnInfo.Player.townNPCs > 0f)) && (!(spawnInfo.Player.ZoneOverworldHeight && !Main.hardMode && !spawnInfo.Player.ZoneCrimson && !Main.dayTime)) && (spawnInfo.Player.ZoneOverworldHeight && !Main.hardMode && !spawnInfo.Player.ZoneCrimson && Main.dayTime),NPCs/Enemies/TibianValkyrie.cs,139
NPC Spawn Rule,TibianValkyrie,Tibian Valkyrie,Enemies,ModNPC,Natural spawn rules,1,—,700,70,30,No,No,No,SpawnChance,0.0433f,Pre-Hardmode,Neutral Underground / Caverns,Underground or Caverns,Day,—,Unspecified,(!(spawnInfo.Invasion || Sky(spawnInfo.Player) || spawnInfo.Player.ZoneSnow)) && (!(spawnInfo.Player.townNPCs > 0f)) && (!(spawnInfo.Player.ZoneOverworldHeight && !Main.hardMode && !spawnInfo.Player.ZoneCrimson && !Main.dayTime)) && (!(spawnInfo.Player.ZoneOverworldHeight && !Main.hardMode && !spawnInfo.Player.ZoneCrimson && Main.dayTime)) && (!Main.hardMode && !spawnInfo.Player.ZoneMeteor && !spawnInfo.Player.ZoneJungle) && (!spawnInfo.Player.ZoneDungeon && !spawnInfo.Player.ZoneCorrupt && !spawnInfo.Player.ZoneCrimson && (spawnInfo.Player.ZoneDirtLayerHeight || spawnInfo.Player.ZoneRockLayerHeight) && Main.dayTime),NPCs/Enemies/TibianValkyrie.cs,143
NPC Spawn Rule,TibianValkyrie,Tibian Valkyrie,Enemies,ModNPC,Natural spawn rules,1,—,700,70,30,No,No,No,SpawnChance,0.0555f,Pre-Hardmode,Neutral Underground / Caverns,Underground or Caverns,Night,—,Unspecified,(!(spawnInfo.Invasion || Sky(spawnInfo.Player) || spawnInfo.Player.ZoneSnow)) && (!(spawnInfo.Player.townNPCs > 0f)) && (!(spawnInfo.Player.ZoneOverworldHeight && !Main.hardMode && !spawnInfo.Player.ZoneCrimson && !Main.dayTime)) && (!(spawnInfo.Player.ZoneOverworldHeight && !Main.hardMode && !spawnInfo.Player.ZoneCrimson && Main.dayTime)) && (!Main.hardMode && !spawnInfo.Player.ZoneMeteor && !spawnInfo.Player.ZoneJungle) && (!(!spawnInfo.Player.ZoneDungeon && !spawnInfo.Player.ZoneCorrupt && !spawnInfo.Player.ZoneCrimson && (spawnInfo.Player.ZoneDirtLayerHeight || spawnInfo.Player.ZoneRockLayerHeight) && Main.dayTime)) && (!spawnInfo.Player.ZoneDungeon && !spawnInfo.Player.ZoneCorrupt && !spawnInfo.Player.ZoneCrimson && (spawnInfo.Player.ZoneDirtLayerHeight || spawnInfo.Player.ZoneRockLayerHeight) && !Main.dayTime),NPCs/Enemies/TibianValkyrie.cs,144
NPC Spawn Rule,TibianValkyrie,Tibian Valkyrie,Enemies,ModNPC,Natural spawn rules,1,—,700,70,30,No,No,No,SpawnChance,0.03857f,Pre-Hardmode,Dungeon,Underground or Caverns,Day and night / unspecified,—,Unspecified,(!(spawnInfo.Invasion || Sky(spawnInfo.Player) || spawnInfo.Player.ZoneSnow)) && (!(spawnInfo.Player.townNPCs > 0f)) && (!(spawnInfo.Player.ZoneOverworldHeight && !Main.hardMode && !spawnInfo.Player.ZoneCrimson && !Main.dayTime)) && (!(spawnInfo.Player.ZoneOverworldHeight && !Main.hardMode && !spawnInfo.Player.ZoneCrimson && Main.dayTime)) && (!Main.hardMode && !spawnInfo.Player.ZoneMeteor && !spawnInfo.Player.ZoneJungle) && (!(!spawnInfo.Player.ZoneDungeon && !spawnInfo.Player.ZoneCorrupt && !spawnInfo.Player.ZoneCrimson && (spawnInfo.Player.ZoneDirtLayerHeight || spawnInfo.Player.ZoneRockLayerHeight) && Main.dayTime)) && (!(!spawnInfo.Player.ZoneDungeon && !spawnInfo.Player.ZoneCorrupt && !spawnInfo.Player.ZoneCrimson && (spawnInfo.Player.ZoneDirtLayerHeight || spawnInfo.Player.ZoneRockLayerHeight) && !Main.dayTime)) && (spawnInfo.Player.ZoneDungeon && (spawnInfo.Player.ZoneDirtLayerHeight || spawnInfo.Player.ZoneRockLayerHeight)),NPCs/Enemies/TibianValkyrie.cs,145
NPC Spawn Rule,TibianValkyrie,Tibian Valkyrie,Enemies,ModNPC,Natural spawn rules,1,—,700,70,30,No,No,No,SpawnChance,0.025f,Pre-Hardmode,Neutral Overworld (Forest),Surface,Night,—,Unspecified,(!(spawnInfo.Invasion || Sky(spawnInfo.Player) || spawnInfo.Player.ZoneSnow)) && (!(spawnInfo.Player.townNPCs > 0f)) && (!(spawnInfo.Player.ZoneOverworldHeight && !Main.hardMode && !spawnInfo.Player.ZoneCrimson && !Main.dayTime)) && (!(spawnInfo.Player.ZoneOverworldHeight && !Main.hardMode && !spawnInfo.Player.ZoneCrimson && Main.dayTime)) && (!Main.hardMode && !spawnInfo.Player.ZoneMeteor && !spawnInfo.Player.ZoneJungle) && (!(!spawnInfo.Player.ZoneDungeon && !spawnInfo.Player.ZoneCorrupt && !spawnInfo.Player.ZoneCrimson && (spawnInfo.Player.ZoneDirtLayerHeight || spawnInfo.Player.ZoneRockLayerHeight) && Main.dayTime)) && (!(!spawnInfo.Player.ZoneDungeon && !spawnInfo.Player.ZoneCorrupt && !spawnInfo.Player.ZoneCrimson && (spawnInfo.Player.ZoneDirtLayerHeight || spawnInfo.Player.ZoneRockLayerHeight) && !Main.dayTime)) && (!(spawnInfo.Player.ZoneDungeon && (spawnInfo.Player.ZoneDirtLayerHeight || spawnInfo.Player.ZoneRockLayerHeight))) && (Main.hardMode && !spawnInfo.Player.ZoneMeteor && !spawnInfo.Player.ZoneJungle && !spawnInfo.Player.ZoneCorrupt && !spawnInfo.Player.ZoneCrimson) && (spawnInfo.Player.ZoneOverworldHeight) && (!Main.dayTime),NPCs/Enemies/TibianValkyrie.cs,152
NPC Spawn Rule,TibianValkyrie,Tibian Valkyrie,Enemies,ModNPC,Natural spawn rules,1,—,700,70,30,No,No,No,SpawnChance,0.018f,Pre-Hardmode,Neutral Overworld (Forest),Surface,Day,—,Unspecified,(!(spawnInfo.Invasion || Sky(spawnInfo.Player) || spawnInfo.Player.ZoneSnow)) && (!(spawnInfo.Player.townNPCs > 0f)) && (!(spawnInfo.Player.ZoneOverworldHeight && !Main.hardMode && !spawnInfo.Player.ZoneCrimson && !Main.dayTime)) && (!(spawnInfo.Player.ZoneOverworldHeight && !Main.hardMode && !spawnInfo.Player.ZoneCrimson && Main.dayTime)) && (!Main.hardMode && !spawnInfo.Player.ZoneMeteor && !spawnInfo.Player.ZoneJungle) && (!(!spawnInfo.Player.ZoneDungeon && !spawnInfo.Player.ZoneCorrupt && !spawnInfo.Player.ZoneCrimson && (spawnInfo.Player.ZoneDirtLayerHeight || spawnInfo.Player.ZoneRockLayerHeight) && Main.dayTime)) && (!(!spawnInfo.Player.ZoneDungeon && !spawnInfo.Player.ZoneCorrupt && !spawnInfo.Player.ZoneCrimson && (spawnInfo.Player.ZoneDirtLayerHeight || spawnInfo.Player.ZoneRockLayerHeight) && !Main.dayTime)) && (!(spawnInfo.Player.ZoneDungeon && (spawnInfo.Player.ZoneDirtLayerHeight || spawnInfo.Player.ZoneRockLayerHeight))) && (Main.hardMode && !spawnInfo.Player.ZoneMeteor && !spawnInfo.Player.ZoneJungle && !spawnInfo.Player.ZoneCorrupt && !spawnInfo.Player.ZoneCrimson) && (spawnInfo.Player.ZoneOverworldHeight) && (!(!Main.dayTime)),NPCs/Enemies/TibianValkyrie.cs,152
NPC Spawn Rule,TibianValkyrie,Tibian Valkyrie,Enemies,ModNPC,Natural spawn rules,1,—,700,70,30,No,No,No,SpawnChance,0.025f,Hardmode + SuperHardmode,Neutral Overworld (Forest),Surface,Night,—,Unspecified,(!(spawnInfo.Invasion || Sky(spawnInfo.Player) || spawnInfo.Player.ZoneSnow)) && (!(spawnInfo.Player.townNPCs > 0f)) && (!(spawnInfo.Player.ZoneOverworldHeight && !Main.hardMode && !spawnInfo.Player.ZoneCrimson && !Main.dayTime)) && (!(spawnInfo.Player.ZoneOverworldHeight && !Main.hardMode && !spawnInfo.Player.ZoneCrimson && Main.dayTime)) && (!(!Main.hardMode && !spawnInfo.Player.ZoneMeteor && !spawnInfo.Player.ZoneJungle)) && (Main.hardMode && !spawnInfo.Player.ZoneMeteor && !spawnInfo.Player.ZoneJungle && !spawnInfo.Player.ZoneCorrupt && !spawnInfo.Player.ZoneCrimson) && (spawnInfo.Player.ZoneOverworldHeight) && (!Main.dayTime),NPCs/Enemies/TibianValkyrie.cs,152
NPC Spawn Rule,TibianValkyrie,Tibian Valkyrie,Enemies,ModNPC,Natural spawn rules,1,—,700,70,30,No,No,No,SpawnChance,0.018f,Hardmode + SuperHardmode,Neutral Overworld (Forest),Surface,Day,—,Unspecified,(!(spawnInfo.Invasion || Sky(spawnInfo.Player) || spawnInfo.Player.ZoneSnow)) && (!(spawnInfo.Player.townNPCs > 0f)) && (!(spawnInfo.Player.ZoneOverworldHeight && !Main.hardMode && !spawnInfo.Player.ZoneCrimson && !Main.dayTime)) && (!(spawnInfo.Player.ZoneOverworldHeight && !Main.hardMode && !spawnInfo.Player.ZoneCrimson && Main.dayTime)) && (!(!Main.hardMode && !spawnInfo.Player.ZoneMeteor && !spawnInfo.Player.ZoneJungle)) && (Main.hardMode && !spawnInfo.Player.ZoneMeteor && !spawnInfo.Player.ZoneJungle && !spawnInfo.Player.ZoneCorrupt && !spawnInfo.Player.ZoneCrimson) && (spawnInfo.Player.ZoneOverworldHeight) && (!(!Main.dayTime)),NPCs/Enemies/TibianValkyrie.cs,152
NPC Spawn Rule,TibianValkyrie,Tibian Valkyrie,Enemies,ModNPC,Natural spawn rules,1,—,700,70,30,No,No,No,SpawnChance,0.032f,Pre-Hardmode,Neutral Underground / Caverns,Underground or Caverns,Night,—,Unspecified,(!(spawnInfo.Invasion || Sky(spawnInfo.Player) || spawnInfo.Player.ZoneSnow)) && (!(spawnInfo.Player.townNPCs > 0f)) && (!(spawnInfo.Player.ZoneOverworldHeight && !Main.hardMode && !spawnInfo.Player.ZoneCrimson && !Main.dayTime)) && (!(spawnInfo.Player.ZoneOverworldHeight && !Main.hardMode && !spawnInfo.Player.ZoneCrimson && Main.dayTime)) && (!Main.hardMode && !spawnInfo.Player.ZoneMeteor && !spawnInfo.Player.ZoneJungle) && (!(!spawnInfo.Player.ZoneDungeon && !spawnInfo.Player.ZoneCorrupt && !spawnInfo.Player.ZoneCrimson && (spawnInfo.Player.ZoneDirtLayerHeight || spawnInfo.Player.ZoneRockLayerHeight) && Main.dayTime)) && (!(!spawnInfo.Player.ZoneDungeon && !spawnInfo.Player.ZoneCorrupt && !spawnInfo.Player.ZoneCrimson && (spawnInfo.Player.ZoneDirtLayerHeight || spawnInfo.Player.ZoneRockLayerHeight) && !Main.dayTime)) && (!(spawnInfo.Player.ZoneDungeon && (spawnInfo.Player.ZoneDirtLayerHeight || spawnInfo.Player.ZoneRockLayerHeight))) && (Main.hardMode && !spawnInfo.Player.ZoneMeteor && !spawnInfo.Player.ZoneJungle && !spawnInfo.Player.ZoneCorrupt && !spawnInfo.Player.ZoneCrimson) && (!(spawnInfo.Player.ZoneOverworldHeight)) && (spawnInfo.Player.ZoneDirtLayerHeight || spawnInfo.Player.ZoneRockLayerHeight) && (!Main.dayTime),NPCs/Enemies/TibianValkyrie.cs,153
NPC Spawn Rule,TibianValkyrie,Tibian Valkyrie,Enemies,ModNPC,Natural spawn rules,1,—,700,70,30,No,No,No,SpawnChance,0.022f,Pre-Hardmode,Neutral Underground / Caverns,Underground or Caverns,Day,—,Unspecified,(!(spawnInfo.Invasion || Sky(spawnInfo.Player) || spawnInfo.Player.ZoneSnow)) && (!(spawnInfo.Player.townNPCs > 0f)) && (!(spawnInfo.Player.ZoneOverworldHeight && !Main.hardMode && !spawnInfo.Player.ZoneCrimson && !Main.dayTime)) && (!(spawnInfo.Player.ZoneOverworldHeight && !Main.hardMode && !spawnInfo.Player.ZoneCrimson && Main.dayTime)) && (!Main.hardMode && !spawnInfo.Player.ZoneMeteor && !spawnInfo.Player.ZoneJungle) && (!(!spawnInfo.Player.ZoneDungeon && !spawnInfo.Player.ZoneCorrupt && !spawnInfo.Player.ZoneCrimson && (spawnInfo.Player.ZoneDirtLayerHeight || spawnInfo.Player.ZoneRockLayerHeight) && Main.dayTime)) && (!(!spawnInfo.Player.ZoneDungeon && !spawnInfo.Player.ZoneCorrupt && !spawnInfo.Player.ZoneCrimson && (spawnInfo.Player.ZoneDirtLayerHeight || spawnInfo.Player.ZoneRockLayerHeight) && !Main.dayTime)) && (!(spawnInfo.Player.ZoneDungeon && (spawnInfo.Player.ZoneDirtLayerHeight || spawnInfo.Player.ZoneRockLayerHeight))) && (Main.hardMode && !spawnInfo.Player.ZoneMeteor && !spawnInfo.Player.ZoneJungle && !spawnInfo.Player.ZoneCorrupt && !spawnInfo.Player.ZoneCrimson) && (!(spawnInfo.Player.ZoneOverworldHeight)) && (spawnInfo.Player.ZoneDirtLayerHeight || spawnInfo.Player.ZoneRockLayerHeight) && (!(!Main.dayTime)),NPCs/Enemies/TibianValkyrie.cs,153
NPC Spawn Rule,TibianValkyrie,Tibian Valkyrie,Enemies,ModNPC,Natural spawn rules,1,—,700,70,30,No,No,No,SpawnChance,0.032f,Hardmode + SuperHardmode,Neutral Underground / Caverns,Underground or Caverns,Night,—,Unspecified,(!(spawnInfo.Invasion || Sky(spawnInfo.Player) || spawnInfo.Player.ZoneSnow)) && (!(spawnInfo.Player.townNPCs > 0f)) && (!(spawnInfo.Player.ZoneOverworldHeight && !Main.hardMode && !spawnInfo.Player.ZoneCrimson && !Main.dayTime)) && (!(spawnInfo.Player.ZoneOverworldHeight && !Main.hardMode && !spawnInfo.Player.ZoneCrimson && Main.dayTime)) && (!(!Main.hardMode && !spawnInfo.Player.ZoneMeteor && !spawnInfo.Player.ZoneJungle)) && (Main.hardMode && !spawnInfo.Player.ZoneMeteor && !spawnInfo.Player.ZoneJungle && !spawnInfo.Player.ZoneCorrupt && !spawnInfo.Player.ZoneCrimson) && (!(spawnInfo.Player.ZoneOverworldHeight)) && (spawnInfo.Player.ZoneDirtLayerHeight || spawnInfo.Player.ZoneRockLayerHeight) && (!Main.dayTime),NPCs/Enemies/TibianValkyrie.cs,153
NPC Spawn Rule,TibianValkyrie,Tibian Valkyrie,Enemies,ModNPC,Natural spawn rules,1,—,700,70,30,No,No,No,SpawnChance,0.022f,Hardmode + SuperHardmode,Neutral Underground / Caverns,Underground or Caverns,Day,—,Unspecified,(!(spawnInfo.Invasion || Sky(spawnInfo.Player) || spawnInfo.Player.ZoneSnow)) && (!(spawnInfo.Player.townNPCs > 0f)) && (!(spawnInfo.Player.ZoneOverworldHeight && !Main.hardMode && !spawnInfo.Player.ZoneCrimson && !Main.dayTime)) && (!(spawnInfo.Player.ZoneOverworldHeight && !Main.hardMode && !spawnInfo.Player.ZoneCrimson && Main.dayTime)) && (!(!Main.hardMode && !spawnInfo.Player.ZoneMeteor && !spawnInfo.Player.ZoneJungle)) && (Main.hardMode && !spawnInfo.Player.ZoneMeteor && !spawnInfo.Player.ZoneJungle && !spawnInfo.Player.ZoneCorrupt && !spawnInfo.Player.ZoneCrimson) && (!(spawnInfo.Player.ZoneOverworldHeight)) && (spawnInfo.Player.ZoneDirtLayerHeight || spawnInfo.Player.ZoneRockLayerHeight) && (!(!Main.dayTime)),NPCs/Enemies/TibianValkyrie.cs,153
NPC Spawn Rule,TibianValkyrie,Tibian Valkyrie,Enemies,ModNPC,Natural spawn rules,1,—,700,70,30,No,No,No,SpawnChance,0,Pre-Hardmode,General / Custom,Any / condition-defined depth,Day and night / unspecified,—,Unspecified,(!(spawnInfo.Invasion || Sky(spawnInfo.Player) || spawnInfo.Player.ZoneSnow)) && (!(spawnInfo.Player.townNPCs > 0f)) && (!(spawnInfo.Player.ZoneOverworldHeight && !Main.hardMode && !spawnInfo.Player.ZoneCrimson && !Main.dayTime)) && (!(spawnInfo.Player.ZoneOverworldHeight && !Main.hardMode && !spawnInfo.Player.ZoneCrimson && Main.dayTime)) && (!Main.hardMode && !spawnInfo.Player.ZoneMeteor && !spawnInfo.Player.ZoneJungle) && (!(!spawnInfo.Player.ZoneDungeon && !spawnInfo.Player.ZoneCorrupt && !spawnInfo.Player.ZoneCrimson && (spawnInfo.Player.ZoneDirtLayerHeight || spawnInfo.Player.ZoneRockLayerHeight) && Main.dayTime)) && (!(!spawnInfo.Player.ZoneDungeon && !spawnInfo.Player.ZoneCorrupt && !spawnInfo.Player.ZoneCrimson && (spawnInfo.Player.ZoneDirtLayerHeight || spawnInfo.Player.ZoneRockLayerHeight) && !Main.dayTime)) && (!(spawnInfo.Player.ZoneDungeon && (spawnInfo.Player.ZoneDirtLayerHeight || spawnInfo.Player.ZoneRockLayerHeight))) && (Main.hardMode && !spawnInfo.Player.ZoneMeteor && !spawnInfo.Player.ZoneJungle && !spawnInfo.Player.ZoneCorrupt && !spawnInfo.Player.ZoneCrimson) && (!(spawnInfo.Player.ZoneOverworldHeight)) && (!(spawnInfo.Player.ZoneDirtLayerHeight || spawnInfo.Player.ZoneRockLayerHeight)),NPCs/Enemies/TibianValkyrie.cs,156
NPC Spawn Rule,TibianValkyrie,Tibian Valkyrie,Enemies,ModNPC,Natural spawn rules,1,—,700,70,30,No,No,No,SpawnChance,0,Pre-Hardmode,General / Custom,Any / condition-defined depth,Day and night / unspecified,—,Unspecified,(!(spawnInfo.Invasion || Sky(spawnInfo.Player) || spawnInfo.Player.ZoneSnow)) && (!(spawnInfo.Player.townNPCs > 0f)) && (!(spawnInfo.Player.ZoneOverworldHeight && !Main.hardMode && !spawnInfo.Player.ZoneCrimson && !Main.dayTime)) && (!(spawnInfo.Player.ZoneOverworldHeight && !Main.hardMode && !spawnInfo.Player.ZoneCrimson && Main.dayTime)) && (!Main.hardMode && !spawnInfo.Player.ZoneMeteor && !spawnInfo.Player.ZoneJungle) && (!(!spawnInfo.Player.ZoneDungeon && !spawnInfo.Player.ZoneCorrupt && !spawnInfo.Player.ZoneCrimson && (spawnInfo.Player.ZoneDirtLayerHeight || spawnInfo.Player.ZoneRockLayerHeight) && Main.dayTime)) && (!(!spawnInfo.Player.ZoneDungeon && !spawnInfo.Player.ZoneCorrupt && !spawnInfo.Player.ZoneCrimson && (spawnInfo.Player.ZoneDirtLayerHeight || spawnInfo.Player.ZoneRockLayerHeight) && !Main.dayTime)) && (!(spawnInfo.Player.ZoneDungeon && (spawnInfo.Player.ZoneDirtLayerHeight || spawnInfo.Player.ZoneRockLayerHeight))) && (!(Main.hardMode && !spawnInfo.Player.ZoneMeteor && !spawnInfo.Player.ZoneJungle && !spawnInfo.Player.ZoneCorrupt && !spawnInfo.Player.ZoneCrimson)),NPCs/Enemies/TibianValkyrie.cs,156
NPC Spawn Rule,TibianValkyrie,Tibian Valkyrie,Enemies,ModNPC,Natural spawn rules,1,—,700,70,30,No,No,No,SpawnChance,0,Hardmode + SuperHardmode,General / Custom,Any / condition-defined depth,Day and night / unspecified,—,Unspecified,(!(spawnInfo.Invasion || Sky(spawnInfo.Player) || spawnInfo.Player.ZoneSnow)) && (!(spawnInfo.Player.townNPCs > 0f)) && (!(spawnInfo.Player.ZoneOverworldHeight && !Main.hardMode && !spawnInfo.Player.ZoneCrimson && !Main.dayTime)) && (!(spawnInfo.Player.ZoneOverworldHeight && !Main.hardMode && !spawnInfo.Player.ZoneCrimson && Main.dayTime)) && (!(!Main.hardMode && !spawnInfo.Player.ZoneMeteor && !spawnInfo.Player.ZoneJungle)) && (Main.hardMode && !spawnInfo.Player.ZoneMeteor && !spawnInfo.Player.ZoneJungle && !spawnInfo.Player.ZoneCorrupt && !spawnInfo.Player.ZoneCrimson) && (!(spawnInfo.Player.ZoneOverworldHeight)) && (!(spawnInfo.Player.ZoneDirtLayerHeight || spawnInfo.Player.ZoneRockLayerHeight)),NPCs/Enemies/TibianValkyrie.cs,156
NPC Spawn Rule,TibianValkyrie,Tibian Valkyrie,Enemies,ModNPC,Natural spawn rules,1,—,700,70,30,No,No,No,SpawnChance,0,Pre-Hardmode + Hardmode + SuperHardmode,General / Custom,Any / condition-defined depth,Day and night / unspecified,—,Unspecified,(!(spawnInfo.Invasion || Sky(spawnInfo.Player) || spawnInfo.Player.ZoneSnow)) && (!(spawnInfo.Player.townNPCs > 0f)) && (!(spawnInfo.Player.ZoneOverworldHeight && !Main.hardMode && !spawnInfo.Player.ZoneCrimson && !Main.dayTime)) && (!(spawnInfo.Player.ZoneOverworldHeight && !Main.hardMode && !spawnInfo.Player.ZoneCrimson && Main.dayTime)) && (!(!Main.hardMode && !spawnInfo.Player.ZoneMeteor && !spawnInfo.Player.ZoneJungle)) && (!(Main.hardMode && !spawnInfo.Player.ZoneMeteor && !spawnInfo.Player.ZoneJungle && !spawnInfo.Player.ZoneCorrupt && !spawnInfo.Player.ZoneCrimson)),NPCs/Enemies/TibianValkyrie.cs,156
NPC Spawn Rule,TibianValkyrieSmart4,Tibian Valkyrie Smart4,Enemies,ModNPC,Natural spawning disabled,1,—,700,70,30,No,No,No,SpawnChance,0f,Pre-Hardmode + Hardmode + SuperHardmode,General / Custom,Any / condition-defined depth,Day and night / unspecified,—,Unspecified,Always,NPCs/Enemies/TibianValkyrieSmart4.cs,88
NPC Spawn Rule,Tonberry,Tonberry,Enemies,ModNPC,Natural spawn rules,5,—,3500,0,67,No,No,No,SpawnChance,0f,Pre-Hardmode + Hardmode + SuperHardmode,General / Custom,Any / condition-defined depth,Day and night / unspecified,—,Required,(spawnInfo.Water),NPCs/Enemies/Tonberry.cs,60
NPC Spawn Rule,Tonberry,Tonberry,Enemies,ModNPC,Natural spawn rules,5,—,3500,0,67,No,No,No,SpawnChance,1,Hardmode + SuperHardmode,General / Custom,Any / condition-defined depth,Day and night / unspecified,1/200,Excluded,(!(spawnInfo.Water)) && (Main.hardMode && !(spawnInfo.SpawnTileX > (Main.maxTilesX - 800)) && Main.rand.NextBool(200)),NPCs/Enemies/Tonberry.cs,62
NPC Spawn Rule,Tonberry,Tonberry,Enemies,ModNPC,Natural spawn rules,5,—,3500,0,67,No,No,No,SpawnChance,1,SuperHardmode,Dungeon,Any / condition-defined depth,Day and night / unspecified,1/30,Excluded,(!(spawnInfo.Water)) && (!(Main.hardMode && !(spawnInfo.SpawnTileX > (Main.maxTilesX - 800)) && Main.rand.NextBool(200))) && (tsorcRevampWorld.SuperHardMode && spawnInfo.Player.ZoneDungeon && Main.rand.NextBool(30)),NPCs/Enemies/Tonberry.cs,64
NPC Spawn Rule,Tonberry,Tonberry,Enemies,ModNPC,Natural spawn rules,5,—,3500,0,67,No,No,No,SpawnChance,1,SuperHardmode,Jungle,Any / condition-defined depth,Day and night / unspecified,1/75,Excluded,(!(spawnInfo.Water)) && (!(Main.hardMode && !(spawnInfo.SpawnTileX > (Main.maxTilesX - 800)) && Main.rand.NextBool(200))) && (!(tsorcRevampWorld.SuperHardMode && spawnInfo.Player.ZoneDungeon && Main.rand.NextBool(30))) && (tsorcRevampWorld.SuperHardMode && spawnInfo.Player.ZoneJungle && Main.rand.NextBool(75)),NPCs/Enemies/Tonberry.cs,66
NPC Spawn Rule,Tonberry,Tonberry,Enemies,ModNPC,Natural spawn rules,5,—,3500,0,67,No,No,No,SpawnChance,1,SuperHardmode,General / Custom,Any / condition-defined depth,Night,1/100,Excluded,(!(spawnInfo.Water)) && (!(Main.hardMode && !(spawnInfo.SpawnTileX > (Main.maxTilesX - 800)) && Main.rand.NextBool(200))) && (!(tsorcRevampWorld.SuperHardMode && spawnInfo.Player.ZoneDungeon && Main.rand.NextBool(30))) && (!(tsorcRevampWorld.SuperHardMode && spawnInfo.Player.ZoneJungle && Main.rand.NextBool(75))) && (tsorcRevampWorld.SuperHardMode && !Main.dayTime && (spawnInfo.SpawnTileY >= Main.rockLayer && spawnInfo.SpawnTileY < (Main.maxTilesY - 200) * 16) && Main.rand.NextBool(100)),NPCs/Enemies/Tonberry.cs,68
NPC Spawn Rule,Tonberry,Tonberry,Enemies,ModNPC,Natural spawn rules,5,—,3500,0,67,No,No,No,SpawnChance,1,SuperHardmode,General / Custom,Any / condition-defined depth,Night,1/100,Excluded,(!(spawnInfo.Water)) && (!(Main.hardMode && !(spawnInfo.SpawnTileX > (Main.maxTilesX - 800)) && Main.rand.NextBool(200))) && (!(tsorcRevampWorld.SuperHardMode && spawnInfo.Player.ZoneDungeon && Main.rand.NextBool(30))) && (!(tsorcRevampWorld.SuperHardMode && spawnInfo.Player.ZoneJungle && Main.rand.NextBool(75))) && (!(tsorcRevampWorld.SuperHardMode && !Main.dayTime && (spawnInfo.SpawnTileY >= Main.rockLayer && spawnInfo.SpawnTileY < (Main.maxTilesY - 200) * 16) && Main.rand.NextBool(100))) && (tsorcRevampWorld.SuperHardMode && !Main.dayTime && Main.rand.NextBool(100)),NPCs/Enemies/Tonberry.cs,70
NPC Spawn Rule,Tonberry,Tonberry,Enemies,ModNPC,Natural spawn rules,5,—,3500,0,67,No,No,No,SpawnChance,0,Pre-Hardmode + Hardmode + SuperHardmode,General / Custom,Any / condition-defined depth,Day and night / unspecified,—,Excluded,(!(spawnInfo.Water)) && (!(Main.hardMode && !(spawnInfo.SpawnTileX > (Main.maxTilesX - 800)) && Main.rand.NextBool(200))) && (!(tsorcRevampWorld.SuperHardMode && spawnInfo.Player.ZoneDungeon && Main.rand.NextBool(30))) && (!(tsorcRevampWorld.SuperHardMode && spawnInfo.Player.ZoneJungle && Main.rand.NextBool(75))) && (!(tsorcRevampWorld.SuperHardMode && !Main.dayTime && (spawnInfo.SpawnTileY >= Main.rockLayer && spawnInfo.SpawnTileY < (Main.maxTilesY - 200) * 16) && Main.rand.NextBool(100))) && (!(tsorcRevampWorld.SuperHardMode && !Main.dayTime && Main.rand.NextBool(100))),NPCs/Enemies/Tonberry.cs,72
NPC,TrueDeath,Absolute Death,Special,ModNPC,No natural spawn method,10,—,100000,300,55,Yes,No,No,None,—,—,—,—,—,—,—,—,NPCs/Special/TrueDeath.cs,21
NPC Spawn Rule,UndeadCaster,Undead Caster,Enemies,ModNPC,Natural spawn rules,1,—,120,0,15,No,No,No,SpawnChance,0.0285f,Pre-Hardmode,Neutral Underground / Caverns,Caverns,Day,—,Unspecified,(!Main.hardMode && spawnInfo.Player.ZoneRockLayerHeight && !spawnInfo.Player.ZoneDungeon && !spawnInfo.Player.ZoneJungle && Main.dayTime),NPCs/Enemies/UndeadCaster.cs,58
NPC Spawn Rule,UndeadCaster,Undead Caster,Enemies,ModNPC,Natural spawn rules,1,—,120,0,15,No,No,No,SpawnChance,0.05f,Pre-Hardmode,Neutral Underground / Caverns,Caverns,Night,—,Unspecified,(!(!Main.hardMode && spawnInfo.Player.ZoneRockLayerHeight && !spawnInfo.Player.ZoneDungeon && !spawnInfo.Player.ZoneJungle && Main.dayTime)) && (!Main.hardMode && spawnInfo.Player.ZoneRockLayerHeight && !spawnInfo.Player.ZoneDungeon && !spawnInfo.Player.ZoneJungle && !Main.dayTime),NPCs/Enemies/UndeadCaster.cs,59
NPC Spawn Rule,UndeadCaster,Undead Caster,Enemies,ModNPC,Natural spawn rules,1,—,120,0,15,No,No,No,SpawnChance,0.025f,Pre-Hardmode,General / Custom,Any / condition-defined depth,Night,—,Unspecified,(!(!Main.hardMode && spawnInfo.Player.ZoneRockLayerHeight && !spawnInfo.Player.ZoneDungeon && !spawnInfo.Player.ZoneJungle && Main.dayTime)) && (!(!Main.hardMode && spawnInfo.Player.ZoneRockLayerHeight && !spawnInfo.Player.ZoneDungeon && !spawnInfo.Player.ZoneJungle && !Main.dayTime)) && (!Main.hardMode && Sky(spawnInfo.Player) && !Main.dayTime),NPCs/Enemies/UndeadCaster.cs,60
NPC Spawn Rule,UndeadCaster,Undead Caster,Enemies,ModNPC,Natural spawn rules,1,—,120,0,15,No,No,No,SpawnChance,0.05f,Pre-Hardmode,General / Custom,Any / condition-defined depth,Day,—,Unspecified,(!(!Main.hardMode && spawnInfo.Player.ZoneRockLayerHeight && !spawnInfo.Player.ZoneDungeon && !spawnInfo.Player.ZoneJungle && Main.dayTime)) && (!(!Main.hardMode && spawnInfo.Player.ZoneRockLayerHeight && !spawnInfo.Player.ZoneDungeon && !spawnInfo.Player.ZoneJungle && !Main.dayTime)) && (!(!Main.hardMode && Sky(spawnInfo.Player) && !Main.dayTime)) && (!Main.hardMode && Sky(spawnInfo.Player) && Main.dayTime),NPCs/Enemies/UndeadCaster.cs,61
NPC Spawn Rule,UndeadCaster,Undead Caster,Enemies,ModNPC,Natural spawn rules,1,—,120,0,15,No,No,No,SpawnChance,0.1f,Pre-Hardmode,Snow,Any / condition-defined depth,Day and night / unspecified,—,Unspecified,(!(!Main.hardMode && spawnInfo.Player.ZoneRockLayerHeight && !spawnInfo.Player.ZoneDungeon && !spawnInfo.Player.ZoneJungle && Main.dayTime)) && (!(!Main.hardMode && spawnInfo.Player.ZoneRockLayerHeight && !spawnInfo.Player.ZoneDungeon && !spawnInfo.Player.ZoneJungle && !Main.dayTime)) && (!(!Main.hardMode && Sky(spawnInfo.Player) && !Main.dayTime)) && (!(!Main.hardMode && Sky(spawnInfo.Player) && Main.dayTime)) && (!Main.hardMode && spawnInfo.Player.ZoneSnow),NPCs/Enemies/UndeadCaster.cs,62
NPC Spawn Rule,UndeadCaster,Undead Caster,Enemies,ModNPC,Natural spawn rules,1,—,120,0,15,No,No,No,SpawnChance,0.033f,Pre-Hardmode,Neutral Underground / Caverns,Caverns,Night,—,Unspecified,(!(!Main.hardMode && spawnInfo.Player.ZoneRockLayerHeight && !spawnInfo.Player.ZoneDungeon && !spawnInfo.Player.ZoneJungle && Main.dayTime)) && (!(!Main.hardMode && spawnInfo.Player.ZoneRockLayerHeight && !spawnInfo.Player.ZoneDungeon && !spawnInfo.Player.ZoneJungle && !Main.dayTime)) && (!(!Main.hardMode && Sky(spawnInfo.Player) && !Main.dayTime)) && (!(!Main.hardMode && Sky(spawnInfo.Player) && Main.dayTime)) && (!(!Main.hardMode && spawnInfo.Player.ZoneSnow)) && (!Main.hardMode && (spawnInfo.Player.ZoneRockLayerHeight && !(!spawnInfo.Player.ZoneDungeon && spawnInfo.Player.ZoneCorrupt || spawnInfo.Player.ZoneCrimson || spawnInfo.Player.ZoneJungle)) && !Main.dayTime),NPCs/Enemies/UndeadCaster.cs,63
NPC Spawn Rule,UndeadCaster,Undead Caster,Enemies,ModNPC,Natural spawn rules,1,—,120,0,15,No,No,No,SpawnChance,0,Pre-Hardmode + Hardmode + SuperHardmode,General / Custom,Any / condition-defined depth,Day and night / unspecified,—,Unspecified,(!(!Main.hardMode && spawnInfo.Player.ZoneRockLayerHeight && !spawnInfo.Player.ZoneDungeon && !spawnInfo.Player.ZoneJungle && Main.dayTime)) && (!(!Main.hardMode && spawnInfo.Player.ZoneRockLayerHeight && !spawnInfo.Player.ZoneDungeon && !spawnInfo.Player.ZoneJungle && !Main.dayTime)) && (!(!Main.hardMode && Sky(spawnInfo.Player) && !Main.dayTime)) && (!(!Main.hardMode && Sky(spawnInfo.Player) && Main.dayTime)) && (!(!Main.hardMode && spawnInfo.Player.ZoneSnow)) && (!(!Main.hardMode && (spawnInfo.Player.ZoneRockLayerHeight && !(!spawnInfo.Player.ZoneDungeon && spawnInfo.Player.ZoneCorrupt || spawnInfo.Player.ZoneCrimson || spawnInfo.Player.ZoneJungle)) && !Main.dayTime)),NPCs/Enemies/UndeadCaster.cs,65
NPC Spawn Rule,VampireBat,Vampire Bat,Enemies,ModNPC,Natural spawn rules,1,—,1300,63,60,No,No,No,SpawnChance,0.125f,SuperHardmode,Corruption + Crimson,Any / condition-defined depth,Day and night / unspecified,—,Unspecified,(tsorcRevampWorld.SuperHardMode) && (spawnInfo.Player.ZoneCorrupt || spawnInfo.Player.ZoneCrimson),NPCs/Enemies/SuperHardMode/VampireBat.cs,43
NPC Spawn Rule,VampireBat,Vampire Bat,Enemies,ModNPC,Natural spawn rules,1,—,1300,63,60,No,No,No,SpawnChance,0.0167f,SuperHardmode,General / Custom,Any / condition-defined depth,Day and night / unspecified,—,Unspecified,(tsorcRevampWorld.SuperHardMode) && (!(spawnInfo.Player.ZoneCorrupt || spawnInfo.Player.ZoneCrimson)) && (Underworld(spawnInfo.Player)),NPCs/Enemies/SuperHardMode/VampireBat.cs,47
NPC Spawn Rule,VampireBat,Vampire Bat,Enemies,ModNPC,Natural spawn rules,1,—,1300,63,60,No,No,No,SpawnChance,0.03f,SuperHardmode,Hallow,Any / condition-defined depth,Day and night / unspecified,—,Unspecified,(tsorcRevampWorld.SuperHardMode) && (!(spawnInfo.Player.ZoneCorrupt || spawnInfo.Player.ZoneCrimson)) && (!(Underworld(spawnInfo.Player))) && (spawnInfo.Player.ZoneHallow),NPCs/Enemies/SuperHardMode/VampireBat.cs,51
NPC Spawn Rule,VampireBat,Vampire Bat,Enemies,ModNPC,Natural spawn rules,1,—,1300,63,60,No,No,No,SpawnChance,0,SuperHardmode,General / Custom,Any / condition-defined depth,Day and night / unspecified,—,Unspecified,(tsorcRevampWorld.SuperHardMode) && (!(spawnInfo.Player.ZoneCorrupt || spawnInfo.Player.ZoneCrimson)) && (!(Underworld(spawnInfo.Player))) && (!(spawnInfo.Player.ZoneHallow)),NPCs/Enemies/SuperHardMode/VampireBat.cs,54
NPC Spawn Rule,VampireBat,Vampire Bat,Enemies,ModNPC,Natural spawn rules,1,—,1300,63,60,No,No,No,SpawnChance,0,Pre-Hardmode + Hardmode,General / Custom,Any / condition-defined depth,Day and night / unspecified,—,Unspecified,(!(tsorcRevampWorld.SuperHardMode)),NPCs/Enemies/SuperHardMode/VampireBat.cs,54
NPC Spawn Rule,VesselOfSouls,Vessel of Souls,Bosses,ModNPC,Natural spawning disabled,20f,—,3000,24,12,Yes,No,No,SpawnChance,0f,Pre-Hardmode + Hardmode + SuperHardmode,General / Custom,Any / condition-defined depth,Day and night / unspecified,—,Unspecified,Always,NPCs/Bosses/VesselOfSouls/VesselOfSouls.cs,151
NPC Spawn Rule,VesselWatcher,Strange Eye,Bosses,ModNPC,Natural spawning disabled,0.5f,—,50,0,0,No,No,No,SpawnChance,0f,Pre-Hardmode + Hardmode + SuperHardmode,General / Custom,Any / condition-defined depth,Day and night / unspecified,—,Unspecified,Always,NPCs/Bosses/VesselOfSouls/VesselWatcher.cs,74
NPC,ViciousSpit,Vicious Spit,Enemies,ModNPC,No natural spawn method,1,—,1,70,0,No,No,No,None,—,—,—,—,—,—,—,—,NPCs/Enemies/ViciousSpit.cs,8
NPC Spawn Rule,Warlock,Warlock,Enemies,ModNPC,Natural spawn rules,5,—,750,20,5,No,No,No,SpawnChance,0,Pre-Hardmode + Hardmode + SuperHardmode,General / Custom,Any / condition-defined depth,Day and night / unspecified,—,Unspecified,(!NPC.downedBoss1),NPCs/Enemies/Warlock.cs,79
NPC Spawn Rule,Warlock,Warlock,Enemies,ModNPC,Natural spawn rules,5,—,750,20,5,No,No,No,SpawnChance,1,Pre-Hardmode,General / Custom,Caverns,Day and night / unspecified,1/1200,Unspecified,(!(!NPC.downedBoss1)) && (!Main.hardMode && spawnInfo.Player.ZoneRockLayerHeight) && (Main.rand.NextBool(1200)),NPCs/Enemies/Warlock.cs,109
NPC Spawn Rule,Warlock,Warlock,Enemies,ModNPC,Natural spawn rules,5,—,750,20,5,No,No,No,SpawnChance,1,Pre-Hardmode,General / Custom,Caverns,Day and night / unspecified,1/430,Unspecified,(!(!NPC.downedBoss1)) && (!Main.hardMode && spawnInfo.Player.ZoneRockLayerHeight) && (!(Main.rand.NextBool(1200))) && ((spawnInfo.SpawnTileX < Main.maxTilesX * 0.3f || spawnInfo.SpawnTileX > Main.maxTilesX * 0.7f) && Main.rand.NextBool(430)),NPCs/Enemies/Warlock.cs,112
NPC Spawn Rule,Warlock,Warlock,Enemies,ModNPC,Natural spawn rules,5,—,750,20,5,No,No,No,SpawnChance,1,Pre-Hardmode,Jungle,Underground or Caverns,Day and night / unspecified,1/600,Unspecified,(!(!NPC.downedBoss1)) && (!Main.hardMode && spawnInfo.Player.ZoneRockLayerHeight) && (!(Main.rand.NextBool(1200))) && (!((spawnInfo.SpawnTileX < Main.maxTilesX * 0.3f || spawnInfo.SpawnTileX > Main.maxTilesX * 0.7f) && Main.rand.NextBool(430))) && (Main.hardMode && (spawnInfo.Player.ZoneRockLayerHeight || spawnInfo.Player.ZoneDirtLayerHeight || spawnInfo.Player.ZoneJungle)) && (Main.rand.NextBool(600)),NPCs/Enemies/Warlock.cs,118
NPC Spawn Rule,Warlock,Warlock,Enemies,ModNPC,Natural spawn rules,5,—,750,20,5,No,No,No,SpawnChance,1,Hardmode + SuperHardmode,Jungle,Underground or Caverns,Day and night / unspecified,1/600,Unspecified,(!(!NPC.downedBoss1)) && (!(!Main.hardMode && spawnInfo.Player.ZoneRockLayerHeight)) && (Main.hardMode && (spawnInfo.Player.ZoneRockLayerHeight || spawnInfo.Player.ZoneDirtLayerHeight || spawnInfo.Player.ZoneJungle)) && (Main.rand.NextBool(600)),NPCs/Enemies/Warlock.cs,118
NPC Spawn Rule,Warlock,Warlock,Enemies,ModNPC,Natural spawn rules,5,—,750,20,5,No,No,No,SpawnChance,1,Pre-Hardmode,Jungle,Underground or Caverns,Day and night / unspecified,1/300,Unspecified,(!(!NPC.downedBoss1)) && (!Main.hardMode && spawnInfo.Player.ZoneRockLayerHeight) && (!(Main.rand.NextBool(1200))) && (!((spawnInfo.SpawnTileX < Main.maxTilesX * 0.3f || spawnInfo.SpawnTileX > Main.maxTilesX * 0.7f) && Main.rand.NextBool(430))) && (Main.hardMode && (spawnInfo.Player.ZoneRockLayerHeight || spawnInfo.Player.ZoneDirtLayerHeight || spawnInfo.Player.ZoneJungle)) && (!(Main.rand.NextBool(600))) && ((spawnInfo.SpawnTileX < Main.maxTilesX * 0.3f || spawnInfo.SpawnTileX > Main.maxTilesX * 0.7f) && Main.rand.NextBool(300)),NPCs/Enemies/Warlock.cs,121
NPC Spawn Rule,Warlock,Warlock,Enemies,ModNPC,Natural spawn rules,5,—,750,20,5,No,No,No,SpawnChance,1,Hardmode + SuperHardmode,Jungle,Underground or Caverns,Day and night / unspecified,1/300,Unspecified,(!(!NPC.downedBoss1)) && (!(!Main.hardMode && spawnInfo.Player.ZoneRockLayerHeight)) && (Main.hardMode && (spawnInfo.Player.ZoneRockLayerHeight || spawnInfo.Player.ZoneDirtLayerHeight || spawnInfo.Player.ZoneJungle)) && (!(Main.rand.NextBool(600))) && ((spawnInfo.SpawnTileX < Main.maxTilesX * 0.3f || spawnInfo.SpawnTileX > Main.maxTilesX * 0.7f) && Main.rand.NextBool(300)),NPCs/Enemies/Warlock.cs,121
NPC Spawn Rule,Warlock,Warlock,Enemies,ModNPC,Natural spawn rules,5,—,750,20,5,No,No,No,SpawnChance,0,Pre-Hardmode,Jungle,Underground or Caverns,Day and night / unspecified,—,Unspecified,(!(!NPC.downedBoss1)) && (!Main.hardMode && spawnInfo.Player.ZoneRockLayerHeight) && (!(Main.rand.NextBool(1200))) && (!((spawnInfo.SpawnTileX < Main.maxTilesX * 0.3f || spawnInfo.SpawnTileX > Main.maxTilesX * 0.7f) && Main.rand.NextBool(430))) && (Main.hardMode && (spawnInfo.Player.ZoneRockLayerHeight || spawnInfo.Player.ZoneDirtLayerHeight || spawnInfo.Player.ZoneJungle)) && (!(Main.rand.NextBool(600))) && (!((spawnInfo.SpawnTileX < Main.maxTilesX * 0.3f || spawnInfo.SpawnTileX > Main.maxTilesX * 0.7f) && Main.rand.NextBool(300))),NPCs/Enemies/Warlock.cs,124
NPC Spawn Rule,Warlock,Warlock,Enemies,ModNPC,Natural spawn rules,5,—,750,20,5,No,No,No,SpawnChance,0,Pre-Hardmode,General / Custom,Caverns,Day and night / unspecified,—,Unspecified,(!(!NPC.downedBoss1)) && (!Main.hardMode && spawnInfo.Player.ZoneRockLayerHeight) && (!(Main.rand.NextBool(1200))) && (!((spawnInfo.SpawnTileX < Main.maxTilesX * 0.3f || spawnInfo.SpawnTileX > Main.maxTilesX * 0.7f) && Main.rand.NextBool(430))) && (!(Main.hardMode && (spawnInfo.Player.ZoneRockLayerHeight || spawnInfo.Player.ZoneDirtLayerHeight || spawnInfo.Player.ZoneJungle))),NPCs/Enemies/Warlock.cs,124
NPC Spawn Rule,Warlock,Warlock,Enemies,ModNPC,Natural spawn rules,5,—,750,20,5,No,No,No,SpawnChance,0,Hardmode + SuperHardmode,Jungle,Underground or Caverns,Day and night / unspecified,—,Unspecified,(!(!NPC.downedBoss1)) && (!(!Main.hardMode && spawnInfo.Player.ZoneRockLayerHeight)) && (Main.hardMode && (spawnInfo.Player.ZoneRockLayerHeight || spawnInfo.Player.ZoneDirtLayerHeight || spawnInfo.Player.ZoneJungle)) && (!(Main.rand.NextBool(600))) && (!((spawnInfo.SpawnTileX < Main.maxTilesX * 0.3f || spawnInfo.SpawnTileX > Main.maxTilesX * 0.7f) && Main.rand.NextBool(300))),NPCs/Enemies/Warlock.cs,124
NPC Spawn Rule,Warlock,Warlock,Enemies,ModNPC,Natural spawn rules,5,—,750,20,5,No,No,No,SpawnChance,0,Pre-Hardmode + Hardmode + SuperHardmode,General / Custom,Any / condition-defined depth,Day and night / unspecified,—,Unspecified,(!(!NPC.downedBoss1)) && (!(!Main.hardMode && spawnInfo.Player.ZoneRockLayerHeight)) && (!(Main.hardMode && (spawnInfo.Player.ZoneRockLayerHeight || spawnInfo.Player.ZoneDirtLayerHeight || spawnInfo.Player.ZoneJungle))),NPCs/Enemies/Warlock.cs,124
NPC,WaterFiendKraken,Water Fiend Kraken,Bosses,ModNPC,No natural spawn method,1,—,325000,trueContactDamage,35,Yes,No,No,None,—,—,—,—,—,—,—,—,NPCs/Bosses/SuperHardMode/Fiends/WaterFiendKraken.cs,18
NPC Spawn Rule,WaterSpirit,Water Spirit,Enemies,ModNPC,Natural spawning disabled,5,—,600,38,18,No,No,No,SpawnChance,0,Pre-Hardmode + Hardmode + SuperHardmode,General / Custom,Any / condition-defined depth,Day and night / unspecified,—,Unspecified,Always,NPCs/Enemies/WaterSpirit.cs,64
NPC Spawn Rule,Willowisp,Willowisp,Enemies,ModNPC,Natural spawn rules,1,—,350,65,15,No,No,No,SpawnChance,0,Pre-Hardmode + Hardmode + SuperHardmode,General / Custom,Any / condition-defined depth,Day and night / unspecified,—,Unspecified,(spawnInfo.Player.townNPCs > 0f),NPCs/Enemies/Willowisp.cs,74
NPC Spawn Rule,Willowisp,Willowisp,Enemies,ModNPC,Natural spawn rules,1,—,350,65,15,No,No,No,SpawnChance,1,Hardmode + SuperHardmode,Hallow,Any / condition-defined depth,Day and night / unspecified,1/85,Unspecified,(!(spawnInfo.Player.townNPCs > 0f)) && (Main.hardMode && !spawnInfo.Player.ZoneMeteor && !spawnInfo.Player.ZoneJungle && !spawnInfo.Player.ZoneDungeon && !(spawnInfo.Player.ZoneCorrupt || spawnInfo.Player.ZoneCrimson) && spawnInfo.Player.ZoneHallow && Main.rand.NextBool(85)),NPCs/Enemies/Willowisp.cs,76
NPC Spawn Rule,Willowisp,Willowisp,Enemies,ModNPC,Natural spawn rules,1,—,350,65,15,No,No,No,SpawnChance,1,Hardmode + SuperHardmode,Hallow,Underground,Day and night / unspecified,1/55,Unspecified,(!(spawnInfo.Player.townNPCs > 0f)) && (!(Main.hardMode && !spawnInfo.Player.ZoneMeteor && !spawnInfo.Player.ZoneJungle && !spawnInfo.Player.ZoneDungeon && !(spawnInfo.Player.ZoneCorrupt || spawnInfo.Player.ZoneCrimson) && spawnInfo.Player.ZoneHallow && Main.rand.NextBool(85))) && (Main.hardMode && !spawnInfo.Player.ZoneMeteor && !spawnInfo.Player.ZoneJungle && !spawnInfo.Player.ZoneDungeon && !(spawnInfo.Player.ZoneCorrupt || spawnInfo.Player.ZoneCrimson) && spawnInfo.Player.ZoneHallow && spawnInfo.Player.ZoneDirtLayerHeight && Main.rand.NextBool(55)),NPCs/Enemies/Willowisp.cs,78
NPC Spawn Rule,Willowisp,Willowisp,Enemies,ModNPC,Natural spawn rules,1,—,350,65,15,No,No,No,SpawnChance,1,Hardmode + SuperHardmode,Hallow,Caverns,Day and night / unspecified,1/30,Unspecified,(!(spawnInfo.Player.townNPCs > 0f)) && (!(Main.hardMode && !spawnInfo.Player.ZoneMeteor && !spawnInfo.Player.ZoneJungle && !spawnInfo.Player.ZoneDungeon && !(spawnInfo.Player.ZoneCorrupt || spawnInfo.Player.ZoneCrimson) && spawnInfo.Player.ZoneHallow && Main.rand.NextBool(85))) && (!(Main.hardMode && !spawnInfo.Player.ZoneMeteor && !spawnInfo.Player.ZoneJungle && !spawnInfo.Player.ZoneDungeon && !(spawnInfo.Player.ZoneCorrupt || spawnInfo.Player.ZoneCrimson) && spawnInfo.Player.ZoneHallow && spawnInfo.Player.ZoneDirtLayerHeight && Main.rand.NextBool(55))) && (Main.hardMode && !spawnInfo.Player.ZoneMeteor && !spawnInfo.Player.ZoneJungle && !spawnInfo.Player.ZoneDungeon && !(spawnInfo.Player.ZoneCorrupt || spawnInfo.Player.ZoneCrimson) && spawnInfo.Player.ZoneHallow && spawnInfo.Player.ZoneRockLayerHeight && Main.rand.NextBool(30)),NPCs/Enemies/Willowisp.cs,80
NPC Spawn Rule,Willowisp,Willowisp,Enemies,ModNPC,Natural spawn rules,1,—,350,65,15,No,No,No,SpawnChance,1,Hardmode + SuperHardmode,General / Custom,Any / condition-defined depth,Day and night / unspecified,1/15,Unspecified,(!(spawnInfo.Player.townNPCs > 0f)) && (!(Main.hardMode && !spawnInfo.Player.ZoneMeteor && !spawnInfo.Player.ZoneJungle && !spawnInfo.Player.ZoneDungeon && !(spawnInfo.Player.ZoneCorrupt || spawnInfo.Player.ZoneCrimson) && spawnInfo.Player.ZoneHallow && Main.rand.NextBool(85))) && (!(Main.hardMode && !spawnInfo.Player.ZoneMeteor && !spawnInfo.Player.ZoneJungle && !spawnInfo.Player.ZoneDungeon && !(spawnInfo.Player.ZoneCorrupt || spawnInfo.Player.ZoneCrimson) && spawnInfo.Player.ZoneHallow && spawnInfo.Player.ZoneDirtLayerHeight && Main.rand.NextBool(55))) && (!(Main.hardMode && !spawnInfo.Player.ZoneMeteor && !spawnInfo.Player.ZoneJungle && !spawnInfo.Player.ZoneDungeon && !(spawnInfo.Player.ZoneCorrupt || spawnInfo.Player.ZoneCrimson) && spawnInfo.Player.ZoneHallow && spawnInfo.Player.ZoneRockLayerHeight && Main.rand.NextBool(30))) && (Main.hardMode && (spawnInfo.SpawnTileX < 800) && Main.rand.NextBool(15)),NPCs/Enemies/Willowisp.cs,82
NPC Spawn Rule,Willowisp,Willowisp,Enemies,ModNPC,Natural spawn rules,1,—,350,65,15,No,No,No,SpawnChance,0,Pre-Hardmode + Hardmode + SuperHardmode,General / Custom,Any / condition-defined depth,Day and night / unspecified,—,Unspecified,(!(spawnInfo.Player.townNPCs > 0f)) && (!(Main.hardMode && !spawnInfo.Player.ZoneMeteor && !spawnInfo.Player.ZoneJungle && !spawnInfo.Player.ZoneDungeon && !(spawnInfo.Player.ZoneCorrupt || spawnInfo.Player.ZoneCrimson) && spawnInfo.Player.ZoneHallow && Main.rand.NextBool(85))) && (!(Main.hardMode && !spawnInfo.Player.ZoneMeteor && !spawnInfo.Player.ZoneJungle && !spawnInfo.Player.ZoneDungeon && !(spawnInfo.Player.ZoneCorrupt || spawnInfo.Player.ZoneCrimson) && spawnInfo.Player.ZoneHallow && spawnInfo.Player.ZoneDirtLayerHeight && Main.rand.NextBool(55))) && (!(Main.hardMode && !spawnInfo.Player.ZoneMeteor && !spawnInfo.Player.ZoneJungle && !spawnInfo.Player.ZoneDungeon && !(spawnInfo.Player.ZoneCorrupt || spawnInfo.Player.ZoneCrimson) && spawnInfo.Player.ZoneHallow && spawnInfo.Player.ZoneRockLayerHeight && Main.rand.NextBool(30))) && (!(Main.hardMode && (spawnInfo.SpawnTileX < 800) && Main.rand.NextBool(15))),NPCs/Enemies/Willowisp.cs,85
NPC,Witchking,Witchking,Bosses,ModNPC,No natural spawn method,5,—,170000,110,65,Yes,No,No,None,—,—,—,—,—,—,—,—,NPCs/Bosses/SuperHardMode/Witchking.cs,24
NPC,WyvernMage,Wyvern Mage,Bosses,ModNPC,No natural spawn method,6,—,20000,0,20,Yes,No,No,None,—,—,—,—,—,—,—,—,NPCs/Bosses/WyvernMage/WyvernMage.cs,22
NPC,WyvernMageShadow,Wyvern Mage Shadow,Bosses,ModNPC,No natural spawn method,10,—,250000,0,60,Yes,No,No,None,—,—,—,—,—,—,—,—,NPCs/Bosses/SuperHardMode/GhostWyvernMage/WyvernMageShadow.cs,18
